date,jpm_daily_return,jpm_rolling_vol_5d,jpm_rolling_vol_20d,jpm_rolling_vol_60d,jpm_return_5d_sum,jpm_return_20d_sum,vix_level,vix_change,vix_return,vix_rolling_mean_20d,vix_jpm_corr_20d,dgs1_rate,dgs1_rate_change,dgs1_rate_momentum_20d,jpm_log_volume,jpm_dividend_amount,dividend_event_flag,dividend_growth_yoy,sentiment_score_0_1,market_stress_score_0_1,jpm_return_outlier_iqr,vix_level_outlier_iqr,jpm_daily_return_lag_1,jpm_daily_return_lag_5,jpm_daily_return_lag_20,jpm_rolling_vol_20d_lag_1,jpm_rolling_vol_20d_lag_5,jpm_rolling_vol_20d_lag_20,vix_level_lag_1,vix_level_lag_5,vix_level_lag_20,dgs1_rate_lag_1,dgs1_rate_lag_5,dgs1_rate_lag_20
2018-04-27,-0.0063577581168755,0.044613134536644,0.2412765971122036,0.281204026116729,-0.0187445774519059,-0.00013836140561340228,15.41,-0.8299999999999983,-0.0511083743842363,18.3845,-0.4870579784828481,2.24,-0.0099999999999997,0.1500000000000003,16.054516775879808,0.0,0,0.0,0.8196666666666667,0.1803333333333333,0,0,0.001000061794268,-0.0022375018206419,0.0182408926047525,0.2482269869696582,0.2967559656758795,0.2712714402981243,16.24,16.88,19.97,2.25,2.22,2.09
2018-04-30,-0.0056674591629165,0.0462628661616713,0.2312864147858318,0.280401510268741,-0.019571831170873,0.013644519415962899,15.93,0.5199999999999996,0.0337443218689161,18.0,-0.4120541463264783,2.24,0.0,0.1600000000000001,16.43617847693641,0.0,0,0.0,0.8023333333333333,0.1976666666666666,0,0,-0.0063577581168755,-0.0048445535416807,-0.0192782129055253,0.2412765971122036,0.2788391917126105,0.2785944580007347,15.41,16.34,23.62,2.24,2.25,2.08
2018-05-01,0.0,0.0528075568729055,0.2261701148800184,0.2768697393818268,-0.014873218924684403,1.4634655680198852e-05,15.49,-0.4399999999999995,-0.0276208411801631,17.7195,-0.3716907769819061,2.26,0.0199999999999995,0.1699999999999999,16.167209667443835,0.0,0,0.0,0.817,0.183,0,0,-0.0056674591629165,-0.0046875910358897,0.0137231950939831,0.2312864147858318,0.2586547533318258,0.277293898619853,15.93,18.02,21.1,2.24,2.25,2.09
2018-05-02,-0.0079057233616381,0.0638867383352374,0.2205133385892198,0.2583619323061765,-0.0189992120960758,-0.022991652196793604,15.97,0.4800000000000004,0.0309877340219497,17.514999999999997,-0.3632089593106338,2.24,-0.0199999999999995,0.1700000000000003,16.313835199182883,0.0,0,0.0,0.8009999999999999,0.199,0,0,0.0,-0.003803892907697,0.0151832596476615,0.2261701148800184,0.248424582330525,0.2841162216312729,15.49,17.84,20.06,2.26,2.26,2.07
2018-05-03,-0.006301045000953,0.0485340476440849,0.2146156662144072,0.250949958795942,-0.026319754533263302,-0.0423573719095062,15.9,-0.0700000000000002,-0.0043832185347526,17.363,-0.3355576186858353,2.24,0.0,0.1700000000000003,16.548520067797597,0.0,0,0.0,0.8033333333333333,0.1966666666666666,0,0,-0.0079057233616381,0.001000061794268,0.0131301931232108,0.2205133385892198,0.2482269869696582,0.2888383771768379,15.97,16.24,18.94,2.24,2.25,2.07
2018-05-04,0.0110965498363873,0.1232634240097945,0.2009533548566553,0.2516420555415412,-0.008906264977026202,-0.006068774931723399,14.77,-1.1300000000000008,-0.0710691823899372,17.026999999999997,-0.193031587497259,2.24,0.0,0.1800000000000001,16.29773870710336,0.0,0,0.0,0.841,0.159,0,0,-0.006301045000953,-0.0063577581168755,-0.024936968279693,0.2146156662144072,0.2412765971122036,0.3013045908599384,15.9,15.41,21.49,2.24,2.24,2.06
2018-05-07,0.0086691997611958,0.1359544408083019,0.1986123741568163,0.234460134766748,0.005409153196017598,-0.009373492780133798,14.75,-0.0199999999999995,-0.0013540961408259,16.676,-0.21526625670081,2.25,0.0099999999999997,0.1699999999999999,16.051603329061155,0.0,0,0.0,0.8416666666666667,0.1583333333333333,0,0,0.0110965498363873,-0.0056674591629165,0.0120080808600651,0.2009533548566553,0.2312864147858318,0.2843279214672804,14.77,15.93,21.77,2.24,2.24,2.08
2018-05-08,0.0148120244262173,0.1654549827745369,0.1936386283292437,0.2328693362826603,0.0201125509289352,-0.0136022862031318,14.71,-0.0399999999999991,-0.0027118644067796,16.388,-0.1356469728638766,2.26,0.0099999999999997,0.1699999999999999,16.344689323752846,0.0,0,0.0,0.843,0.157,0,0,0.0086691997611958,0.0,0.0191125414309689,0.1986123741568163,0.2261701148800184,0.29487372654763,14.75,15.49,20.47,2.25,2.26,2.09
2018-05-09,0.0218037362704441,0.1636813307886211,0.1989246548488743,0.2349393558615979,0.049619124673456395,0.0249086264258246,13.42,-1.290000000000001,-0.0876954452753229,16.047,-0.2357971916284698,2.27,0.0100000000000002,0.1800000000000001,16.246321833307924,0.0,0,0.0,0.886,0.1139999999999999,0,0,0.0148120244262173,-0.0079057233616381,-0.0167987783076402,0.1936386283292437,0.2205133385892198,0.2975842787869909,14.71,15.97,20.24,2.26,2.24,2.09
2018-05-10,0.007759400542044,0.0893432317559596,0.1809247644889055,0.2351279940276593,0.06366955626477809,0.008081869568835096,13.23,-0.1899999999999995,-0.0141579731743666,15.784,-0.1213570888224004,2.27,0.0,0.1600000000000001,16.030324094196157,0.0,0,0.0,0.8923333333333333,0.1076666666666666,0,0,0.0218037362704441,-0.006301045000953,0.0248601949087681,0.1989246548488743,0.2146156662144072,0.3100708345827326,13.42,15.9,18.49,2.27,2.24,2.11
2018-05-11,-0.003762333789692,0.1489880744634133,0.1493326115830941,0.2305304859336906,0.048864692272760295,0.0317656292047492,12.65,-0.5800000000000001,-0.0438397581254723,15.545999999999998,-0.2697577557843129,2.28,0.0099999999999997,0.1599999999999997,16.143081001184655,0.0,0,0.0,0.9116666666666666,0.0883333333333333,0,0,0.007759400542044,0.0110965498363873,-0.0270797749548709,0.1809247644889055,0.2009533548566553,0.3242082870871691,13.23,14.77,17.41,2.27,2.24,2.12
2018-05-14,0.0003516334149589,0.1638399756369334,0.1491406568618802,0.2303626117019798,0.0405844258546057,0.0329332937342115,12.93,0.2799999999999993,0.0221343873517785,15.364499999999998,-0.2848779100280663,2.28,0.0,0.1599999999999997,15.98006282779453,0.0,0,0.0,0.9023333333333332,0.0976666666666666,0,0,-0.003762333789692,0.0086691997611958,-0.0008157600097832,0.1493326115830941,0.1986123741568163,0.3239515273451011,12.65,14.75,16.56,2.28,2.25,2.12
2018-05-15,-0.0076386419370062,0.1830344679099481,0.1527046917532047,0.2304242554654731,0.018213062334320095,0.025265327946843497,14.63,1.700000000000001,0.131477184841454,15.333499999999995,-0.3761928580555723,2.31,0.0300000000000002,0.1499999999999999,16.261000562072137,0.0,0,0.0,0.8456666666666667,0.1543333333333333,0,0,0.0003516334149589,0.0148120244262173,0.0,0.1491406568618802,0.1936386283292437,0.3232737697520609,12.93,14.71,15.25,2.28,2.26,2.16
2018-05-16,0.0027427242662658,0.0940154353649029,0.1486764955365539,0.2304994106228118,-0.0006174022696825042,0.0361126849410589,13.42,-1.2100000000000009,-0.0827067669172932,15.2245,-0.3553025035351888,2.32,0.0099999999999997,0.1499999999999999,15.839849057374218,0.0,0,0.0,0.886,0.1139999999999999,0,0,-0.0076386419370062,0.0218037362704441,-0.0080756028310149,0.1527046917532047,0.1989246548488743,0.3238974376426546,14.63,13.42,15.6,2.31,2.27,2.17
2018-05-17,-0.0033525628463604,0.0637493910967172,0.1295509929679601,0.230417367395291,-0.011705048766856303,0.011038221478748094,13.43,0.0099999999999997,0.0007451564828613,15.098,-0.4794020593840247,2.32,0.0,0.1099999999999998,15.969270879933378,0.0,0,0.0,0.8856666666666667,0.1143333333333332,0,0,0.0027427242662658,0.007759400542044,0.0219537825293179,0.1486764955365539,0.1809247644889055,0.3347238157520672,13.42,13.23,15.96,2.32,2.27,2.21
2018-05-18,-0.016200544001072,0.119502260006368,0.1425825475656565,0.2327497887230463,-0.024268827177066903,-0.003054977333238706,13.42,-0.0099999999999997,-0.0007446016381236,14.925,-0.446741560732348,2.32,0.0,0.0999999999999996,16.284143929968526,0.0,0,0.0,0.886,0.1139999999999999,0,0,-0.0033525628463604,-0.003762333789692,-0.0022375018206419,0.1295509929679601,0.1493326115830941,0.2967559656758795,13.43,12.65,16.88,2.32,2.28,2.22
2018-05-21,0.009178516627176,0.1547011066379399,0.145089702361382,0.229687433375991,-0.015483748752872704,0.010937999126877592,13.08,-0.3399999999999998,-0.0253353204172875,14.762,-0.4652578966230322,2.35,0.0300000000000002,0.1,16.060667894966677,0.0,0,0.0,0.8973333333333333,0.1026666666666666,0,0,-0.016200544001072,0.0003516334149589,-0.0048445535416807,0.1425825475656565,0.1491406568618802,0.2788391917126105,13.42,12.93,16.34,2.32,2.28,2.25
2018-05-22,0.0076682485172918,0.1640881117510805,0.1457814981695964,0.2287436840482272,-0.0001767860221516043,0.02327560831641929,13.22,0.1400000000000005,0.0107033639143732,14.522,-0.430072806755886,2.34,-0.0100000000000002,0.0899999999999998,16.258518331519657,0.0,0,0.0,0.8926666666666666,0.1073333333333333,0,0,0.009178516627176,-0.0076386419370062,-0.0046875910358897,0.145089702361382,0.1527046917532047,0.2586547533318258,13.08,14.63,18.02,2.35,2.31,2.25
2018-05-23,-0.0046013135382473,0.164556042552229,0.1461711393345865,0.2277017448105871,-0.007527688050515304,0.02247482225718279,12.58,-0.6400000000000006,-0.048411497730711,14.259,-0.4003865959880995,2.29,-0.0499999999999998,0.0300000000000002,16.25384092862986,0.0,0,0.0,0.914,0.0859999999999999,0,0,0.0076682485172918,0.0027427242662658,-0.003803892907697,0.1457814981695964,0.1486764955365539,0.248424582330525,13.22,13.42,17.84,2.34,2.32,2.26
2018-05-24,-0.0112009243032356,0.1790932735460512,0.1526480082176237,0.2265467374250317,-0.015433619824930104,0.01021113313972839,12.53,-0.0500000000000007,-0.0039745627980922,14.0735,-0.4184639786197466,2.28,-0.0100000000000002,0.0299999999999998,16.4606068306873,0.0,0,0.0,0.9156666666666666,0.0843333333333333,0,0,-0.0046013135382473,-0.0033525628463604,0.001000061794268,0.1461711393345865,0.1295509929679601,0.2482269869696582,12.58,13.43,16.24,2.29,2.32,2.25
2018-05-25,-0.0051247102529428,0.1403768755476594,0.1519676878480755,0.2238022150994897,-0.004238298861377104,0.011451301257290089,13.22,0.6900000000000013,0.0550678371907422,13.964000000000002,-0.4817184977042811,2.27,-0.0099999999999997,0.0299999999999998,15.929776263082639,0.0,0,0.0,0.8926666666666666,0.1073333333333333,0,0,-0.0112009243032356,-0.016200544001072,-0.0063577581168755,0.1526480082176237,0.1425825475656565,0.2412765971122036,12.53,13.42,15.41,2.28,2.32,2.24
2018-05-29,-0.0427435937415202,0.3063872052550733,0.2181633334967008,0.2407999431059215,-0.0570589451823867,-0.026549114884636106,17.02,3.799999999999999,0.2874432677760967,14.0185,-0.7737748163618386,2.17,-0.1,-0.0700000000000002,17.237940948667468,0.0,0,0.0,0.766,0.2339999999999999,1,0,-0.0051247102529428,0.009178516627176,-0.0056674591629165,0.1519676878480755,0.145089702361382,0.2312864147858318,13.22,13.08,15.93,2.27,2.35,2.24
2018-05-30,0.0228453351748834,0.3755274172806931,0.2341357254501503,0.2433794901079233,-0.042109654098567394,-0.003960826857463705,14.94,-2.08,-0.1222091656874265,13.991,-0.8023288010290586,2.23,0.06,-0.0299999999999998,16.677185643544735,0.0,0,0.0,0.8353333333333334,0.1646666666666666,0,0,-0.0427435937415202,0.0076682485172918,0.0,0.2181633334967008,0.1457814981695964,0.2261701148800184,17.02,13.22,15.49,2.17,2.34,2.26
2018-05-31,-0.0123673220458755,0.3746367774960295,0.23664491795902,0.2444890154003229,-0.04994215574167919,-0.008468121388420605,15.43,0.4900000000000002,0.0327978580990628,13.964000000000002,-0.7997868372834324,2.23,0.0,-0.0100000000000002,16.801606601830162,0.0,0,0.0,0.819,0.181,0,0,0.0228453351748834,-0.0046013135382473,-0.0079057233616381,0.2341357254501503,0.1461711393345865,0.2205133385892198,14.94,12.58,15.97,2.23,2.29,2.24
2018-06-01,0.0129895095831216,0.4073214919060006,0.2401058417550605,0.2461072278092225,-0.025772159268504895,0.010758728404486795,13.46,-1.9699999999999989,-0.1276733635774464,13.842,-0.8102185573874003,2.28,0.0499999999999998,0.0399999999999995,16.42515386271438,0.0,0,0.0,0.8846666666666666,0.1153333333333334,0,0,-0.0123673220458755,-0.0112009243032356,-0.006301045000953,0.23664491795902,0.1526480082176237,0.2146156662144072,15.43,12.53,15.9,2.23,2.28,2.24
2018-06-04,0.0004611532877398,0.4092705852658726,0.23688641666529,0.2461145791826519,-0.020173225662758292,0.00018434057155799507,12.74,-0.7200000000000006,-0.0534918276374443,13.7405,-0.7990287395112342,2.3,0.02,0.0599999999999996,16.05785731077553,0.0,0,0.0,0.9086666666666666,0.0913333333333333,0,0,0.0129895095831216,-0.0051247102529428,0.0110965498363873,0.2401058417550605,0.1519676878480755,0.2009533548566553,13.46,13.22,14.77,2.28,2.27,2.24
2018-06-05,-0.0056245491896004,0.2244732440659219,0.2354088361145238,0.2386284784934826,0.017870344098002804,-0.014087923982650904,12.4,-0.3399999999999998,-0.0266875981161694,13.623,-0.7992397375013259,2.32,0.02,0.0699999999999998,16.15877693157884,0.0,0,0.0,0.92,0.08,0,0,0.0004611532877398,-0.0427435937415202,0.0086691997611958,0.23688641666529,0.2181633334967008,0.1986123741568163,12.74,17.02,14.75,2.3,2.17,2.25
2018-06-06,0.0233679801300497,0.2272119242676576,0.2444113520809952,0.2438207005887569,0.0183811852333066,-0.005692192553092303,11.64,-0.7599999999999998,-0.0612903225806451,13.4695,-0.8127040702638957,2.32,0.0,0.06,16.55335260858406,0.0,0,0.0,0.9453333333333334,0.0546666666666666,0,0,-0.0056245491896004,0.0228453351748834,0.0148120244262173,0.2354088361145238,0.2341357254501503,0.1936386283292437,12.4,14.94,14.71,2.32,2.23,2.26
2018-06-07,0.003986749327157,0.1784946004171264,0.2311672916713593,0.2429232828547261,0.034804442344545404,-0.023282803717331605,12.13,0.4900000000000002,0.0420962199312715,13.405,-0.7896889835696884,2.31,-0.0099999999999997,0.04,16.414073294814617,0.0,0,0.0,0.929,0.071,0,0,0.0233679801300497,-0.0123673220458755,0.0218037362704441,0.2444113520809952,0.23664491795902,0.1989246548488743,11.64,15.43,13.42,2.32,2.23,2.27
2018-06-08,0.0027980971934473,0.1715785314496789,0.2293052859543328,0.2420263622433154,0.024692762729838703,-0.028218065130452604,12.18,0.0499999999999989,0.0041220115416322,13.3525,-0.7908703733273574,2.3,-0.0100000000000002,0.0299999999999998,16.155699769665105,0.0,0,0.0,0.9273333333333332,0.0726666666666666,0,0,0.003986749327157,0.0129895095831216,0.007759400542044,0.2311672916713593,0.2401058417550605,0.1809247644889055,12.13,13.46,13.23,2.31,2.28,2.27
2018-06-11,-0.002520466456368,0.1776852236921199,0.2291779422021597,0.241979913457412,0.0217080675612423,-0.026972284139960005,12.35,0.1699999999999999,0.0139573070607552,13.3375,-0.8009124191327465,2.32,0.02,0.04,16.35260642984338,0.0,0,0.0,0.9216666666666666,0.0783333333333333,0,0,0.0027980971934473,0.0004611532877398,-0.003762333789692,0.2293052859543328,0.23688641666529,0.1493326115830941,12.18,12.74,12.65,2.3,2.3,2.28
2018-06-12,-0.0057744438713235,0.178221190982314,0.2296103961082915,0.2421657868568447,0.021557313657886202,-0.03311503617937041,12.34,-0.0099999999999997,-0.0008097165991902,13.308000000000002,-0.8015148078294001,2.31,-0.0099999999999997,0.0300000000000002,16.542977756461454,0.0,0,0.0,0.922,0.0779999999999999,0,0,-0.002520466456368,-0.0056245491896004,0.0003516334149589,0.2291779422021597,0.2354088361145238,0.1491406568618802,12.35,12.4,12.93,2.32,2.32,2.28
2018-06-13,-0.0019964937217028,0.0640080898245901,0.2285208011055483,0.2417152658086146,-0.0035403048765276965,-0.027445559763940103,12.94,0.5999999999999996,0.0486223662884925,13.223499999999998,-0.813981750732209,2.35,0.04,0.04,16.52220657590755,0.0,0,0.0,0.902,0.0979999999999999,0,0,-0.0057744438713235,0.0233679801300497,-0.0076386419370062,0.2296103961082915,0.2444113520809952,0.1527046917532047,12.34,11.64,14.63,2.31,2.32,2.31
2018-06-14,-0.0176409241632439,0.1230389850428003,0.2351520623488568,0.2442443853463428,-0.025317507966896597,-0.04798290941454571,12.12,-0.8200000000000003,-0.0633693972179288,13.1585,-0.7427014032103754,2.35,0.0,0.0300000000000002,16.83531578874727,0.0,0,0.0,0.9293333333333332,0.0706666666666666,0,0,-0.0019964937217028,0.003986749327157,0.0027427242662658,0.2285208011055483,0.2311672916713593,0.1486764955365539,12.94,12.13,13.42,2.35,2.31,2.32
2018-06-15,-0.0012034224694851,0.1094791829292556,0.2351598527622988,0.2442169164384445,-0.029315844937299298,-0.045828861300895606,11.98,-0.1399999999999988,-0.0115511551155114,13.086,-0.7427841546098071,2.35,0.0,0.0300000000000002,17.074706529848335,0.0,0,0.0,0.934,0.066,0,0,-0.0176409241632439,0.0027980971934473,-0.0033525628463604,0.2351520623488568,0.2293052859543328,0.1295509929679601,12.12,12.18,13.43,2.35,2.3,2.32
2018-06-18,0.002595096345886,0.1243260411590679,0.2297037170451847,0.2283009259854995,-0.0242004618603147,-0.026903918823207806,12.31,0.33,0.0275459098497496,13.0305,-0.7518341677925015,2.35,0.0,0.0300000000000002,16.096545199106316,0.0,0,0.0,0.923,0.0769999999999999,0,0,-0.0012034224694851,-0.002520466456368,-0.016200544001072,0.2351598527622988,0.2291779422021597,0.1425825475656565,11.98,12.35,13.42,2.35,2.32,2.32
2018-06-19,-0.0058238975067352,0.1243505133178475,0.2267727736688283,0.2216553263962903,-0.0242502039586554,-0.04188149138515311,13.35,1.0399999999999991,0.0844841592201461,13.044,-0.7471837263142647,2.34,-0.0100000000000002,-0.0100000000000002,16.35767939861461,0.0,0,0.0,0.8883333333333333,0.1116666666666666,0,0,0.002595096345886,-0.0057744438713235,0.009178516627176,0.2297037170451847,0.2296103961082915,0.145089702361382,12.31,12.34,13.08,2.35,2.31,2.35
2018-06-20,-9.306594865843287e-05,0.1277914002284476,0.2240153911934648,0.2125294396532184,-0.022344784866280238,-0.04961355860806875,12.79,-0.5600000000000005,-0.0419475655430712,13.0225,-0.7586998294124963,2.36,0.02,0.02,15.99896306757191,0.0,0,0.0,0.907,0.0929999999999999,0,0,-0.0058238975067352,-0.0019964937217028,0.0076682485172918,0.2267727736688283,0.2285208011055483,0.1457814981695964,13.35,12.94,13.22,2.34,2.35,2.34
2018-06-21,-0.000278780619774,0.0487435806000406,0.2239966557907069,0.2087087501679998,-0.004825224563352838,-0.04528044592738325,14.64,1.8500000000000012,0.1446442533229086,13.1255,-0.7134515806086303,2.34,-0.02,0.0499999999999998,16.217823422456636,0.0,0,0.0,0.8453333333333333,0.1546666666666667,0,0,-9.306594865843287e-05,-0.0176409241632439,-0.0046013135382473,0.2240153911934648,0.2351520623488568,0.1461711393345865,12.79,12.12,12.58,2.36,2.35,2.29
2018-06-22,-0.0163706260800219,0.1209879879615275,0.2275350451595557,0.2114103467098254,-0.02012718280118864,-0.05052242427715414,13.77,-0.870000000000001,-0.0594262295081967,13.1875,-0.6589531239049746,2.33,-0.0099999999999997,0.0500000000000002,16.78484243774939,0.0,0,0.0,0.8743333333333334,0.1256666666666666,0,0,-0.000278780619774,-0.0012034224694851,-0.0112009243032356,0.2239966557907069,0.2351598527622988,0.1526480082176237,14.64,11.98,12.53,2.34,2.35,2.28
2018-06-25,-0.0090779309716313,0.1085641045841375,0.2285777255730936,0.2086607327381244,-0.03183830416326554,-0.05450392412509624,17.33,3.5599999999999987,0.2585330428467682,13.393,-0.614520104394402,2.34,0.0099999999999997,0.0699999999999998,16.64327384209371,0.0,0,0.0,0.7556666666666667,0.2443333333333333,0,0,-0.0163706260800219,0.002595096345886,-0.0051247102529428,0.2275350451595557,0.2297037170451847,0.1519676878480755,13.77,12.31,13.22,2.33,2.35,2.27
2018-06-26,0.0006676193516277,0.1198038805023873,0.1698392961552559,0.2049819938954087,-0.02532998503896474,-0.010152531241731147,15.92,-1.4099999999999984,-0.0813618003462203,13.338,-0.3694806402386671,2.33,-0.0099999999999997,0.1600000000000001,16.653816852081793,0.0,0,0.0,0.8026666666666666,0.1973333333333333,0,0,-0.0090779309716313,-0.0058238975067352,-0.0427435937415202,0.2285777255730936,0.2267727736688283,0.2181633334967008,17.33,13.35,17.02,2.34,2.34,2.17
2018-06-27,-0.0154487264815379,0.1293337900762692,0.1543171348399791,0.2051900266420315,-0.0408062162481119,-0.04831012075761325,17.91,1.99,0.125,13.4865,-0.3240839587412248,2.33,0.0,0.1,16.605251400458755,0.0,0,0.0,0.7363333333333333,0.2636666666666667,0,0,0.0006676193516277,-9.306594865843287e-05,0.0228453351748834,0.1698392961552559,0.2240153911934648,0.2341357254501503,15.92,12.79,14.94,2.33,2.36,2.23
2018-06-28,0.0163694235176372,0.2165131132354565,0.1629376002214701,0.2055910530325896,-0.024290507869639204,-0.019628798055343254,16.85,-1.0599999999999987,-0.059184812953657,13.5575,-0.3594255263740499,2.33,0.0,0.1,16.48905909632569,0.0,0,0.0,0.7716666666666666,0.2283333333333334,0,0,-0.0154487264815379,-0.000278780619774,-0.0123673220458755,0.1543171348399791,0.2239966557907069,0.23664491795902,17.91,14.64,15.43,2.33,2.34,2.23
2018-06-29,-0.0069570899389178,0.1935750477631654,0.155582616193269,0.2038990915182734,-0.014765805789706099,-0.039516070798355354,16.09,-0.7600000000000016,-0.0451038575667657,13.689000000000002,-0.25476489382365,2.33,0.0,0.0500000000000002,16.75849590216779,0.0,0,0.0,0.797,0.2029999999999999,0,0,0.0163694235176372,-0.0163706260800219,0.0129895095831216,0.1629376002214701,0.2275350451595557,0.2401058417550605,16.85,13.77,13.46,2.33,2.33,2.28
2018-07-02,0.008445510840789,0.1983402845915407,0.1597370661709694,0.1985277551871024,0.002763627722184702,-0.031567070740153254,15.6,-0.4900000000000002,-0.0304536979490366,13.832,-0.2682586510951252,2.34,0.0099999999999997,0.04,16.225154813098982,0.0,0,0.0,0.8133333333333334,0.1866666666666666,0,0,-0.0069570899389178,-0.0090779309716313,0.0004611532877398,0.155582616193269,0.2285777255730936,0.23688641666529,16.09,17.33,12.74,2.33,2.34,2.3
2018-07-03,-0.0139894783969731,0.2238285566912419,0.1653039864848145,0.198659168370089,-0.011992022310235197,-0.04001489764996915,16.14,0.5400000000000009,0.0346153846153847,14.019,-0.2843790162784638,2.33,-0.0099999999999997,0.0100000000000002,15.933174839025643,0.0,0,0.0,0.7953333333333333,0.2046666666666666,0,0,0.008445510840789,0.0006676193516277,-0.0056245491896004,0.1597370661709694,0.1698392961552559,0.2354088361145238,15.6,15.92,12.4,2.34,2.33,2.32
2018-07-05,0.006501791700509,0.1949644902278114,0.1405009586809272,0.1949112078284789,0.010058025404265303,-0.05663328058665455,14.97,-1.17,-0.0724907063197025,14.1855,-0.249932393820969,2.32,-0.0100000000000002,0.0,16.18793892075411,0.56,1,0.1200000000000001,0.8343333333333334,0.1656666666666666,0,0,-0.0139894783969731,-0.0154487264815379,0.0233679801300497,0.1653039864848145,0.1543171348399791,0.2444113520809952,16.14,17.91,11.64,2.33,2.33,2.32
2018-07-06,0.0032779776212668,0.1524631831862125,0.1400686335604159,0.1923529632543557,-0.0029062467232845953,-0.057339487123173244,13.37,-1.6000000000000014,-0.1068804275217102,14.2475,-0.3016284963428382,2.34,0.02,0.0299999999999998,16.31478852719554,0.0,0,0.0,0.8876666666666667,0.1123333333333332,0,0,0.006501791700509,0.0163694235176372,0.003986749327157,0.1405009586809272,0.1629376002214701,0.2311672916713593,14.97,16.85,12.13,2.32,2.33,2.31
2018-07-09,0.0309438303309579,0.2524855028410122,0.1828394733313815,0.1960490921328019,0.0345498793837653,-0.029658954144428748,12.69,-0.6799999999999997,-0.0508601346297681,14.273,-0.323174184276223,2.34,0.0,0.04,16.447457022339893,0.0,0,0.0,0.9103333333333332,0.0896666666666666,0,0,0.0032779776212668,-0.0069570899389178,0.0027980971934473,0.1400686335604159,0.155582616193269,0.2293052859543328,13.37,16.09,12.18,2.34,2.33,2.3
2018-07-10,-0.0061519252450495,0.2677840091124508,0.1835717102900657,0.1884076288870586,0.019968906030342008,-0.03330623227105355,12.64,-0.0499999999999989,-0.0039401103230889,14.2875,-0.3193403612376562,2.36,0.02,0.04,16.49488010647198,0.0,0,0.0,0.912,0.088,0,0,0.0309438303309579,0.008445510840789,-0.002520466456368,0.1828394733313815,0.1597370661709694,0.2291779422021597,12.69,15.6,12.35,2.34,2.34,2.32
2018-07-11,-0.0021574761992457,0.2273819891388153,0.1829406871714173,0.1884381351452884,0.031897352565876204,-0.02967485874197915,13.63,0.9900000000000002,0.0783227848101266,14.352,-0.31903624909418,2.36,0.0,0.0499999999999998,16.136573970373234,0.0,0,0.0,0.879,0.121,0,0,-0.0061519252450495,-0.0139894783969731,-0.0057744438713235,0.1835717102900657,0.1653039864848145,0.2296103961082915,12.64,16.14,12.34,2.36,2.33,2.31
2018-07-12,0.0043235690030152,0.2278409221918311,0.1840739450716666,0.1886940465269989,0.029730855572097606,-0.02336212013802925,12.58,-1.0500000000000007,-0.0770359501100513,14.334,-0.3335027407453263,2.39,0.0300000000000002,0.04,16.337777296786786,0.0,0,0.0,0.914,0.0859999999999999,0,0,-0.0021574761992457,0.006501791700509,-0.0019964937217028,0.1829406871714173,0.1405009586809272,0.2285208011055483,13.63,14.97,12.94,2.36,2.32,2.35
2018-07-13,-0.0045857065266724,0.2401728094805759,0.1739406909504374,0.1882199645898993,0.021861985673861606,-0.010159993482415051,12.18,-0.4000000000000003,-0.0317965023847377,14.336999999999998,-0.4081630056516224,2.37,-0.02,0.02,16.873705809580734,0.0,0,0.0,0.9273333333333332,0.0726666666666666,0,0,0.0043235690030152,0.0032779776212668,-0.0176409241632439,0.1840739450716666,0.1400686335604159,0.2351520623488568,12.58,13.37,12.12,2.39,2.34,2.35
2018-07-16,0.039676430693575,0.2983453656532626,0.2231353297673633,0.1997792168536412,0.030296803299450708,0.02995369409232125,12.83,0.6500000000000004,0.0533661740558293,14.379500000000002,-0.243832571799959,2.39,0.02,0.04,17.020798524590987,0.0,0,0.0,0.9056666666666666,0.0943333333333333,1,0,-0.0045857065266724,0.0309438303309579,-0.0012034224694851,0.1739406909504374,0.1828394733313815,0.2351598527622988,12.18,12.69,11.98,2.37,2.34,2.35
2018-07-17,-0.0007232996772393,0.2865502374615454,0.2232300400104492,0.1997333746659346,0.03574416822077701,0.026638397810038152,12.06,-0.7699999999999996,-0.0600155884645362,14.367,-0.2365315255944872,2.39,0.0,0.04,16.511616442210578,0.0,0,0.0,0.9313333333333332,0.0686666666666666,0,0,0.039676430693575,-0.0061519252450495,0.002595096345886,0.2231353297673633,0.1835717102900657,0.2297037170451847,12.83,12.64,12.31,2.39,2.36,2.35
2018-07-18,0.0093212398689637,0.2743888908529953,0.2232378341205557,0.2003816967511756,0.04718204032423761,0.04175738554091385,12.1,0.0399999999999991,0.0033167495854062,14.3045,-0.2152278753209343,2.43,0.04,0.0900000000000003,16.471909576083046,0.0,0,0.0,0.93,0.0699999999999999,0,0,-0.0007232996772393,-0.0021574761992457,-0.0058238975067352,0.2232300400104492,0.1829406871714173,0.2267727736688283,12.06,13.63,13.35,2.39,2.36,2.34
2018-07-19,-0.0147046559685846,0.3256914577679767,0.2311216015076712,0.2024947673251957,0.028053949994910912,0.027036614723161892,12.87,0.7699999999999996,0.0636363636363637,14.3085,-0.2497021899119789,2.4,-0.0300000000000002,0.04,16.635418184029145,0.0,0,0.0,0.9043333333333332,0.0956666666666666,0,0,0.0093212398689637,0.0043235690030152,-9.306594865843287e-05,0.2232378341205557,0.1840739450716666,0.2240153911934648,12.1,12.58,12.79,2.43,2.39,2.36
2018-07-20,0.0126489589696336,0.3144031534285965,0.2343959777186996,0.2039514408623735,0.04521983227602291,0.039885063356960695,12.86,-0.0099999999999997,-0.0007770007770007,14.2195,-0.2525114342934438,2.41,0.0100000000000002,0.0700000000000002,16.423968832319524,0.0,0,0.0,0.9046666666666668,0.0953333333333332,0,0,-0.0147046559685846,-0.0045857065266724,-0.000278780619774,0.2311216015076712,0.1739406909504374,0.2239966557907069,12.87,12.18,14.64,2.4,2.37,2.34
2018-07-23,0.0186017828845705,0.2071796424142835,0.2305986764771241,0.2073133315106514,0.02474117766035551,0.0748220545538654,12.62,-0.2400000000000002,-0.0186625194401244,14.162,-0.3171749052324293,2.42,0.0099999999999997,0.0899999999999998,16.713630057778055,0.0,0,0.0,0.9126666666666668,0.0873333333333332,0,0,0.0126489589696336,0.039676430693575,-0.0163706260800219,0.2343959777186996,0.2231353297673633,0.2275350451595557,12.86,12.83,13.77,2.41,2.39,2.33
2018-07-24,0.0070576611678576,0.2010285423075072,0.225727331775888,0.2072139702196865,0.03249761148756311,0.09097431346086679,12.41,-0.209999999999999,-0.0166402535657685,13.916,-0.2458751795329435,2.42,0.0,0.08,16.45459653002648,0.0,0,0.0,0.9196666666666666,0.0803333333333333,0,0,0.0186017828845705,-0.0007232996772393,-0.0090779309716313,0.2305986764771241,0.2232300400104492,0.2285777255730936,12.62,12.06,17.33,2.42,2.39,2.34
2018-07-25,0.0090232740635727,0.2007822201090491,0.225760798413468,0.207434146304812,0.03220235385884931,0.0992897244387279,12.29,-0.120000000000001,-0.0096696212731668,13.7345,-0.2714291201645114,2.42,0.0,0.0899999999999998,16.405460248020123,0.0,0,0.0,0.9236666666666666,0.0763333333333333,0,0,0.0070576611678576,0.0093212398689637,0.0006676193516277,0.225727331775888,0.2232378341205557,0.1698392961552559,12.41,12.1,15.92,2.42,2.43,2.33
2018-07-26,-0.0028649882397997,0.1245627516017772,0.2146686703139174,0.2075790559056648,0.04414709478191651,0.11198992575319029,12.14,-0.1499999999999985,-0.0122050447518305,13.445999999999998,-0.1102099922232416,2.41,-0.0099999999999997,0.08,16.29186415109003,0.0,0,0.0,0.9286666666666666,0.0713333333333333,0,0,0.0090232740635727,-0.0147046559685846,-0.0154487264815379,0.225760798413468,0.2311216015076712,0.1543171348399791,12.29,12.87,17.91,2.42,2.4,2.33
2018-07-27,0.01027416571282,0.1211908950910665,0.2117574851376151,0.2075774352812526,0.04179921085220101,0.1059747820788009,13.03,0.8899999999999988,0.0733113673805601,13.255,-0.0364010355061044,2.43,0.02,0.1,16.36516672225418,0.0,0,0.0,0.899,0.1009999999999999,0,0,-0.0028649882397997,0.0126489589696336,0.0163694235176372,0.2146686703139174,0.2343959777186996,0.1629376002214701,12.14,12.86,16.85,2.41,2.41,2.33
2018-07-30,0.0060330719516943,0.0818623719302361,0.2067266691734067,0.2071826662008582,0.029383270897564207,0.1189711312411357,14.26,1.2300000000000004,0.0943975441289333,13.1635,-0.0651376188276319,2.43,0.0,0.1,16.41163063664765,0.0,0,0.0,0.858,0.142,0,0,0.01027416571282,0.0186017828845705,-0.0069570899389178,0.2117574851376151,0.2305986764771241,0.155582616193269,13.03,12.62,16.09,2.43,2.42,2.33
2018-07-31,-0.0152488527947444,0.1694848643249741,0.2197872331985018,0.2090514758967183,0.006984086294274404,0.0951947720329565,12.83,-1.4299999999999995,-0.1002805049088358,13.025,0.0710524604299714,2.44,0.0099999999999997,0.1,16.578288877685463,0.0,0,0.0,0.9056666666666666,0.0943333333333333,0,0,0.0060330719516943,0.0070576611678576,0.008445510840789,0.2067266691734067,0.225727331775888,0.1597370661709694,14.26,12.41,15.6,2.43,2.42,2.34
2018-08-01,0.006176358148437,0.1625632520003613,0.2082038006344663,0.2087301087654374,0.004158641347210506,0.11544038809617359,13.15,0.3200000000000003,0.0249415432579891,12.8755,0.1333742270841007,2.45,0.0100000000000002,0.1200000000000001,16.420538322784413,0.0,0,0.0,0.895,0.1049999999999999,0,0,-0.0152488527947444,0.0090232740635727,-0.0139894783969731,0.2197872331985018,0.225760798413468,0.1653039864848145,12.83,12.29,16.14,2.44,2.42,2.33
2018-08-02,0.0042370623602652,0.1601749630045173,0.2082556367778525,0.2068934359421063,0.011255852808264105,0.11318775315718908,12.19,-0.9600000000000009,-0.0730038022813689,12.7365,0.1430406281711084,2.45,0.0,0.1300000000000003,16.218673839497193,0.0,0,0.0,0.927,0.0729999999999999,0,0,0.006176358148437,-0.0028649882397997,0.006501791700509,0.2082038006344663,0.2146686703139174,0.1405009586809272,13.15,12.14,14.97,2.45,2.41,2.32
2018-08-03,0.0080927580826772,0.1540151555942187,0.2082212787453985,0.2029287656610791,0.009094294913334206,0.11797532371541969,11.64,-0.5499999999999989,-0.0451189499589826,12.65,0.1287487657282012,2.43,-0.02,0.0900000000000003,16.214868487830806,0.0,0,0.0,0.9453333333333334,0.0546666666666666,0,0,0.0042370623602652,0.01027416571282,0.0032779776212668,0.2082556367778525,0.2117574851376151,0.1400686335604159,12.19,13.03,13.37,2.45,2.43,2.34
2018-08-06,0.0002563594304962,0.1494904533042656,0.1875157254408652,0.2023881220563433,0.0033356756487069065,0.0877569275060773,11.27,-0.370000000000001,-0.0317869415807561,12.579,0.2495566376090848,2.44,0.0099999999999997,0.1,16.103733101569105,0.0,0,0.0,0.9576666666666668,0.0423333333333333,0,0,0.0080927580826772,0.0060330719516943,0.0309438303309579,0.2082212787453985,0.2067266691734067,0.1828394733313815,11.64,14.26,12.69,2.43,2.43,2.34
2018-08-07,0.0036712498128279,0.0464169384098047,0.1833746340086721,0.2022920225476658,0.022366515033188705,0.0975923810358032,10.93,-0.3399999999999998,-0.0301685891748003,12.4935,0.2568809654315701,2.45,0.0100000000000002,0.0900000000000003,16.17278277478614,0.0,0,0.0,0.969,0.031,0,0,0.0002563594304962,-0.0152488527947444,-0.0061519252450495,0.1875157254408652,0.2197872331985018,0.1835717102900657,11.27,12.83,12.64,2.44,2.44,2.36
2018-08-08,0.0020417207965692,0.0462098556310717,0.1818359124215319,0.2023119681589846,0.018248791726805005,0.1017918272571024,10.85,-0.08,-0.0073193046660566,12.354499999999998,0.3321576519460963,2.44,-0.0100000000000002,0.08,16.012412972300456,0.0,0,0.0,0.9716666666666668,0.0283333333333333,0,0,0.0036712498128279,0.006176358148437,-0.0021574761992457,0.1833746340086721,0.2082038006344663,0.1829406871714173,10.93,13.15,13.63,2.45,2.45,2.36
2018-08-09,-0.0077255698942513,0.0921951238405377,0.1874782983328692,0.2023274306972736,0.006265113735808708,0.0897220113209002,11.27,0.4199999999999999,0.0387096774193549,12.289,0.2772996583207511,2.44,0.0,0.0499999999999998,16.087038429647436,0.0,0,0.0,0.9576666666666668,0.0423333333333333,0,0,0.0020417207965692,0.0042370623602652,0.0043235690030152,0.1818359124215319,0.2082556367778525,0.1840739450716666,10.85,12.19,12.58,2.44,2.45,2.39
2018-08-10,-0.0098392246230434,0.0966509698247824,0.1917702298266395,0.2034221105679928,-0.011683023255218592,0.0844303147863395,13.16,1.8900000000000008,0.1677018633540372,12.338,0.0314498784947903,2.42,-0.02,0.0499999999999998,16.351633078309344,0.0,0,0.0,0.8946666666666667,0.1053333333333332,0,0,-0.0077255698942513,0.0080927580826772,-0.0045857065266724,0.1874782983328692,0.2082212787453985,0.1739406909504374,11.27,11.64,12.18,2.44,2.43,2.37
2018-08-13,-0.0158991952093343,0.1318514904140122,0.1557346467970934,0.2060715537581998,-0.027966293115198992,0.0294938310914276,14.78,1.6199999999999992,0.1231003039513676,12.4355,-0.2702271447009919,2.42,0.0,0.0299999999999998,16.151172626097527,0.0,0,0.0,0.8406666666666667,0.1593333333333333,0,0,-0.0098392246230434,0.0002563594304962,0.039676430693575,0.1917702298266395,0.1875157254408652,0.2231353297673633,13.16,11.27,12.83,2.42,2.44,2.39
2018-08-14,0.0066730589863817,0.1460063027020014,0.1565518596862794,0.2035505056193153,-0.024979927653965492,0.0368682851610607,13.31,-1.4699999999999989,-0.0994587280108253,12.498,-0.3120084090099969,2.44,0.02,0.0499999999999998,16.176138212713173,0.0,0,0.0,0.8896666666666666,0.1103333333333334,0,0,-0.0158991952093343,0.0036712498128279,-0.0007232996772393,0.1557346467970934,0.1833746340086721,0.2232300400104492,14.78,10.93,12.06,2.42,2.45,2.39
2018-08-15,-0.0082860512362589,0.1324509806202492,0.1579245400812159,0.2035712121618064,-0.03534013835287019,0.0192696485799946,14.64,1.33,0.0999248685199098,12.625,-0.356735000500729,2.45,0.0100000000000002,0.02,16.13319123710544,0.0,0,0.0,0.8453333333333333,0.1546666666666667,0,0,0.0066730589863817,0.0020417207965692,0.0093212398689637,0.1565518596862794,0.1818359124215319,0.2232378341205557,13.31,10.85,12.1,2.44,2.44,2.43
2018-08-16,0.0094107948610457,0.1756017585086547,0.148954616992835,0.2038671485863732,-0.018217782447535892,0.0434502788784534,13.45,-1.1900000000000013,-0.0812841530054645,12.654,-0.3537823331741478,2.45,0.0,0.0500000000000002,16.129885971160693,0.0,0,0.0,0.885,0.1149999999999999,0,0,-0.0082860512362589,-0.0077255698942513,-0.0147046559685846,0.1579245400812159,0.1874782983328692,0.2311216015076712,14.64,11.27,12.87,2.45,2.44,2.4
2018-08-17,0.0,0.1672838567075819,0.1439150935670453,0.2036068432808606,-0.008329832779347393,0.0308806497309692,12.64,-0.8099999999999987,-0.0602230483271374,12.643,-0.3470811675666775,2.44,-0.0100000000000002,0.0299999999999998,15.956176659109019,0.0,0,0.0,0.912,0.088,0,0,0.0094107948610457,-0.0098392246230434,0.0126489589696336,0.148954616992835,0.1917702298266395,0.2343959777186996,13.45,13.16,12.86,2.45,2.42,2.41
2018-08-20,-0.0013068818835567,0.11076618499216,0.1295331758115316,0.2021829320691298,0.006389373906159707,0.011142027337231799,12.49,-0.1500000000000003,-0.011867088607595,12.6365,-0.3528050666181848,2.43,-0.0099999999999997,0.0100000000000002,15.9694449352284,0.0,0,0.0,0.917,0.0829999999999999,0,0,0.0,-0.0158991952093343,0.0186017828845705,0.1439150935670453,0.1557346467970934,0.2305986764771241,12.64,14.78,12.62,2.44,2.42,2.42
2018-08-21,0.0061071214126111,0.109107188756552,0.128949080080049,0.2021333787393578,0.005827029747373106,0.010197703420870698,12.86,0.3699999999999992,0.0296236989591671,12.659,-0.3304453923863887,2.45,0.02,0.0300000000000002,16.211285493526493,0.0,0,0.0,0.9046666666666668,0.0953333333333332,0,0,-0.0013068818835567,0.0066730589863817,0.0070576611678576,0.1295331758115316,0.1565518596862794,0.225727331775888,12.49,13.31,12.41,2.43,2.44,2.42
2018-08-22,-0.0030350665452071,0.0836542238781782,0.1254868631109882,0.1798862118323324,0.011107919428654705,-0.0018247858502000009,12.25,-0.6099999999999994,-0.0474339035769828,12.657,-0.3115436343751038,2.43,-0.02,0.0100000000000002,15.93353571085258,0.0,0,0.0,0.925,0.0749999999999999,0,0,0.0061071214126111,-0.0082860512362589,0.0090232740635727,0.128949080080049,0.1579245400812159,0.225760798413468,12.86,14.64,12.29,2.45,2.45,2.42
2018-08-23,-0.0020873734686519,0.0574353556212382,0.1252883387651192,0.1745331589213345,-0.0003484248415454947,-0.001045240745008601,12.41,0.1600000000000001,0.0130612244897958,12.6705,-0.3176961914557953,2.43,0.0,0.02,16.041797697930672,0.0,0,0.0,0.9196666666666666,0.0803333333333333,0,0,-0.0030350665452071,0.0094107948610457,-0.0028649882397997,0.1254868631109882,0.148954616992835,0.2146686703139174,12.25,13.45,12.14,2.43,2.45,2.41
2018-08-24,-0.0004360821133446,0.0574854671602434,0.1192635657172617,0.1722899744084721,-0.0007846020663468947,-0.011703163187578702,11.99,-0.4199999999999999,-0.0338436744560838,12.6185,-0.4099854887684873,2.44,0.0099999999999997,0.0099999999999997,15.99544213625132,0.0,0,0.0,0.9336666666666666,0.0663333333333333,0,0,-0.0020873734686519,0.0,0.01027416571282,0.1252883387651192,0.1439150935670453,0.2117574851376151,12.41,12.64,13.03,2.43,2.44,2.43
2018-08-27,0.017701480407634,0.1359676464963628,0.1338591456500938,0.173886746656189,0.018069768406934205,-0.00017147515339820119,12.16,0.1699999999999999,0.0141784820683903,12.5135,-0.4081182357518365,2.47,0.0300000000000002,0.04,16.4378576895057,0.0,0,0.0,0.928,0.072,0,0,-0.0004360821133446,-0.0013068818835567,0.0060330719516943,0.1192635657172617,0.1295331758115316,0.2067266691734067,11.99,12.49,14.26,2.44,2.43,2.43
2018-08-28,-0.0048835209284076,0.1454066691020808,0.122613468343149,0.1743458520670293,0.007085735599256105,0.010299352725852397,12.5,0.3399999999999998,0.0279605263157893,12.497,-0.633001187175692,2.47,0.0,0.0300000000000002,15.932079397169584,0.0,0,0.0,0.9166666666666666,0.0833333333333333,0,0,0.017701480407634,0.0061071214126111,-0.0152488527947444,0.1338591456500938,0.128949080080049,0.2197872331985018,12.16,12.86,12.83,2.47,2.45,2.44
2018-08-29,-0.0032721748455579,0.1458750244435519,0.1214229855779666,0.1740149584495233,0.0068478771825619044,0.000864449985151396,12.25,-0.25,-0.02,12.452000000000002,-0.6478350600801409,2.48,0.0099999999999997,0.0299999999999998,15.792601078688598,0.0,0,0.0,0.925,0.0749999999999999,0,0,-0.0048835209284076,-0.0030350665452071,0.006176358148437,0.122613468343149,0.1254868631109882,0.2082038006344663,12.5,12.25,13.15,2.47,2.43,2.45
2018-08-30,-0.0049239252563685,0.1514218074763101,0.1215911454856288,0.1683889969303096,0.004001344534159305,-0.008299749019113404,13.53,1.2799999999999994,0.1044897959183672,12.519,-0.6455909089672042,2.47,-0.0099999999999997,0.02,16.0118237200878,0.0,0,0.0,0.8823333333333334,0.1176666666666665,0,0,-0.0032721748455579,-0.0020873734686519,0.0042370623602652,0.1214229855779666,0.1252883387651192,0.2082556367778525,12.25,12.41,12.19,2.48,2.43,2.45
2018-08-31,-0.0052955487940234,0.1577492648364136,0.1184522826651682,0.1687166916792398,-0.0008720981517516954,-0.021669556252664604,12.86,-0.6699999999999999,-0.0495195861049519,12.58,-0.5890229192960162,2.46,-0.0100000000000002,0.0299999999999998,16.385501110300392,0.0,0,0.0,0.9046666666666668,0.0953333333333332,0,0,-0.0049239252563685,-0.0004360821133446,0.0080927580826772,0.1215911454856288,0.1192635657172617,0.2082212787453985,13.53,11.99,11.64,2.47,2.44,2.43
2018-09-04,0.004974716409307,0.069047561288197,0.1203214391086923,0.1688928375534897,-0.013456348633700196,-0.016963499435805305,13.16,0.3000000000000007,0.0233281493001555,12.6745,-0.5707748338086757,2.49,0.0300000000000002,0.0500000000000002,16.135365760411094,0.0,0,0.0,0.8946666666666667,0.1053333333333332,0,0,-0.0052955487940234,0.017701480407634,0.0002563594304962,0.1184522826651682,0.1338591456500938,0.1875157254408652,12.86,12.16,11.27,2.46,2.47,2.44
2018-09-05,-0.004863390412253,0.0690070148246396,0.1198911267960482,0.1691522528717185,-0.013436119531914197,-0.025503281839250505,13.91,0.75,0.0569908814589665,12.8235,-0.5692538395951113,2.49,0.0,0.04,16.254582758650237,0.0,0,0.0,0.8696666666666667,0.1303333333333333,0,0,0.004974716409307,-0.0048835209284076,0.0036712498128279,0.1203214391086923,0.122613468343149,0.1833746340086721,13.16,12.5,10.93,2.49,2.47,2.45
2018-09-06,-0.0042761292995858,0.0699150199243748,0.1196736999497559,0.1689354828194367,-0.014443877502742394,-0.03182821924439601,14.65,0.7400000000000002,0.0531991373112867,13.0135,-0.5702579267469455,2.5,0.0099999999999997,0.06,16.105780226474835,0.0,0,0.0,0.845,0.155,0,0,-0.004863390412253,-0.0032721748455579,0.0020417207965692,0.1198911267960482,0.1214229855779666,0.1818359124215319,13.91,12.25,10.85,2.49,2.48,2.44
2018-09-07,0.0019279600069201,0.0741029649883664,0.1179821156811853,0.1688620027440851,-0.007581685907945094,-0.022146548662867204,14.88,0.2300000000000004,0.0156996587030717,13.194,-0.5662011050110023,2.53,0.0299999999999998,0.0899999999999998,16.209361390301062,0.0,0,0.0,0.8373333333333333,0.1626666666666667,0,0,-0.0042761292995858,-0.0049239252563685,-0.0077255698942513,0.1196736999497559,0.1215911454856288,0.1874782983328692,14.65,13.53,11.27,2.5,2.47,2.44
2018-09-10,-0.0053358505663276,0.0742340722110306,0.1145526051792312,0.1649066644570459,-0.007622203057252394,-0.017608736054698405,14.16,-0.7200000000000006,-0.0483870967741936,13.244,-0.4675859594405552,2.54,0.0100000000000002,0.1200000000000001,15.928979180940619,0.0,0,0.0,0.8613333333333333,0.1386666666666667,0,0,0.0019279600069201,-0.0052955487940234,-0.0098392246230434,0.1179821156811853,0.1184522826651682,0.1917702298266395,14.88,12.86,13.16,2.53,2.46,2.42
2018-09-11,0.0063321778592897,0.0818889406435504,0.1021505174264677,0.1652075647997263,-0.006272372596308194,0.004730421083085494,13.22,-0.9399999999999996,-0.0663841807909604,13.166,-0.356275835176802,2.55,0.0099999999999997,0.1299999999999999,16.049152885358904,0.0,0,0.0,0.8926666666666666,0.1073333333333333,0,0,-0.0053358505663276,0.004974716409307,-0.0158991952093343,0.1145526051792312,0.1203214391086923,0.1557346467970934,14.16,13.16,14.78,2.54,2.49,2.42
2018-09-12,-0.0117977941861768,0.1111774771097196,0.1077259938391356,0.1672832171746912,-0.013265057836356195,-0.013788412021641206,13.14,-0.08,-0.0060514372163389,13.1575,-0.2608235638664609,2.56,0.0100000000000002,0.1200000000000001,16.195130856010902,0.0,0,0.0,0.8953333333333333,0.1046666666666666,0,0,0.0063321778592897,-0.004863390412253,0.0066730589863817,0.1021505174264677,0.1198911267960482,0.1565518596862794,13.22,13.91,13.31,2.55,2.49,2.44
2018-09-13,0.0038909526601103,0.1185051256092852,0.1049337419962657,0.1668136828610196,-0.005096357266198195,-0.0015844381577240067,12.37,-0.7700000000000014,-0.058599695585997,13.044,-0.1944378629883685,2.55,-0.0100000000000002,0.0999999999999996,16.338900549755284,0.0,0,0.0,0.921,0.0789999999999999,0,0,-0.0117977941861768,-0.0042761292995858,-0.0082860512362589,0.1077259938391356,0.1196736999497559,0.1579245400812159,13.14,14.65,14.64,2.56,2.5,2.45
2018-09-14,-0.0001760583083735,0.1161293912749427,0.0988301060931447,0.1668160728980502,-0.007198534951993795,-0.011127301167325106,12.07,-0.2999999999999989,-0.0242522231204526,12.975,-0.08600757585597,2.56,0.0100000000000002,0.1099999999999998,16.1513274083719,0.0,0,0.0,0.931,0.0689999999999999,0,0,0.0038909526601103,0.0019279600069201,0.0094107948610457,0.1049337419962657,0.1179821156811853,0.148954616992835,12.37,14.88,13.45,2.55,2.53,2.45
2018-09-17,0.0029956066109206,0.1135026076483507,0.0996206013530763,0.1668445014476346,0.001142730829896705,-0.008136172445454306,13.68,1.6099999999999994,0.1333885666942833,13.027,0.0035531841880693,2.57,0.0099999999999997,0.1299999999999999,16.07323436363458,0.0,0,0.0,0.8773333333333333,0.1226666666666667,0,0,-0.0001760583083735,-0.0053358505663276,0.0,0.0988301060931447,0.1145526051792312,0.1439150935670453,12.07,14.16,12.64,2.56,2.54,2.44
2018-09-18,0.0040407063987184,0.1067582013005254,0.1007768683494633,0.1628793585885951,-0.0011369183544653952,-0.0027958711775396064,12.79,-0.8900000000000006,-0.0650584795321638,13.041999999999998,-0.0433617466262588,2.58,0.0100000000000002,0.1499999999999999,15.887952786501856,0.0,0,0.0,0.907,0.0929999999999999,0,0,0.0029956066109206,0.0063321778592897,-0.0013068818835567,0.0996206013530763,0.1021505174264677,0.1295331758115316,13.68,13.22,12.49,2.57,2.55,2.43
2018-09-19,0.0290466419854178,0.1861881992557211,0.1424235866150298,0.1706683248650457,0.039363805378193305,0.019748363609178993,11.75,-1.0399999999999991,-0.0813135261923376,12.986499999999998,-0.2768633371433182,2.58,0.0,0.1299999999999999,16.591393909447913,0.0,0,0.0,0.9416666666666668,0.0583333333333333,0,0,0.0040407063987184,-0.0117977941861768,0.0061071214126111,0.1007768683494633,0.1077259938391356,0.128949080080049,12.79,13.14,12.86,2.58,2.56,2.45
2018-09-20,0.0085866634423554,0.1828056472615639,0.144009940515852,0.1711662381649563,0.0440304106276543,0.03133805304127559,11.8,0.0500000000000007,0.0042553191489362,12.964,-0.2939812069693673,2.58,0.0,0.1499999999999999,16.56214030517764,0.0,0,0.0,0.94,0.06,0,0,0.0290466419854178,0.0038909526601103,-0.0030350665452071,0.1424235866150298,0.1049337419962657,0.1254868631109882,11.75,12.37,12.25,2.58,2.55,2.43
2018-09-21,-0.0065750638133403,0.2067904827513804,0.1463967150511589,0.1681610344573029,0.037609709671106405,0.026830833345326793,11.68,-0.120000000000001,-0.0101694915254237,12.9275,-0.2770841484935532,2.58,0.0,0.1499999999999999,17.025878331793564,0.0,0,0.0,0.944,0.0559999999999999,0,0,0.0085866634423554,-0.0001760583083735,-0.0020873734686519,0.144009940515852,0.0988301060931447,0.1252883387651192,11.8,12.07,12.41,2.58,2.56,2.43
2018-09-24,-0.009588330817244,0.2408408525412771,0.1514326879756401,0.167357108643713,0.024983986120786103,0.017632415741678696,12.2,0.5199999999999996,0.0445205479452055,12.938,-0.316676158171996,2.6,0.02,0.1600000000000001,16.340639102248524,0.0,0,0.0,0.9266666666666667,0.0733333333333332,0,0,-0.0065750638133403,0.0029956066109206,-0.0004360821133446,0.1463967150511589,0.0996206013530763,0.1192635657172617,11.68,13.68,11.99,2.58,2.57,2.44
2018-09-25,-0.0028273497902905,0.2474121075483491,0.1384046360323204,0.1666346885828674,0.018120067157734704,-0.002745572426739105,12.42,0.2200000000000006,0.0180327868852459,12.951,-0.3723862185291874,2.59,-0.0100000000000002,0.1199999999999996,16.04641714065542,0.0,0,0.0,0.9193333333333332,0.0806666666666666,0,0,-0.009588330817244,0.0040407063987184,0.017701480407634,0.1514326879756401,0.1007768683494633,0.1338591456500938,12.2,12.79,12.16,2.6,2.58,2.47
2018-09-26,-0.0117707578085297,0.1274238161596666,0.1436669426393075,0.1684317319578649,-0.022353297793847992,-0.009690669783925104,12.89,0.4700000000000006,0.037842190016103,12.970499999999998,-0.3860162844143113,2.58,-0.0099999999999997,0.1099999999999998,16.456252253951995,0.0,0,0.0,0.9036666666666666,0.0963333333333333,0,0,-0.0028273497902905,0.0290466419854178,-0.0048835209284076,0.1384046360323204,0.1424235866150298,0.122613468343149,12.42,11.75,12.5,2.59,2.58,2.47
2018-09-27,-0.0043468595542166,0.0588042867303635,0.1439957644281053,0.1657198885101902,-0.03525964014172319,-0.010769464283009504,12.41,-0.4800000000000004,-0.0372381691233514,12.9785,-0.3729045285811979,2.58,0.0,0.1,16.401995655398835,0.0,0,0.0,0.9196666666666666,0.0803333333333333,0,0,-0.0117707578085297,0.0085866634423554,-0.0032721748455579,0.1436669426393075,0.144009940515852,0.1214229855779666,12.89,11.8,12.25,2.58,2.58,2.48
2018-09-28,-0.014670434927095,0.0797684369997493,0.1519991628969406,0.1688309069654113,-0.043441975317094,-0.020612486505926505,12.12,-0.2900000000000009,-0.0233682514101531,12.908,-0.3089945585136,2.59,0.0099999999999997,0.1199999999999996,16.576475801043575,0.0,0,0.0,0.9293333333333332,0.0706666666666666,0,0,-0.0043468595542166,-0.0065750638133403,-0.0049239252563685,0.1439957644281053,0.1463967150511589,0.1215911454856288,12.41,11.68,13.53,2.58,2.58,2.47
2018-10-01,0.0058493064199365,0.1287474445931336,0.1529812378190364,0.1690332451526452,-0.027975114842656593,-0.009470600949226204,12.0,-0.1199999999999992,-0.0099009900990097,12.865,-0.3398045235797293,2.6,0.0100000000000002,0.1400000000000001,16.132619763532507,0.0,0,0.0,0.9333333333333332,0.0666666666666666,0,0,-0.014670434927095,-0.009588330817244,-0.0052955487940234,0.1519991628969406,0.1514326879756401,0.1184522826651682,12.12,12.2,12.86,2.59,2.6,2.46
2018-10-02,0.0041409389436211,0.1464408352672114,0.1526180143025488,0.157970754594596,-0.021011371697645994,-0.010300595490684902,12.05,0.0500000000000007,0.0041666666666666,12.8095,-0.3542776488144489,2.61,0.0099999999999997,0.1199999999999996,16.43677488392213,0.0,0,0.0,0.9316666666666666,0.0683333333333333,0,0,0.0058493064199365,-0.0028273497902905,0.004974716409307,0.1529812378190364,0.1384046360323204,0.1203214391086923,12.0,12.42,13.16,2.6,2.59,2.49
2018-10-03,0.0093885000711269,0.1538699901287318,0.1555486366439561,0.1581591599380727,0.00017391196393880606,0.003919361711927898,11.61,-0.4400000000000013,-0.0365145228215768,12.6945,-0.3580204712014007,2.62,0.0100000000000002,0.1299999999999999,16.657042208777213,0.0,0,0.0,0.9463333333333334,0.0536666666666666,0,0,0.0041409389436211,-0.0117707578085297,-0.004863390412253,0.1526180143025488,0.1436669426393075,0.1198911267960482,12.05,12.89,13.91,2.61,2.58,2.49
2018-10-04,0.0090159356307886,0.1589268378762159,0.1575904488685755,0.158773911950966,0.013505781316099006,0.017180194535831896,14.22,2.610000000000001,0.2248062015503877,12.673,-0.0864097751798815,2.63,0.0099999999999997,0.1299999999999999,16.610191013438115,0.8,1,0.4285714285714286,0.8593333333333333,0.1406666666666667,0,0,0.0093885000711269,-0.0043468595542166,-0.0042761292995858,0.1555486366439561,0.1439957644281053,0.1196736999497559,11.61,12.41,14.65,2.62,2.58,2.5
2018-10-05,-0.0056386400646309,0.0967316714769866,0.1591987884223434,0.1593199102155429,0.022630294048290707,0.009599493450309297,14.82,0.5999999999999996,0.0421940928270041,12.67,-0.1049561425130753,2.64,0.0100000000000002,0.1100000000000003,16.438554715505617,0.0,0,0.0,0.8393333333333333,0.1606666666666667,0,0,0.0090159356307886,-0.014670434927095,0.0019279600069201,0.1575904488685755,0.1519991628969406,0.1179821156811853,14.22,12.12,14.88,2.63,2.59,2.53
2018-10-08,0.0061067905003298,0.0969661978561905,0.1588201189348169,0.1591395513597751,0.022886248024814405,0.021037850132840596,15.69,0.8699999999999992,0.0587044534412954,12.7465,-0.1079411844352372,2.64,0.0,0.1,16.48071595615923,0.0,0,0.0,0.8103333333333333,0.1896666666666666,0,0,-0.0056386400646309,0.0058493064199365,-0.0053358505663276,0.1591987884223434,0.1529812378190364,0.1145526051792312,14.82,12.0,14.16,2.64,2.6,2.54
2018-10-09,-0.0069371073087014,0.1273851411293492,0.1599738310525074,0.1396066138686208,0.011792578274378202,0.007764355380001497,15.95,0.2599999999999998,0.0165710643722116,12.883,-0.0827872571589961,2.65,0.0099999999999997,0.1,16.45951996293216,0.0,0,0.0,0.8016666666666667,0.1983333333333332,0,0,0.0061067905003298,0.0041409389436211,0.0063321778592897,0.1588201189348169,0.1526180143025488,0.1021505174264677,15.69,12.05,13.22,2.64,2.61,2.55
2018-10-10,-0.0266329260036182,0.2253725203724159,0.1827351283272874,0.1506917414128455,-0.024546131672498098,-0.007361712124214003,22.96,7.010000000000002,0.4394984326018809,13.374,-0.4908865190300236,2.67,0.02,0.1099999999999998,16.954754300840673,0.0,0,0.0,0.568,0.432,0,0,-0.0069371073087014,0.0093885000711269,-0.0117977941861768,0.1599738310525074,0.1555486366439561,0.1077259938391356,15.95,11.61,13.14,2.65,2.62,2.56
2018-10-11,-0.0299631257243282,0.2451426923382473,0.210597075058767,0.1620794260962387,-0.0639428598987005,-0.0416663080966704,24.98,2.02,0.0879790940766549,14.004499999999998,-0.464723009138219,2.66,-0.0099999999999997,0.1100000000000003,17.33317458329302,0.0,0,0.0,0.5006666666666666,0.4993333333333334,0,0,-0.0266329260036182,0.0090159356307886,0.0038909526601103,0.1827351283272874,0.1575904488685755,0.1049337419962657,22.96,14.22,12.37,2.67,2.63,2.55
2018-10-12,-0.0109128052666366,0.2382015770257138,0.2127761011937435,0.1608065690810269,-0.0692610493928664,-0.0524630209905633,21.31,-3.6700000000000017,-0.1469175340272218,14.4665,-0.3801743021305344,2.66,0.0,0.1,17.283609323254435,0.0,0,0.0,0.623,0.377,0,0,-0.0299631257243282,-0.0056386400646309,-0.0001760583083735,0.210597075058767,0.1591987884223434,0.0988301060931447,24.98,14.82,12.07,2.66,2.64,2.56
2018-10-15,-0.0057036749396509,0.1846601774486851,0.2119728518926231,0.1588943497650498,-0.0810692720252076,-0.0611741527222637,21.3,-0.009999999999998,-0.0004692632566869,14.8475,-0.4041146914196744,2.67,0.0099999999999997,0.1,16.75484183076859,0.0,0,0.0,0.6233333333333333,0.3766666666666667,0,0,-0.0109128052666366,0.0061067905003298,0.0029956066109206,0.2127761011937435,0.1588201189348169,0.0996206013530763,21.31,15.69,13.68,2.66,2.64,2.57
2018-10-16,0.0214408662299427,0.3270438008703452,0.2277808222177222,0.160416341382343,-0.05289374667956849,-0.0439924729451016,17.62,-3.68,-0.1727699530516432,15.089000000000002,-0.4749878937819942,2.66,-0.0099999999999997,0.08,16.77576077287852,0.0,0,0.0,0.746,0.254,0,0,-0.0057036749396509,-0.0069371073087014,0.0040407063987184,0.2119728518926231,0.1599738310525074,0.1007768683494633,21.3,15.95,12.79,2.67,2.65,2.58
2018-10-17,0.0111397366218017,0.3182238112595489,0.2034934196057165,0.1614487289844669,-0.014821592025128795,-0.0615471095275361,17.4,-0.2200000000000024,-0.0124858115777526,15.3715,-0.4488998217868454,2.66,0.0,0.08,16.74907488501371,0.0,0,0.0,0.7533333333333334,0.2466666666666666,0,0,0.0214408662299427,-0.0266329260036182,0.0290466419854178,0.2277808222177222,0.1827351283272874,0.1424235866150298,17.62,22.96,11.75,2.66,2.67,2.58
2018-10-18,-0.0158428026390212,0.2485884120531632,0.2035245328369473,0.1632597256389354,-0.000370039808539396,-0.08606675853286411,20.06,2.66,0.1528735632183908,15.7845,-0.4763660830731955,2.67,0.0099999999999997,0.0899999999999998,16.682414704039044,0.0,0,0.0,0.6646666666666667,0.3353333333333332,0,0,0.0111397366218017,-0.0299631257243282,0.0085866634423554,0.2034934196057165,0.210597075058767,0.144009940515852,17.4,24.98,11.8,2.66,2.66,2.58
2018-10-19,-0.0016652695057255,0.2310442305607666,0.2035400723085211,0.163217712813032,0.008936089285564204,-0.0811366413761055,19.89,-0.1699999999999981,-0.0084745762711863,16.195,-0.483221276933796,2.67,0.0,0.0899999999999998,16.539073216337478,0.0,0,0.0,0.6703333333333333,0.3296666666666666,0,0,-0.0158428026390212,-0.0109128052666366,-0.0065750638133403,0.2035245328369473,0.2127761011937435,0.1463967150511589,20.06,21.31,11.68,2.67,2.66,2.58
2018-10-22,-0.0143638953536359,0.2559557312947706,0.2060050316761277,0.1638592483889473,0.00018803757088550407,-0.0859701012721643,19.64,-0.25,-0.0125691302161889,16.567,-0.45941687746552,2.68,0.0100000000000002,0.08,16.600466304835614,0.0,0,0.0,0.6786666666666666,0.3213333333333333,0,0,-0.0016652695057255,-0.0057036749396509,-0.009588330817244,0.2035400723085211,0.2119728518926231,0.1514326879756401,19.89,21.3,12.2,2.67,2.67,2.6
2018-10-23,-0.0104360777445049,0.177704221383371,0.2070729468741813,0.1641886663667237,-0.03151712234040369,-0.09362966244324,20.71,1.0700000000000005,0.0544806517311609,16.9815,-0.4603065710226697,2.67,-0.0100000000000002,0.08,16.879251932595082,0.0,0,0.0,0.643,0.357,0,0,-0.0143638953536359,0.0214408662299427,-0.0028273497902905,0.2060050316761277,0.2277808222177222,0.1384046360323204,19.64,17.62,12.42,2.68,2.66,2.59
2018-10-24,-0.0186226874729739,0.1055185510367247,0.2116848166760623,0.1655617961119171,-0.0613935421221139,-0.10058735385580199,25.23,4.52,0.2182520521487203,17.5985,-0.501924720952663,2.64,-0.0299999999999998,0.06,16.958321463259455,0.0,0,0.0,0.4923333333333333,0.5076666666666667,0,0,-0.0104360777445049,0.0111397366218017,-0.0117707578085297,0.2070729468741813,0.2034934196057165,0.1436669426393075,20.71,17.4,12.89,2.67,2.66,2.58
2018-10-25,0.0152001644987378,0.2128365426192996,0.2234285581855788,0.1683515118834941,-0.0303381013948196,-0.0811452197859605,24.22,-1.0100000000000016,-0.0400317082837892,18.189,-0.5190389843733422,2.66,0.02,0.08,16.675692316122326,0.0,0,0.0,0.526,0.474,0,0,-0.0186226874729739,-0.0158428026390212,-0.0043468595542166,0.2116848166760623,0.2035245328369473,0.1439957644281053,25.23,20.06,12.41,2.64,2.67,2.58
2018-10-26,-0.0137325183313149,0.2144983181807172,0.2228477720328342,0.1697800952900376,-0.0424991253728829,-0.0801937914318944,24.16,-0.0599999999999987,-0.0024772914946324,18.791,-0.5294978365233388,2.63,-0.0300000000000002,0.04,16.769112742231645,0.0,0,0.0,0.528,0.472,0,0,0.0152001644987378,-0.0016652695057255,-0.014670434927095,0.2234285581855788,0.2035400723085211,0.1519991628969406,24.22,19.89,12.12,2.66,2.67,2.59
2018-10-29,0.0138271347258651,0.2547239422734993,0.2291506541319491,0.171578184454925,-0.014298658586604599,-0.0722936450161123,24.7,0.5399999999999991,0.0223509933774834,19.426,-0.5128698984362322,2.64,0.0100000000000002,0.04,16.73031478621567,0.0,0,0.0,0.51,0.49,0,0,-0.0137325183313149,-0.0143638953536359,0.0058493064199365,0.2228477720328342,0.2060050316761277,0.1529812378190364,24.16,19.64,12.0,2.63,2.68,2.6
2018-10-30,0.0176441922042502,0.2782808079068746,0.2397986186770258,0.1760058175382802,0.0136825974124801,-0.0589356933331139,23.35,-1.349999999999998,-0.054655870445344,19.991,-0.5289000380127286,2.66,0.02,0.0500000000000002,16.706976217332,0.0,0,0.0,0.5549999999999999,0.445,0,0,0.0138271347258651,-0.0104360777445049,0.0041409389436211,0.2291506541319491,0.2070729468741813,0.1526180143025488,24.7,20.71,12.05,2.64,2.67,2.61
2018-10-31,0.0217431012567532,0.2235089722837227,0.2516637342947761,0.1819154760817603,0.053990962013522104,-0.0467703038062187,21.23,-2.120000000000001,-0.0907922912205567,20.472,-0.5498172786531467,2.69,0.0299999999999998,0.0699999999999998,16.85334405547554,0.0,0,0.0,0.6256666666666666,0.3743333333333334,0,0,0.0176441922042502,-0.0186226874729739,0.0093885000711269,0.2397986186770258,0.2116848166760623,0.1555486366439561,23.35,25.23,11.61,2.66,2.64,2.62
2018-11-01,-0.0003666056801281,0.2316089312474818,0.2482549887921053,0.1818026845147126,0.0385384896632817,-0.056112511438777796,19.34,-1.8900000000000008,-0.0890249646726331,20.728,-0.638624503712997,2.67,-0.02,0.04,16.385447533477222,0.0,0,0.0,0.6886666666666666,0.3113333333333333,0,0,0.0217431012567532,0.0152001644987378,0.0090159356307886,0.2516637342947761,0.2234285581855788,0.1575904488685755,21.23,24.22,14.22,2.69,2.66,2.63
2018-11-02,-0.0055058529385211,0.1859587027080405,0.2482351159882289,0.1815149032553125,0.0468451052364489,-0.055978980243736196,19.51,0.1700000000000017,0.0087900723888314,20.9625,-0.6365326971294237,2.7,0.0300000000000002,0.06,16.760433683071046,0.0,0,0.0,0.6829999999999999,0.317,0,0,-0.0003666056801281,-0.0137325183313149,-0.0056386400646309,0.2482549887921053,0.2228477720328342,0.1591987884223434,19.34,24.16,14.82,2.67,2.63,2.64
2018-11-05,0.0065510838333886,0.1823057352385118,0.2484496116296345,0.1812544024776678,0.039642411917276,-0.055537481123650694,19.96,0.4499999999999993,0.0230650948231676,21.176,-0.6452444954789923,2.71,0.0099999999999997,0.0699999999999998,16.14536065941667,0.0,0,0.0,0.6679999999999999,0.3320000000000001,0,0,-0.0055058529385211,0.0138271347258651,0.0061067905003298,0.2482351159882289,0.2291506541319491,0.1588201189348169,19.51,24.7,15.69,2.7,2.64,2.64
2018-11-06,0.0046748685295714,0.1614739610976427,0.2492783365517325,0.1788071166665928,0.0268160466510484,-0.043912224956443695,19.91,-0.0500000000000007,-0.0025050100200401,21.374,-0.6468314413369741,2.72,0.0100000000000002,0.0700000000000002,16.197368924231576,0.0,0,0.0,0.6696666666666666,0.3303333333333333,0,0,0.0065510838333886,0.0176441922042502,-0.0069371073087014,0.2484496116296345,0.2397986186770258,0.1599738310525074,19.96,23.35,15.95,2.71,2.66,2.65
2018-11-07,0.0171534572961553,0.1339247852787099,0.2399803100976378,0.1818166038247912,0.022313952914536597,8.978078081600324e-05,16.36,-3.5500000000000007,-0.1783023606228027,21.044,-0.6316285189204575,2.74,0.02,0.0700000000000002,16.35550503960129,0.0,0,0.0,0.788,0.2119999999999999,0,0,0.0046748685295714,0.0217431012567532,-0.0266329260036182,0.2492783365517325,0.2516637342947761,0.1827351283272874,19.91,21.23,22.96,2.72,2.69,2.67
2018-11-08,0.0080733199881559,0.1279936560655932,0.2125749427419083,0.1818453619858208,0.030721530898334296,0.038551879358257005,16.72,0.3599999999999994,0.02200488997555,20.631,-0.5901165283282191,2.74,0.0,0.08,16.27188920988264,0.0,0,0.0,0.776,0.2239999999999999,0,0,0.0171534572961553,-0.0003666056801281,-0.0299631257243282,0.2399803100976378,0.2482549887921053,0.210597075058767,16.36,19.34,24.98,2.74,2.67,2.66
2018-11-09,-0.0096992528699138,0.1532746391546436,0.2116304545951531,0.1818239515470351,0.026495999904545993,0.0397780690536762,17.36,0.6400000000000006,0.0382775119617224,20.4335,-0.7227594854574623,2.73,-0.0100000000000002,0.0699999999999998,16.160407830600988,0.0,0,0.0,0.7546666666666667,0.2453333333333333,0,0,0.0080733199881559,-0.0055058529385211,-0.0109128052666366,0.2125749427419083,0.2482351159882289,0.2127761011937435,16.72,19.51,21.31,2.74,2.7,2.66
2018-11-12,-0.0210262799523834,0.2410012305814995,0.2258369446580082,0.1867740716442112,-0.0012841993194172008,0.024247591582139703,20.45,3.09,0.1779953917050691,20.391,-0.768547045307326,2.73,0.0,0.06,16.401747186698852,0.0,0,0.0,0.6516666666666666,0.3483333333333334,0,0,-0.0096992528699138,0.0065510838333886,-0.0057036749396509,0.2116304545951531,0.2484496116296345,0.2119728518926231,17.36,19.96,21.3,2.73,2.71,2.67
2018-11-13,0.0058743842556097,0.2426791634536792,0.2140696577124288,0.187259428689711,-9.097725166920187e-05,0.0088905444714556,20.02,-0.4299999999999997,-0.0210268948655256,20.511000000000003,-0.7371985573012417,2.72,-0.0099999999999997,0.06,16.43626577822872,0.0,0,0.0,0.666,0.3339999999999999,0,0,-0.0210262799523834,0.0046748685295714,0.0214408662299427,0.2258369446580082,0.2492783365517325,0.2277808222177222,20.45,19.91,17.62,2.73,2.72,2.66
2018-11-14,-0.0206222766258671,0.2233626145223581,0.2228407868428729,0.1912210380142966,-0.037936860214064505,-0.023025487408119702,21.25,1.2300000000000004,0.0614385614385615,20.7035,-0.7337751696078015,2.71,-0.0100000000000002,0.0499999999999998,16.725761247434914,0.0,0,0.0,0.625,0.375,0,0,0.0058743842556097,0.0171534572961553,0.0111397366218017,0.2140696577124288,0.2399803100976378,0.2034934196057165,20.02,16.36,17.4,2.72,2.74,2.66
2018-11-15,0.0255286430657635,0.3139265080107948,0.2341724363153396,0.1986053125222084,-0.020769536331594902,0.0181523828352015,19.98,-1.2699999999999996,-0.0597647058823529,20.6995,-0.7133762896213219,2.7,-0.0099999999999997,0.0300000000000002,16.765198945372877,0.0,0,0.0,0.6673333333333333,0.3326666666666666,0,0,-0.0206222766258671,0.0080733199881559,-0.0158428026390212,0.2228407868428729,0.2125749427419083,0.2035245328369473,21.25,16.72,20.06,2.71,2.74,2.67
2018-11-16,-0.0007268155126338,0.3103129293413703,0.2340591660380731,0.1985815751485949,-0.011750019095745402,0.0190919606723666,18.14,-1.84,-0.0920920920920921,20.612,-0.6883718562327579,2.68,-0.02,0.0100000000000002,16.440077768176863,0.0,0,0.0,0.7286666666666666,0.2713333333333334,0,0,0.0255286430657635,-0.0096992528699138,-0.0016652695057255,0.2341724363153396,0.2116304545951531,0.2035400723085211,19.98,17.36,19.89,2.7,2.73,2.67
2018-11-19,0.00763690002505,0.2637090350420397,0.2278000531286865,0.1992906621673381,0.017108347911509697,0.0411679019227639,20.1,1.9600000000000009,0.1080485115766263,20.635,-0.6672431665095243,2.66,-0.02,-0.02,16.4536389562564,0.0,0,0.0,0.6633333333333333,0.3366666666666666,0,0,-0.0007268155126338,-0.0210262799523834,-0.0143638953536359,0.2340591660380731,0.2258369446580082,0.2060050316761277,18.14,20.45,19.64,2.68,2.73,2.68
2018-11-20,-0.0214740877658522,0.3152448448089316,0.2391908482258534,0.2003819883045288,-0.010456860332783102,0.0299508064790762,22.48,2.379999999999999,0.1184079601990049,20.7235,-0.6907636348454237,2.67,0.0099999999999997,0.0,16.756586044821777,0.0,0,0.0,0.584,0.416,0,0,0.00763690002505,0.0058743842556097,-0.0104360777445049,0.2278000531286865,0.2140696577124288,0.2070729468741813,20.1,20.02,20.71,2.66,2.72,2.67
2018-11-21,-0.0074688362242072,0.2771955090227812,0.2296457768407758,0.200662775483323,0.0028841571728973,0.0412522118868915,20.8,-1.6799999999999995,-0.0747330960854092,20.502,-0.5991207057671651,2.67,0.0,0.0299999999999998,16.178212002450806,0.0,0,0.0,0.6399999999999999,0.3600000000000001,0,0,-0.0214740877658522,-0.0206222766258671,-0.0186226874729739,0.2391908482258534,0.2228407868428729,0.2116848166760623,22.48,21.25,25.23,2.67,2.71,2.64
2018-11-23,-0.0091974454524071,0.1724356016790196,0.2275733761469969,0.2013037626198145,-0.0315640748995521,0.016926409330469003,21.52,0.7199999999999989,0.0346153846153844,20.367,-0.6010079296932757,2.67,0.0,0.0099999999999997,15.685526679279285,0.0,0,0.0,0.616,0.384,0,0,-0.0074688362242072,0.0255286430657635,0.0152001644987378,0.2296457768407758,0.2341724363153396,0.2234285581855788,20.8,19.98,24.22,2.67,2.7,2.66
2018-11-26,0.0244724333837358,0.2802192865758438,0.2349377630035403,0.2077652845929088,-0.0066592141789877,0.054931871866261806,18.9,-2.620000000000001,-0.1217472118959108,20.104,-0.6579329444254506,2.7,0.0300000000000002,0.0700000000000002,16.450868266699693,0.0,0,0.0,0.7033333333333334,0.2966666666666666,0,0,-0.0091974454524071,-0.0007268155126338,-0.0137325183313149,0.2275733761469969,0.2340591660380731,0.2228477720328342,21.52,18.14,24.16,2.67,2.68,2.63
2018-11-27,0.0042103663333767,0.2743550821518979,0.2314365611655476,0.2077909494868577,-0.0100655731628163,0.04540098734655221,19.02,0.120000000000001,0.0063492063492063,19.82,-0.6828981899669027,2.7,0.0,0.06,16.038857727692253,0.0,0,0.0,0.6993333333333334,0.3006666666666666,0,0,0.0244724333837358,0.00763690002505,0.0138271347258651,0.2349377630035403,0.2278000531286865,0.2291506541319491,18.9,20.1,24.7,2.7,2.66,2.64
2018-11-28,0.0111191859030779,0.2192484019625981,0.2269078712453869,0.2088613724242014,0.0227002599582104,0.0389684690248065,18.49,-0.5300000000000011,-0.0278654048370137,19.577,-0.6781446965695299,2.69,-0.0100000000000002,0.0299999999999998,16.45294521461471,0.0,0,0.0,0.7170000000000001,0.2829999999999999,0,0,0.0042103663333767,-0.0214740877658522,0.0176441922042502,0.2314365611655476,0.2391908482258534,0.2397986186770258,19.02,22.48,23.35,2.7,2.67,2.66
2018-11-29,-0.007932443071785,0.2208833399375664,0.2171152231605596,0.2092330546633738,0.0222330553276981,0.009494305201067503,18.79,0.3000000000000007,0.0162249864791779,19.455,-0.6566923531199869,2.69,0.0,0.0,16.226438804127266,0.0,0,0.0,0.7070000000000001,0.2929999999999999,0,0,0.0111191859030779,-0.0074688362242072,0.0217431012567532,0.2269078712453869,0.2296457768407758,0.2516637342947761,18.49,20.8,21.23,2.69,2.67,2.69
2018-11-30,0.0102671078542915,0.1852437199138432,0.2198036268388498,0.2102369902519836,0.041687817541304406,0.020075737208491703,18.07,-0.7199999999999989,-0.0383182543906333,19.3915,-0.6843927616971944,2.7,0.0100000000000002,0.0300000000000002,16.741501519305128,0.0,0,0.0,0.731,0.269,0,0,-0.007932443071785,-0.0091974454524071,-0.0003666056801281,0.2171152231605596,0.2275733761469969,0.2482549887921053,18.79,21.52,19.34,2.69,2.67,2.67
2018-12-03,0.0094431864348287,0.1258040951017072,0.2203091135524708,0.2111330034492153,0.0269089148633843,0.034995681493197206,16.44,-1.629999999999999,-0.0902047592695074,19.238,-0.6917465334637783,2.72,0.02,0.02,16.590253271198918,0.0,0,0.0,0.7853333333333333,0.2146666666666666,0,0,0.0102671078542915,0.0244724333837358,-0.0055058529385211,0.2198036268388498,0.2349377630035403,0.2482351159882289,18.07,18.9,19.51,2.7,2.7,2.7
2018-12-04,-0.0446361943855242,0.3854355999548313,0.2761192861462517,0.2306074125111082,-0.022955675435049797,-0.01719710000577359,20.74,4.299999999999997,0.2615571776155716,19.277,-0.805401229192024,2.71,-0.0100000000000002,0.0,16.974886920286874,0.0,0,0.0,0.6420000000000001,0.3579999999999999,1,0,0.0094431864348287,0.0042103663333767,0.0065510838333886,0.2203091135524708,0.2314365611655476,0.2484496116296345,16.44,19.02,19.96,2.72,2.7,2.71
2018-12-06,-0.019024534284279,0.3674923490732207,0.2827088146747789,0.2331334750132365,-0.0532213268413482,-0.041068904467590095,21.19,0.4500000000000028,0.0216972034715527,19.341,-0.7918210614693582,2.7,-0.0099999999999997,-0.02,17.119238466892856,0.0,0,0.0,0.627,0.373,0,0,-0.0446361943855242,0.0111191859030779,0.0046748685295714,0.2761192861462517,0.2269078712453869,0.2492783365517325,20.74,18.49,19.91,2.71,2.69,2.72
2018-12-07,-0.0180628872494146,0.3699919087083901,0.278840022250224,0.2347253201356731,-0.0634852672145893,-0.0763049149280584,23.23,2.039999999999999,0.0962718263331758,19.6845,-0.7887568457035671,2.68,-0.02,-0.06,16.772948940732412,0.0,0,0.0,0.5589999999999999,0.441,0,0,-0.019024534284279,-0.007932443071785,0.0171534572961553,0.2827088146747789,0.2171152231605596,0.2399803100976378,21.19,18.79,16.36,2.7,2.69,2.74
2018-12-10,-0.018685022416423,0.3091338294638069,0.2800181680901957,0.2371574085363832,-0.0925618192100532,-0.10320761289989579,22.64,-0.5899999999999999,-0.0253981919931123,19.9805,-0.7608962614755348,2.69,0.0099999999999997,-0.0500000000000002,16.978298496949414,0.0,0,0.0,0.5786666666666667,0.4213333333333333,0,0,-0.0180628872494146,0.0102671078542915,0.0080733199881559,0.278840022250224,0.2198036268388498,0.2125749427419083,23.23,18.07,16.72,2.68,2.7,2.74
2018-12-11,-0.009767018456172,0.2158664405538654,0.2800331382983618,0.2377024305193594,-0.1117757261292745,-0.10327604454062328,21.76,-0.879999999999999,-0.0388692579505299,20.2005,-0.7441363314325616,2.7,0.0100000000000002,-0.0299999999999998,16.64049608737235,0.0,0,0.0,0.6079999999999999,0.3920000000000001,0,0,-0.018685022416423,0.0094431864348287,-0.0096992528699138,0.2800181680901957,0.2203091135524708,0.2116304545951531,22.64,16.44,17.36,2.69,2.72,2.73
2018-12-12,0.0064760740871581,0.1744697932133239,0.2761662545427166,0.2381145661832637,-0.059657468956485896,-0.07557036964284228,21.46,-0.3000000000000007,-0.0137867647058823,20.251,-0.7335751122678582,2.7,0.0,-0.0299999999999998,16.93441138365672,0.0,0,0.0,0.618,0.382,0,0,-0.009767018456172,-0.0446361943855242,-0.0210262799523834,0.2800331382983618,0.2761192861462517,0.2258369446580082,21.76,20.74,20.45,2.7,2.71,2.73
2018-12-13,0.0009897936615739,0.1802275991945755,0.2744487946589398,0.2378736408202813,-0.039460335624054495,-0.08043826283997538,20.65,-0.8100000000000023,-0.0377446411929172,20.2825,-0.7337604405061939,2.69,-0.0100000000000002,-0.0300000000000002,16.663374931961663,0.0,0,0.0,0.645,0.355,0,0,0.0064760740871581,-0.019024534284279,0.0058743842556097,0.2761662545427166,0.2827088146747789,0.2140696577124288,21.46,21.19,20.02,2.7,2.7,2.72
2018-12-14,-0.0082077226446721,0.1565333896774502,0.2677733456057303,0.22949714904897,-0.0294739144282237,-0.06784196914221759,21.63,0.9800000000000004,0.0474576271186439,20.3015,-0.7285193489765269,2.68,-0.0099999999999997,-0.0299999999999998,16.805199658274056,0.0,0,0.0,0.6123333333333334,0.3876666666666666,0,0,0.0009897936615739,-0.0180628872494146,-0.0206222766258671,0.2744487946589398,0.278840022250224,0.2228407868428729,20.65,23.23,21.25,2.69,2.68,2.71
2018-12-17,-0.0127632645094896,0.1284414349281789,0.247140734469675,0.2292697348836819,-0.0234575362655502,-0.10589561283385109,24.52,2.890000000000001,0.1336107258437355,20.5285,-0.727500266554202,2.66,-0.02,-0.04,17.038916147938092,0.0,0,0.0,0.516,0.484,0,0,-0.0082077226446721,-0.018685022416423,0.0255286430657635,0.2677733456057303,0.2800181680901957,0.2341724363153396,21.63,22.64,19.98,2.68,2.69,2.7
2018-12-18,-0.0047471368215912,0.1205053287621042,0.2465661357313046,0.2291739562134622,-0.018400947880325702,-0.10992697332520358,25.58,1.0599999999999987,0.0432300163132135,20.9005,-0.7358315567371038,2.64,-0.02,-0.04,16.85225045680806,0.0,0,0.0,0.4806666666666667,0.5193333333333333,0,0,-0.0127632645094896,-0.009767018456172,-0.0007268155126338,0.247140734469675,0.2800331382983618,0.2340591660380731,24.52,21.76,18.14,2.66,2.7,2.68
2018-12-19,-0.0126851429500687,0.0927126386327384,0.2427817944611432,0.2296583602685213,-0.0376224286131127,-0.1303011461674647,25.58,0.0,0.0,21.1745,-0.8101692892278841,2.62,-0.02,-0.04,17.174770774923868,0.0,0,0.0,0.4806666666666667,0.5193333333333333,0,0,-0.0047471368215912,0.0064760740871581,0.00763690002505,0.2465661357313046,0.2761662545427166,0.2278000531286865,25.58,21.46,20.1,2.64,2.7,2.66
2018-12-20,-0.0086340928749257,0.0541849368195637,0.2362847840358174,0.229960594552371,-0.04728331535592921,-0.1172647178631215,28.38,2.8000000000000007,0.1094605160281469,21.4695,-0.7819802675256057,2.64,0.02,-0.0299999999999998,17.275769018177275,0.0,0,0.0,0.3873333333333334,0.6126666666666666,0,0,-0.0126851429500687,0.0009897936615739,-0.0214740877658522,0.2427817944611432,0.2744487946589398,0.2391908482258534,25.58,20.65,22.48,2.62,2.69,2.67
2018-12-21,-0.0236393192859083,0.1137066026239308,0.2448307865186262,0.2332506897023725,-0.0629649348284045,-0.1336910611435194,30.11,1.7300000000000004,0.0609584214235376,21.935,-0.8081962273869294,2.62,-0.02,-0.0499999999999998,17.53670958725533,0.0,0,0.0,0.3296666666666666,0.6703333333333333,0,0,-0.0086340928749257,-0.0082077226446721,-0.0074688362242072,0.2362847840358174,0.2677733456057303,0.2296457768407758,28.38,21.63,20.8,2.64,2.68,2.67
2018-12-24,-0.0215561857809591,0.1313306949219098,0.2505555871661311,0.2363310397591696,-0.07191143421902679,-0.1462429721533258,36.07,5.960000000000001,0.1979408834274327,22.6625,-0.8062389802557051,2.61,-0.0100000000000002,-0.06,16.649270870053257,0.0,0,0.0,0.131,0.869,0,1,-0.0236393192859083,-0.0127632645094896,-0.0091974454524071,0.2448307865186262,0.247140734469675,0.2275733761469969,30.11,24.52,21.52,2.62,2.66,2.67
2018-12-26,0.0414583536335615,0.4196060321087828,0.2827036270228997,0.2518115803269333,-0.026530999946888005,-0.12979875909310387,30.41,-5.66,-0.1569171056279457,23.238,-0.8171459109670441,2.61,0.0,-0.0900000000000003,16.930930762819475,0.0,0,0.0,0.3196666666666666,0.6803333333333333,1,0,-0.0215561857809591,-0.0047471368215912,0.0244724333837358,0.2505555871661311,0.2465661357313046,0.2349377630035403,36.07,25.58,18.9,2.61,2.64,2.7
2018-12-27,0.0112546244944735,0.4271748521498381,0.2872620515492615,0.2528142594961077,-0.002572951202720797,-0.12280852420736918,29.96,-0.4499999999999993,-0.0147977638934561,23.785,-0.8167009067527988,2.58,-0.0299999999999998,-0.1200000000000001,16.82636299355703,0.0,0,0.0,0.3346666666666666,0.6653333333333333,0,0,0.0414583536335615,-0.0126851429500687,0.0042103663333767,0.2827036270228997,0.2427817944611432,0.2314365611655476,30.41,25.58,19.02,2.61,2.62,2.7
2018-12-28,-0.0021639143535059,0.4218118010650459,0.2805174157110707,0.2524382813637655,0.003932372402087503,-0.13603260541924436,28.34,-1.620000000000001,-0.0540720961281708,24.2775,-0.8097834047670375,2.57,-0.0100000000000002,-0.1200000000000001,16.703841401277064,0.0,0,0.0,0.3886666666666667,0.6113333333333333,0,0,0.0112546244944735,-0.0086340928749257,0.0111191859030779,0.2872620515492615,0.2362847840358174,0.2269078712453869,29.96,28.38,18.49,2.58,2.64,2.69
2018-12-31,0.0081586024458986,0.3604315857994459,0.2854044685463777,0.2522041365708911,0.0359810842941872,-0.11994303217703028,25.42,-2.919999999999998,-0.1030345800988001,24.609,-0.8162499172453977,2.63,0.06,-0.06,16.398541681290148,0.0,0,0.0,0.486,0.514,0,0,-0.0021639143535059,-0.0236393192859083,-0.007932443071785,0.2805174157110707,0.2448307865186262,0.2171152231605596,28.34,30.11,18.79,2.57,2.62,2.69
2019-01-02,0.0173119469186582,0.2531983603894222,0.2916376810083881,0.2543612092310654,0.0749368009069557,-0.11299398878767448,23.22,-2.200000000000003,-0.0865460267505902,24.8665,-0.8248721533514756,2.6,-0.0299999999999998,-0.1,16.56731611108383,0.0,0,0.0,0.5593333333333333,0.4406666666666666,0,0,0.0081586024458986,-0.0215561857809591,0.0102671078542915,0.2854044685463777,0.2505555871661311,0.2198036268388498,25.42,36.07,18.07,2.63,2.61,2.7
2019-01-03,-0.0142114732753084,0.1969064774403171,0.287526737037783,0.2554389390747404,0.020001383576048797,-0.13670629038043938,25.45,2.2300000000000004,0.0960378983634797,25.317,-0.81863527367272,2.5,-0.1,-0.2200000000000002,16.605841023081133,0.8,1,0.4285714285714286,0.485,0.515,0,0,0.0173119469186582,0.0414583536335615,0.0094431864348287,0.2916376810083881,0.2827036270228997,0.2203091135524708,23.22,30.41,16.44,2.6,2.61,2.72
2019-01-04,0.036865123386887,0.3048933087839104,0.2877460128056253,0.2670205244570839,0.045011477700190296,-0.0548413710721291,21.38,-4.07,-0.1599214145383104,25.349,-0.7992259865275259,2.57,0.0699999999999998,-0.1400000000000001,16.644904913074114,0.0,0,0.0,0.6206666666666667,0.3793333333333333,1,0,-0.0142114732753084,0.0112546244944735,-0.0446361943855242,0.287526737037783,0.2872620515492615,0.2761192861462517,25.45,29.96,20.74,2.5,2.58,2.71
2019-01-07,0.0006951847031844,0.2989082403823785,0.2812398116081579,0.2668893664021112,0.047872679873610095,-0.03493859870428609,21.4,0.0199999999999995,0.0009354536950421,25.3595,-0.8099642398188026,2.58,0.0100000000000002,-0.1200000000000001,16.551869654286,0.0,0,0.0,0.6200000000000001,0.3799999999999999,0,0,0.036865123386887,-0.0021639143535059,-0.019024534284279,0.2877460128056253,0.2805174157110707,0.2827088146747789,21.38,28.34,21.19,2.57,2.57,2.7
2019-01-08,-0.0018857514036693,0.3102054886947429,0.2744383418582773,0.2617567910564063,0.03785964723403209,-0.018598117728408893,20.47,-0.9299999999999996,-0.0434579439252336,25.2215,-0.7941964064263088,2.6,0.02,-0.08,16.42402038459159,0.0,0,0.0,0.651,0.349,0,0,0.0006951847031844,0.0081586024458986,-0.0180628872494146,0.2812398116081579,0.2854044685463777,0.278840022250224,21.4,25.42,23.23,2.58,2.63,2.68
2019-01-09,-0.0016902141420804,0.3022545440738496,0.2662025330546591,0.254764860563048,0.019004200568076397,-0.0014279690095448951,19.98,-0.4899999999999984,-0.0239374694675134,25.0885,-0.8324823616052666,2.59,-0.0100000000000002,-0.1,16.470884122337054,0.0,0,0.0,0.6673333333333333,0.3326666666666666,0,0,-0.0018857514036693,0.0173119469186582,-0.018685022416423,0.2744383418582773,0.2916376810083881,0.2800181680901957,20.47,23.22,22.64,2.6,2.6,2.69
2019-01-10,-9.962552523168355e-05,0.2628663094617365,0.2637082143919885,0.2539385778304783,0.03321799340109405,0.008287429149929155,19.5,-0.4800000000000004,-0.024024024024024,24.9755,-0.8551239288745688,2.59,0.0,-0.1100000000000003,16.48107773301907,0.0,0,0.0,0.6833333333333333,0.3166666666666666,0,0,-0.0016902141420804,-0.0142114732753084,-0.009767018456172,0.2662025330546591,0.287526737037783,0.2800331382983618,19.98,25.45,21.76,2.59,2.5,2.7
2019-01-11,-0.004781478374448,0.0334815618770012,0.2633130683246583,0.2538708329673504,-0.007776809363095253,-0.002960711478738445,18.19,-1.3099999999999987,-0.067179487179487,24.812,-0.832833390555486,2.58,-0.0099999999999997,-0.1200000000000001,16.55246569062325,0.0,0,0.0,0.727,0.273,0,0,-9.962552523168355e-05,0.036865123386887,0.0064760740871581,0.2637082143919885,0.2877460128056253,0.2761662545427166,19.5,21.38,21.46,2.59,2.57,2.7
2019-01-14,0.0103093265726275,0.091868827093369,0.2658861978387206,0.2507673391128645,0.0017847953599120468,0.006306532279680454,19.07,0.879999999999999,0.0483782297965915,24.733,-0.8034624596973662,2.57,-0.0100000000000002,-0.1200000000000001,16.87226742039603,0.0,0,0.0,0.6976666666666667,0.3023333333333333,0,0,-0.004781478374448,0.0006951847031844,0.0009897936615739,0.2633130683246583,0.2812398116081579,0.2744487946589398,18.19,21.4,20.65,2.58,2.58,2.69
2019-01-15,0.0073311845356527,0.1004925548568332,0.2649753466273103,0.2501037746488592,0.010976769056822048,0.021852565756636855,18.6,-0.4699999999999988,-0.0246460409019401,24.5815,-0.8010932555427017,2.57,0.0,-0.1100000000000003,17.092840217252757,0.0,0,0.0,0.7133333333333333,0.2866666666666667,0,0,0.0103093265726275,-0.0018857514036693,-0.0082077226446721,0.2658861978387206,0.2744383418582773,0.2677733456057303,19.07,20.47,21.63,2.57,2.6,2.68
2019-01-16,0.008064433201842,0.10050776586239,0.2607392659636253,0.2488634186885752,0.020700502655904746,0.04273006991191006,19.04,0.4399999999999977,0.0236559139784944,24.3075,-0.7836112867060001,2.57,0.0,-0.0900000000000003,16.73506353873725,0.0,0,0.0,0.6986666666666668,0.3013333333333332,0,0,0.0073311845356527,-0.0016902141420804,-0.0127632645094896,0.2649753466273103,0.2662025330546591,0.247140734469675,18.6,19.98,24.52,2.57,2.59,2.66
2019-01-17,0.0040976347211765,0.0935330890890231,0.2595247458739484,0.2490523824210377,0.024889395423789498,0.05157777245404435,18.06,-0.9800000000000004,-0.0514705882352941,23.9315,-0.7792262551616129,2.57,0.0,-0.0700000000000002,16.47209909962914,0.0,0,0.0,0.7313333333333334,0.2686666666666666,0,0,0.008064433201842,-9.962552523168355e-05,-0.0047471368215912,0.2607392659636253,0.2637082143919885,0.2465661357313046,19.04,19.5,25.58,2.57,2.59,2.64
2019-01-18,0.0162261013618407,0.0708758136717862,0.2571008111082042,0.2496876412372312,0.0457782067442947,0.08043992387866897,17.8,-0.259999999999998,-0.0143964562569213,23.5425,-0.7789417105781424,2.6,0.0300000000000002,-0.02,16.61454042419763,0.0,0,0.0,0.74,0.26,0,0,0.0040976347211765,-0.004781478374448,-0.0126851429500687,0.2595247458739484,0.2633130683246583,0.2427817944611432,18.06,18.19,25.58,2.57,2.58,2.62
2019-01-22,-0.0157760179417669,0.1894240412723591,0.2630475458168516,0.250888609046498,0.019619875057671404,0.07320972269328106,20.8,3.0,0.1685393258426966,23.1635,-0.7885482257568075,2.59,-0.0100000000000002,-0.0500000000000002,16.653635409034308,0.0,0,0.0,0.6399999999999999,0.3600000000000001,0,0,0.0162261013618407,0.0103093265726275,-0.0086340928749257,0.2571008111082042,0.2658861978387206,0.2362847840358174,17.8,19.07,28.38,2.6,2.57,2.64
2019-01-23,-0.0025256248217805,0.191223503377399,0.2435305696695605,0.2479453659836449,0.0097866134395766,0.09460411402461795,19.52,-1.2800000000000011,-0.0615384615384615,22.634,-0.7697751928432246,2.59,0.0,-0.0300000000000002,16.31256816824814,0.0,0,0.0,0.6826666666666668,0.3173333333333332,0,0,-0.0157760179417669,0.0073311845356527,-0.0236393192859083,0.2630475458168516,0.2649753466273103,0.2448307865186262,20.8,18.6,30.11,2.59,2.57,2.62
2019-01-24,0.0005844801687406,0.1834704418992421,0.2233236738201587,0.2459589820198812,0.0023388334328223004,0.11698033756375915,18.89,-0.629999999999999,-0.0322745901639344,21.775,-0.7120553815618252,2.58,-0.0099999999999997,-0.0299999999999998,16.24003014625782,0.0,0,0.0,0.7036666666666667,0.2963333333333333,0,0,-0.0025256248217805,0.008064433201842,-0.0215561857809591,0.2435305696695605,0.2607392659636253,0.2505555871661311,19.52,19.04,36.07,2.59,2.57,2.61
2019-01-25,0.0063267153667125,0.1868719219045145,0.1818187910483037,0.2446539242484537,0.004556356871473901,0.08266512927240625,17.42,-1.4699999999999989,-0.0778189518263631,21.1255,-0.6432230434617402,2.6,0.02,-0.0099999999999997,16.48061157312238,0.0,0,0.0,0.7526666666666666,0.2473333333333334,0,0,0.0005844801687406,0.0040976347211765,0.0414583536335615,0.2233236738201587,0.2595247458739484,0.2827036270228997,18.89,18.06,30.41,2.58,2.57,2.61
2019-01-28,0.0047391198699957,0.1403014583808713,0.1799284628778394,0.2432072911349907,-0.006811582641945101,0.07620129243944465,18.87,1.4499999999999993,0.0832376578645235,20.571,-0.6140178592663386,2.6,0.0,0.02,16.32373497323431,0.0,0,0.0,0.7043333333333333,0.2956666666666667,0,0,0.0063267153667125,0.0162261013618407,0.0112546244944735,0.1818187910483037,0.2571008111082042,0.2872620515492615,17.42,17.8,29.96,2.6,2.6,2.58
2019-01-29,0.0027916346081058,0.0552307266144806,0.1786004630660839,0.2405378551640846,0.011877946380448397,0.08115529667164195,19.13,0.259999999999998,0.0137784843667194,20.1105,-0.6350285549588761,2.6,0.0,0.0300000000000002,16.09209052990543,0.0,0,0.0,0.6956666666666667,0.3043333333333333,0,0,0.0047391198699957,-0.0157760179417669,-0.0021639143535059,0.1799284628778394,0.2630475458168516,0.2805174157110707,18.87,20.8,28.34,2.6,2.59,2.57
2019-01-30,0.0023039423342008,0.0352344987456711,0.1780367688307923,0.2362945112235722,0.016708058301514898,0.07533108803194566,17.66,-1.4699999999999989,-0.076842655514898,19.7225,-0.6193353757167968,2.57,-0.0300000000000002,-0.06,16.343341071796342,0.0,0,0.0,0.7446666666666666,0.2553333333333334,0,0,0.0027916346081058,-0.0025256248217805,0.0081586024458986,0.1786004630660839,0.2435305696695605,0.2854044685463777,19.13,19.52,25.42,2.6,2.59,2.63
2019-01-31,-0.0087156785161718,0.0942375564708131,0.1759267635831749,0.2368858010440452,0.007369866690035398,0.04941340334683885,16.57,-1.09,-0.0617214043035106,19.39,-0.5339074452640552,2.55,-0.02,-0.0500000000000002,16.67888794653713,0.0,0,0.0,0.781,0.2189999999999999,0,0,0.0023039423342008,0.0005844801687406,0.0173119469186582,0.1780367688307923,0.2233236738201587,0.2916376810083881,17.66,18.89,23.22,2.57,2.58,2.6
2019-02-01,0.0036715683775356,0.087313990393598,0.1643730118676361,0.2368394906001587,0.004727925594833498,0.06739167129119096,16.14,-0.4299999999999997,-0.0259505129752565,18.9245,-0.4661120444206117,2.56,0.0100000000000002,0.06,16.380521528912276,0.0,0,0.0,0.7953333333333333,0.2046666666666666,0,0,-0.0087156785161718,0.0063267153667125,-0.0142114732753084,0.1759267635831749,0.1818187910483037,0.287526737037783,16.57,17.42,25.45,2.55,2.6,2.5
2019-02-04,0.0035619391255894,0.0844648022111722,0.1096131296308215,0.2365368242944696,0.003555610444221697,0.03474542518347606,15.73,-0.4100000000000001,-0.0254027261462206,18.642,-0.1839144371500883,2.57,0.0099999999999997,0.0,16.105162476848143,0.0,0,0.0,0.8089999999999999,0.191,0,0,0.0036715683775356,0.0047391198699957,0.036865123386887,0.1643730118676361,0.1799284628778394,0.2877460128056253,16.14,18.87,21.38,2.56,2.6,2.57
2019-02-05,-0.0044125447683779,0.0887006060415226,0.1117428865380242,0.2364025578888328,-0.003654443566168303,0.029628173231863557,15.57,-0.1600000000000001,-0.0101716465352829,18.3505,-0.1817939681773316,2.56,-0.0099999999999997,-0.02,16.36206099631631,0.0,0,0.0,0.8143333333333334,0.1856666666666666,0,0,0.0035619391255894,0.0027916346081058,0.0006951847031844,0.1096131296308215,0.1786004630660839,0.2812398116081579,15.73,19.13,21.4,2.57,2.6,2.58
2019-02-06,-0.0004815878144605,0.0848227083362402,0.1112912490344018,0.233483111557103,-0.006437439709872203,0.03103400108804136,15.38,-0.1899999999999995,-0.0122029543994861,18.096,-0.1970527766348647,2.56,0.0,-0.04,15.98399278078589,0.0,0,0.0,0.8206666666666667,0.1793333333333333,0,0,-0.0044125447683779,0.0023039423342008,-0.0018857514036693,0.1117428865380242,0.1780367688307923,0.2744383418582773,15.57,17.66,20.47,2.56,2.57,2.6
2019-02-07,-0.0131099652985275,0.1112174130915547,0.1226514085751413,0.2340017403006064,-0.010880216957066303,0.019528985821696154,16.37,0.9900000000000002,0.0643693107932379,17.9155,-0.2960585816719652,2.55,-0.0100000000000002,-0.04,16.394021463598424,0.0,0,0.0,0.7876666666666666,0.2123333333333333,0,0,-0.0004815878144605,-0.0087156785161718,-0.0016902141420804,0.1112912490344018,0.1759267635831749,0.2662025330546591,15.38,16.57,19.98,2.56,2.55,2.59
2019-02-08,-0.0099629985125332,0.1083146230114624,0.1287035059217698,0.2340428640115258,-0.024558022892289703,0.009615654997807208,15.72,-0.6500000000000004,-0.0397067806963958,17.7265,-0.2469609935877166,2.54,-0.0099999999999997,-0.0499999999999998,16.37216413888859,0.0,0,0.0,0.8093333333333333,0.1906666666666666,0,0,-0.0131099652985275,0.0036715683775356,-9.962552523168355e-05,0.1226514085751413,0.1643730118676361,0.2637082143919885,16.37,16.14,19.5,2.55,2.56,2.59
2019-02-11,-0.0047354451880519,0.0796779144476114,0.1286784710076013,0.2304879879432249,-0.0328603262678904,0.009661908278680907,15.97,0.25,0.0159033078880406,17.6155,-0.2993918493117874,2.55,0.0099999999999997,-0.0300000000000002,16.21144946377865,0.0,0,0.0,0.8009999999999999,0.199,0,0,-0.0099629985125332,0.0035619391255894,-0.004781478374448,0.1287035059217698,0.1096131296308215,0.2633130683246583,15.72,15.73,18.19,2.54,2.57,2.58
2019-02-12,0.0170501713013799,0.1872261644123978,0.1372565007248701,0.2330207176907467,-0.011531568994509002,0.016311808877442508,15.43,-0.5400000000000009,-0.0338134001252349,17.433500000000002,-0.3846265357412693,2.55,0.0,-0.02,16.369033419422934,0.0,0,0.0,0.819,0.181,0,0,-0.0047354451880519,-0.0044125447683779,0.0103093265726275,0.1286784710076013,0.1117428865380242,0.2658861978387206,15.97,15.57,19.07,2.55,2.56,2.57
2019-02-13,0.004775701317877,0.194027727688646,0.1359537683387403,0.2295758668479509,-0.006285531345615303,0.013771700685604009,15.65,0.2200000000000006,0.0142579390797148,17.286,-0.367221084828475,2.55,0.0,-0.02,16.19079772816185,0.0,0,0.0,0.8116666666666666,0.1883333333333333,0,0,0.0170501713013799,-0.0004815878144605,0.0073311845356527,0.1372565007248701,0.1112912490344018,0.2649753466273103,15.43,15.38,18.6,2.55,2.56,2.57
2019-02-14,-0.0064991068181128,0.17277003798936,0.1353403448550794,0.2235068684882668,0.0003908101212081964,-0.0007807067130003922,16.22,0.5699999999999985,0.0364217252396166,17.145,-0.4207341177602686,2.53,-0.02,-0.04,16.2594650832377,0.0,0,0.0,0.7926666666666667,0.2073333333333332,0,0,0.004775701317877,-0.0131099652985275,0.008064433201842,0.1359537683387403,0.1226514085751413,0.2607392659636253,15.65,16.37,19.04,2.55,2.55,2.57
2019-02-15,0.0305602118695023,0.2448464137923052,0.17231364899008,0.2324574685215366,0.0405063208364741,0.025232580410491808,14.91,-1.3099999999999987,-0.0807644882860665,16.9875,-0.481584790781858,2.55,0.02,-0.02,16.504507119209173,0.0,0,0.0,0.8363333333333334,0.1636666666666666,0,0,-0.0064991068181128,-0.0099629985125332,0.0040976347211765,0.1353403448550794,0.1287035059217698,0.2595247458739484,16.22,15.72,18.06,2.53,2.54,2.57
2019-02-19,-0.0035054058743619,0.240888303413374,0.1637699692441043,0.2319066583372266,0.041741449562474095,0.005625151096860306,14.88,-0.0299999999999993,-0.0020120724346075,16.841500000000003,-0.49994423056461,2.54,-0.0099999999999997,-0.06,16.36220985304598,0.0,0,0.0,0.8373333333333333,0.1626666666666667,0,0,0.0305602118695023,-0.0047354451880519,0.0162261013618407,0.17231364899008,0.1286784710076013,0.2571008111082042,14.91,15.97,17.8,2.55,2.55,2.6
2019-02-20,0.0048489309691734,0.2288103346737839,0.1527650975162986,0.2280020058388717,0.029672213835106195,0.026364147654877303,14.02,-0.8600000000000012,-0.0577956989247312,16.5025,-0.3743317648231398,2.54,0.0,-0.0499999999999998,16.12112116945792,0.0,0,0.0,0.866,0.134,0,0,-0.0035054058743619,0.0170501713013799,-0.0157760179417669,0.1637699692441043,0.1372565007248701,0.2630475458168516,14.88,15.43,20.8,2.54,2.55,2.59
2019-02-21,-0.0020813526653888,0.2360660662178345,0.1526244802102844,0.2275410975327561,0.022824358311288498,0.026809445557315903,14.46,0.4400000000000013,0.0313837375178318,16.249499999999998,-0.4134183597730727,2.55,0.0099999999999997,-0.04,15.94375428755078,0.0,0,0.0,0.8513333333333333,0.1486666666666667,0,0,0.0048489309691734,0.004775701317877,-0.0025256248217805,0.1527650975162986,0.1359537683387403,0.2435305696695605,14.02,15.65,19.52,2.54,2.55,2.59
2019-02-22,-0.0044565166599678,0.2303716957804154,0.1540031598277523,0.2269409984676655,0.024878199744159994,0.021758659598337303,13.51,-0.9500000000000012,-0.0656984785615492,15.9805,-0.3671479038241473,2.55,0.0,-0.0300000000000002,16.180816990771554,0.0,0,0.0,0.883,0.1169999999999999,0,0,-0.0020813526653888,-0.0064991068181128,0.0005844801687406,0.1526244802102844,0.1353403448550794,0.2233236738201587,14.46,16.22,18.89,2.55,2.53,2.58
2019-02-25,0.0104762186065794,0.1014075328515366,0.1565247097087515,0.2223536973873423,0.005197373642125597,0.025873597181143508,14.85,1.34,0.0991857883049593,15.852,-0.1930672648039328,2.56,0.0100000000000002,-0.04,16.234161746850152,0.0,0,0.0,0.8383333333333334,0.1616666666666666,0,0,-0.0044565166599678,0.0305602118695023,0.0063267153667125,0.1540031598277523,0.17231364899008,0.1818187910483037,13.51,14.91,17.42,2.55,2.55,2.6
2019-02-26,-0.0076341178934028,0.1163317139608578,0.159078059690098,0.2226447188094626,0.0010455309169022974,0.013482264655707708,15.17,0.3200000000000003,0.0215488215488215,15.667000000000002,-0.2712867638107747,2.55,-0.0100000000000002,-0.0500000000000002,16.55411589328341,0.0,0,0.0,0.8276666666666667,0.1723333333333333,0,0,0.0104762186065794,-0.0035054058743619,0.0047391198699957,0.1565247097087515,0.1637699692441043,0.1799284628778394,14.85,14.88,18.87,2.56,2.54,2.6
2019-02-27,-0.0012348043272879,0.1088598290156152,0.1590100980651967,0.2213282519513598,-0.005027249178047902,0.009458952096381005,14.7,-0.4700000000000006,-0.030982201713909,15.4455,-0.2740415033333771,2.54,-0.0099999999999997,-0.06,16.114970873923767,0.0,0,0.0,0.8433333333333334,0.1566666666666666,0,0,-0.0076341178934028,0.0048489309691734,0.0027916346081058,0.159078059690098,0.1527650975162986,0.1786004630660839,15.17,14.02,19.13,2.55,2.54,2.6
2019-02-28,-0.0076075073290864,0.1189913409564143,0.1613896738459331,0.2212837182706585,-0.0105803195028435,-0.00047893224704249285,14.78,0.08,0.0054421768707482,15.3015,-0.282159396752341,2.54,0.0,-0.0299999999999998,16.533966497756914,0.0,0,0.0,0.8406666666666667,0.1593333333333333,0,0,-0.0012348043272879,-0.0020813526653888,0.0023039423342008,0.1590100980651967,0.1526244802102844,0.1780367688307923,14.7,14.46,17.66,2.54,2.55,2.57
2019-03-01,0.000670826819112,0.1181846766219041,0.1580611079690697,0.2201249380579807,-0.005443241055222002,0.008945551853079907,13.57,-1.209999999999999,-0.0818673883626521,15.151500000000002,-0.336845866390045,2.55,0.0099999999999997,0.0,16.44114252651106,0.0,0,0.0,0.881,0.119,0,0,-0.0076075073290864,-0.0044565166599678,-0.0087156785161718,0.1613896738459331,0.1540031598277523,0.1759267635831749,14.78,13.51,16.57,2.54,2.55,2.55
2019-03-04,-0.0022982058469118,0.0606128870009949,0.1578688333212781,0.2190879652764296,-0.0181658151315199,0.0029798564547901083,14.63,1.0600000000000005,0.0781134856300662,15.076000000000002,-0.3290129311180355,2.54,-0.0099999999999997,-0.02,16.33853964173567,0.0,0,0.0,0.8456666666666667,0.1543333333333333,0,0,0.000670826819112,0.0104762186065794,0.0036715683775356,0.1580611079690697,0.1565247097087515,0.1643730118676361,13.57,14.85,16.14,2.55,2.56,2.56
2019-03-05,-0.0007680125291456,0.0506818836392223,0.1573766519645766,0.1984355330949488,-0.011270715802775003,-0.0013440615912889914,14.74,0.1099999999999994,0.0075187969924812,15.026500000000002,-0.3239423356679083,2.54,0.0,-0.0299999999999998,16.200283840055114,0.0,0,0.0,0.842,0.158,0,0,-0.0022982058469118,-0.0076341178934028,0.0035619391255894,0.1578688333212781,0.159078059690098,0.1096131296308215,14.63,15.17,15.73,2.54,2.55,2.57
2019-03-06,-0.0037459520071765,0.0506455444603786,0.1571487569413863,0.1946565642492805,-0.013788134132487502,-0.0006747384699381915,15.74,1.0,0.0678426051560379,15.035000000000002,-0.340049149809874,2.54,0.0,-0.02,16.02057113131212,0.0,0,0.0,0.8086666666666666,0.1913333333333333,0,0,-0.0007680125291456,-0.0012348043272879,-0.0044125447683779,0.1573766519645766,0.1590100980651967,0.1117428865380242,14.74,14.7,15.57,2.54,2.54,2.56
2019-03-07,-0.0072309441656397,0.0483632373920835,0.1592315283010532,0.1915666034317405,-0.013408756274552703,-0.007450248811722991,16.59,0.8499999999999996,0.0540025412960609,15.0955,-0.3636726717504148,2.52,-0.02,-0.04,16.357561348342212,0.0,0,0.0,0.7803333333333333,0.2196666666666666,0,0,-0.0037459520071765,-0.0076075073290864,-0.0004815878144605,0.1571487569413863,0.1613896738459331,0.1112912490344018,15.74,14.78,15.38,2.54,2.54,2.56
2019-03-08,0.0003883746576325,0.0471569262663532,0.1518510057289355,0.1874535035941088,-0.013691058930213102,0.006134709879933108,16.05,-0.5399999999999991,-0.0325497287522603,15.0795,-0.3070898753444334,2.53,0.0099999999999997,-0.02,16.17470289626613,0.0,0,0.0,0.7983333333333333,0.2016666666666666,0,0,-0.0072309441656397,0.000670826819112,-0.0131099652985275,0.1592315283010532,0.1580611079690697,0.1226514085751413,16.59,13.57,16.37,2.52,2.55,2.55
2019-03-11,0.0130084003046677,0.1214336219862621,0.1529998477753797,0.1879509298405645,0.0015343095792297989,0.029072188926309608,14.33,-1.7200000000000006,-0.1071651090342679,15.01,-0.441499612127739,2.53,0.0,-0.0100000000000002,16.094130875929917,0.0,0,0.0,0.8556666666666667,0.1443333333333333,0,0,0.0003883746576325,-0.0022982058469118,-0.0099629985125332,0.1518510057289355,0.1578688333212781,0.1287035059217698,16.05,14.63,15.72,2.53,2.54,2.54
2019-03-12,-0.0029706803727992,0.1236548700831552,0.1521746472197104,0.1877288420808954,-0.0006724844208608016,0.03084378025574061,13.77,-0.5600000000000005,-0.0390788555478018,14.9,-0.4142041657406562,2.52,-0.0099999999999997,-0.0299999999999998,16.139769174095754,0.0,0,0.0,0.8743333333333334,0.1256666666666666,0,0,0.0130084003046677,-0.0007680125291456,-0.0047354451880519,0.1529998477753797,0.1573766519645766,0.1286784710076013,14.33,14.74,15.97,2.53,2.54,2.55
2019-03-13,0.0033641813119311,0.1208184176944079,0.1412382833564539,0.1878112130539519,0.0064390363488312985,0.017295866873402104,13.41,-0.3599999999999994,-0.0261437908496731,14.799,-0.4065044766375387,2.53,0.0099999999999997,-0.02,16.382166228076805,0.0,0,0.0,0.8863333333333333,0.1136666666666667,0,0,-0.0029706803727992,-0.0037459520071765,0.0170501713013799,0.1521746472197104,0.1571487569413863,0.1372565007248701,13.77,15.74,15.43,2.52,2.54,2.55
2019-03-14,0.0091004388597755,0.1022127984384866,0.1436138933971052,0.1876535419113859,0.022755529896149797,0.021590812430042107,13.5,0.0899999999999998,0.006711409395973,14.6915,-0.3980914758085604,2.52,-0.0099999999999997,-0.0299999999999998,16.206701680812955,0.0,0,0.0,0.8833333333333333,0.1166666666666667,0,0,0.0033641813119311,-0.0072309441656397,0.004775701317877,0.1412382833564539,0.1592315283010532,0.1359537683387403,13.41,16.59,15.65,2.53,2.52,2.55
2019-03-15,0.0114865384854656,0.1039009486331327,0.1451340432078374,0.186618949555355,0.0337882997063761,0.039532199465101,12.88,-0.6199999999999992,-0.0459259259259258,14.5245,-0.397597354127807,2.52,0.0,-0.0099999999999997,17.026825914381867,0.0,0,0.0,0.904,0.096,0,0,0.0091004388597755,0.0003883746576325,-0.0064991068181128,0.1436138933971052,0.1518510057289355,0.1353403448550794,13.5,16.05,16.22,2.52,2.53,2.53
2019-03-18,0.0060066990616509,0.0884908623811853,0.1019789805761317,0.1864140794328123,0.026852512734457098,0.015418380824292605,13.1,0.2199999999999988,0.0170807453416148,14.434,-0.2571564791795822,2.52,0.0,-0.0299999999999998,16.375486104974346,0.0,0,0.0,0.8966666666666667,0.1033333333333332,0,0,0.0114865384854656,0.0130084003046677,0.0305602118695023,0.1451340432078374,0.1529998477753797,0.17231364899008,12.88,14.33,14.91,2.52,2.53,2.55
2019-03-19,-0.0036384021281676,0.0925079517119853,0.1020543937449562,0.1843506308628181,0.026182577124255996,0.015284907817522505,13.56,0.4600000000000008,0.0351145038167939,14.368,-0.2777828248497263,2.5,-0.02,-0.04,16.37190814536119,0.0,0,0.0,0.8813333333333333,0.1186666666666667,0,0,0.0060066990616509,-0.0029706803727992,-0.0035054058743619,0.1019789805761317,0.1521746472197104,0.1637699692441043,13.1,13.77,14.88,2.52,2.52,2.54
2019-03-20,-0.0213484602203027,0.214016609211859,0.1278824041469047,0.1892812245323505,0.0012444073469250957,-0.011131939614778994,13.91,0.3499999999999996,0.0258112094395279,14.3625,-0.2643838429883176,2.47,-0.0299999999999998,-0.0699999999999998,16.51826013555039,0.0,0,0.0,0.8696666666666667,0.1303333333333333,0,0,-0.0036384021281676,0.0033641813119311,0.0048489309691734,0.1020543937449562,0.1412382833564539,0.1527650975162986,13.56,13.41,14.02,2.5,2.53,2.54
2019-03-21,-0.0157864953637172,0.2225095686692572,0.1390094904693033,0.1853616629503005,-0.023727301252934204,-0.024960847134180595,13.63,-0.2799999999999993,-0.0201294033069733,14.321000000000002,-0.207224356017747,2.48,0.0099999999999997,-0.0699999999999998,16.79871473157134,0.0,0,0.0,0.879,0.121,0,0,-0.0213484602203027,0.0091004388597755,-0.0020813526653888,0.1278824041469047,0.1436138933971052,0.1526244802102844,13.91,13.5,14.46,2.47,2.52,2.55
2019-03-22,-0.0302325213941188,0.2304933724175218,0.1738786516497101,0.1909778884557116,-0.06584731932072752,-0.0511933195997865,16.48,2.85,0.2090975788701394,14.4695,-0.5465888547630847,2.45,-0.0299999999999998,-0.0999999999999996,17.253207035871387,0.0,0,0.0,0.784,0.2159999999999999,0,0,-0.0157864953637172,0.0114865384854656,-0.0044565166599678,0.1390094904693033,0.1451340432078374,0.1540031598277523,13.63,12.88,13.51,2.48,2.52,2.55
2019-03-25,-0.0083195364127849,0.1699189987839315,0.167959185885249,0.1736728879136454,-0.0801903869893544,-0.0699693798071874,16.33,-0.1500000000000021,-0.0091019417475729,14.5435,-0.6739263257477804,2.41,-0.04,-0.1499999999999999,16.86156995681474,0.0,0,0.0,0.789,0.2109999999999999,0,0,-0.0302325213941188,0.0060066990616509,0.0104762186065794,0.1738786516497101,0.1019789805761317,0.1565247097087515,16.48,13.1,14.85,2.45,2.52,2.56
2019-03-26,0.0100070254387625,0.2437990540496315,0.1737115575886888,0.1733707882522057,-0.0665880630682664,-0.0523486861676462,14.68,-1.6499999999999986,-0.1010410287813838,14.519,-0.7011336189460682,2.44,0.0299999999999998,-0.1099999999999998,16.58729276756015,0.0,0,0.0,0.844,0.156,0,0,-0.0083195364127849,-0.0036384021281676,-0.0076341178934028,0.167959185885249,0.1020543937449562,0.159078059690098,16.33,13.56,15.17,2.41,2.5,2.55
2019-03-27,-0.0034027920801088,0.2390879899253845,0.1736535312093185,0.1734747979007517,-0.04841702314892131,-0.0545217135856524,15.15,0.4700000000000006,0.032016348773842,14.5415,-0.7004060932626502,2.4,-0.04,-0.1400000000000001,16.361292856882248,0.0,0,0.0,0.8283333333333334,0.1716666666666666,0,0,0.0100070254387625,-0.0213484602203027,-0.0012348043272879,0.1737115575886888,0.1278824041469047,0.1590100980651967,14.68,13.91,14.7,2.44,2.47,2.54
2019-03-28,0.0113477618428401,0.2703620293598902,0.1794480627987859,0.1741792091337387,-0.0212207349641258,-0.035601262595462896,14.43,-0.7200000000000006,-0.0475247524752475,14.523999999999996,-0.7120627199058369,2.4,0.0,-0.1400000000000001,16.337560524225875,0.0,0,0.0,0.8523333333333334,0.1476666666666666,0,0,-0.0034027920801088,-0.0157864953637172,-0.0076075073290864,0.1736535312093185,0.1390094904693033,0.1613896738459331,15.15,13.63,14.78,2.4,2.48,2.54
2019-03-29,0.0051633753576081,0.1355418224198289,0.180957550931207,0.1710271030763303,0.014628304877788996,-0.0311217736667755,13.71,-0.7199999999999989,-0.0498960498960497,14.531,-0.7328289137003557,2.4,0.0,-0.1499999999999999,16.491271768583815,0.0,0,0.0,0.8763333333333333,0.1236666666666667,0,0,0.0113477618428401,-0.0302325213941188,0.000670826819112,0.1794480627987859,0.1738786516497101,0.1580611079690697,14.43,16.48,13.57,2.4,2.45,2.55
2019-04-01,0.0336854557225032,0.2148210589520083,0.218777241316488,0.1808844648958053,0.0561131701627147,0.004309605487047206,13.4,-0.3100000000000005,-0.0226112326768782,14.4695,-0.6614367133856891,2.41,0.0100000000000002,-0.1299999999999999,16.67767149523886,0.0,0,0.0,0.8866666666666667,0.1133333333333332,0,0,0.0051633753576081,-0.0083195364127849,-0.0022982058469118,0.180957550931207,0.167959185885249,0.1578688333212781,13.71,16.33,14.63,2.4,2.41,2.54
2019-04-02,0.004778543856126,0.2198481580048085,0.2193287675078877,0.165778278491654,0.050923046311209204,0.009845075946338003,13.36,-0.0400000000000009,-0.0029850746268657,14.4005,-0.6596262327791153,2.41,0.0,-0.1299999999999999,16.14720784863252,0.0,0,0.0,0.888,0.1119999999999999,0,0,0.0336854557225032,0.0100070254387625,-0.0007680125291456,0.218777241316488,0.1737115575886888,0.1573766519645766,13.4,14.68,14.74,2.41,2.44,2.54
2019-04-03,0.0019971948313124,0.2013693716041764,0.2188015689614773,0.1657988285466334,0.05632684414474,0.015593264691575104,13.74,0.3800000000000008,0.0284431137724552,14.3005,-0.6566191911547876,2.41,0.0,-0.1299999999999999,16.257788112658883,0.0,0,0.0,0.8753333333333333,0.1246666666666667,0,0,0.004778543856126,-0.0034027920801088,-0.0037459520071765,0.2193287675078877,0.1736535312093185,0.1571487569413863,13.36,15.15,15.74,2.41,2.4,2.54
2019-04-04,0.0096605809833627,0.2017082904385027,0.2187780986776883,0.1666927393204219,0.0546572011099514,0.0324646947890412,13.58,-0.1600000000000001,-0.0116448326055312,14.15,-0.6439030598691347,2.41,0.0,-0.1099999999999998,16.29641763678757,0.8,1,0.4285714285714286,0.8806666666666667,0.1193333333333332,0,0,0.0019971948313124,0.0113477618428401,-0.0072309441656397,0.2188015689614773,0.1794480627987859,0.1592315283010532,13.74,14.43,16.59,2.41,2.4,2.52
2019-04-05,-0.0023686375509915,0.2213969402211228,0.2192036157535518,0.1667442909809355,0.0471356630553849,0.029704948318822505,12.82,-0.7599999999999998,-0.0559646539027982,13.988499999999998,-0.6268082705827335,2.43,0.02,-0.0999999999999996,16.111443675545363,0.0,0,0.0,0.906,0.0939999999999999,0,0,0.0096605809833627,0.0051633753576081,0.0003883746576325,0.2187780986776883,0.180957550931207,0.1518510057289355,13.58,13.71,16.05,2.41,2.4,2.53
2019-04-08,0.0032284038991852,0.0690994828628969,0.2151564481877735,0.1667963124587611,0.017228338469042793,0.020003634376860206,13.18,0.3599999999999994,0.0280811232449298,13.931,-0.5989034797511456,2.43,0.0,-0.0999999999999996,15.901965076138348,0.0,0,0.0,0.894,0.1059999999999999,0,0,-0.0023686375509915,0.0336854557225032,0.0130084003046677,0.2192036157535518,0.218777241316488,0.1529998477753797,12.82,13.4,14.33,2.43,2.41,2.53
2019-04-09,-0.0073824324040988,0.1010961083168472,0.2168126766891071,0.1672685899746667,0.005051358191479293,0.015568918558678105,14.28,1.0999999999999996,0.0834597875569043,13.9565,-0.6244206335003372,2.42,-0.0100000000000002,-0.1,16.022927571057327,0.0,0,0.0,0.8573333333333334,0.1426666666666666,0,0,0.0032284038991852,0.004778543856126,-0.0029706803727992,0.2151564481877735,0.2193287675078877,0.1521746472197104,13.18,13.36,13.77,2.43,2.41,2.52
2019-04-10,0.0044815635732347,0.1040999963331831,0.2170242401929403,0.1663089587164574,0.007527706372181894,0.016681934714925704,13.3,-0.9799999999999986,-0.068627450980392,13.951,-0.618386381973901,2.41,-0.0099999999999997,-0.1199999999999996,16.20264826600202,0.0,0,0.0,0.89,0.1099999999999999,0,0,-0.0073824324040988,0.0019971948313124,0.0033641813119311,0.2168126766891071,0.2188015689614773,0.1412382833564539,14.28,13.74,13.41,2.42,2.41,2.53
2019-04-11,0.0084488077040807,0.0983999152808536,0.2167114204054565,0.166508514495932,0.006326806726498193,0.016035971619389605,13.02,-0.2800000000000011,-0.0210526315789474,13.927,-0.6301994236565918,2.44,0.0299999999999998,-0.08,16.229976950021317,0.0,0,0.0,0.8993333333333333,0.1006666666666666,0,0,0.0044815635732347,0.0096605809833627,0.0091004388597755,0.2170242401929403,0.2187780986776883,0.1436138933971052,13.3,13.58,13.5,2.41,2.41,2.52
2019-04-12,0.0468792397248045,0.3234515818525161,0.267499012553824,0.189831951331961,0.054511839846474494,0.05042848845892091,12.01,-1.0099999999999998,-0.0775729646697388,13.883500000000002,-0.6361727476867987,2.44,0.0,-0.08,17.067205921342982,0.0,0,0.0,0.933,0.0669999999999999,1,0,0.0084488077040807,-0.0023686375509915,0.0114865384854656,0.2167114204054565,0.2192036157535518,0.1451340432078374,13.02,12.82,12.88,2.44,2.43,2.52
2019-04-15,-0.011419601991592,0.360216681313513,0.2716539313260646,0.1915950114327968,0.039803329717129896,0.03295445135953301,12.32,0.3100000000000005,0.0258118234804329,13.8445,-0.6450193373887844,2.43,-0.0099999999999997,-0.0899999999999998,16.534421632345758,0.0,0,0.0,0.9226666666666666,0.0773333333333333,0,0,0.0468792397248045,0.0032284038991852,0.0060066990616509,0.267499012553824,0.2151564481877735,0.1019789805761317,12.01,13.18,13.1,2.44,2.43,2.52
2019-04-16,0.0105512476163016,0.333522666031101,0.2726354631153462,0.1900764875379928,0.057709118820502094,0.04709546025492421,12.18,-0.1400000000000005,-0.0113636363636364,13.7755,-0.6415458020585083,2.45,0.02,-0.0499999999999998,16.265066416781274,0.0,0,0.0,0.9273333333333332,0.0726666666666666,0,0,-0.011419601991592,-0.0073824324040988,-0.0036384021281676,0.2716539313260646,0.2168126766891071,0.1020543937449562,12.32,14.28,13.56,2.43,2.42,2.5
2019-04-17,0.0288027581933294,0.3446327206072855,0.272158293533327,0.1947418456380583,0.0816333230292923,0.09707085039729291,12.6,0.4199999999999999,0.0344827586206897,13.71,-0.5645001078967842,2.44,-0.0100000000000002,-0.0300000000000002,16.694253911718405,0.0,0,0.0,0.9133333333333332,0.0866666666666666,0,0,0.0105512476163016,0.0044815635732347,-0.0213484602203027,0.2726354631153462,0.2170242401929403,0.1278824041469047,12.18,13.3,13.91,2.45,2.41,2.47
2019-04-18,-0.0073488706629414,0.3835098656468318,0.2651151859786886,0.195461702462292,0.0658440000938622,0.10560727296618601,12.09,-0.5099999999999998,-0.0404761904761904,13.633,-0.5706681755884377,2.44,0.0,-0.04,16.34139127070954,0.0,0,0.0,0.9303333333333332,0.0696666666666666,0,0,0.0288027581933294,0.0084488077040807,-0.0157864953637172,0.272158293533327,0.2167114204054565,0.1390094904693033,12.6,13.02,13.63,2.44,2.44,2.48
2019-04-22,0.0012336615609371,0.2527359771959206,0.2294729851975653,0.1954491203496459,0.02126331541016859,0.137539123189817,12.42,0.33,0.0272952853598014,13.429999999999998,-0.3465858525931546,2.46,0.02,0.0099999999999997,15.891935178310069,0.0,0,0.0,0.9193333333333332,0.0806666666666666,0,0,-0.0073488706629414,0.0468792397248045,-0.0302325213941188,0.2651151859786886,0.267499012553824,0.1738786516497101,12.09,12.01,16.48,2.44,2.44,2.45
2019-04-23,0.0012322231032817,0.2163534578034306,0.223478594820619,0.1952260957526536,0.033980086286648094,0.1471249246355355,12.28,-0.1400000000000005,-0.0112721417069243,13.2275,-0.351827329605602,2.43,-0.0299999999999998,0.02,16.033963869405795,0.0,0,0.0,0.924,0.0759999999999999,0,0,0.0012336615609371,-0.011419601991592,-0.0083195364127849,0.2294729851975653,0.2716539313260646,0.167959185885249,12.42,12.32,16.33,2.46,2.43,2.41
2019-04-24,-0.0016702505068102,0.2204497953951147,0.2254867105221337,0.1952450919545833,0.021812467673083393,0.13549599099627402,13.14,0.8600000000000012,0.0700325732899023,13.1505,-0.3938055735389093,2.42,-0.0100000000000002,-0.02,16.039669244698956,0.0,0,0.0,0.8953333333333333,0.1046666666666666,0,0,0.0012322231032817,0.0105512476163016,0.0100070254387625,0.223478594820619,0.2726354631153462,0.1737115575886888,12.28,12.18,14.68,2.43,2.45,2.44
2019-04-25,0.0005285147114895,0.0578838708868786,0.2235532771275726,0.1952418102643064,-0.006054912708835607,0.1394329608373786,13.25,0.1099999999999994,0.0083713850837137,13.0555,-0.3785075725487378,2.42,0.0,0.02,16.046793078450094,0.0,0,0.0,0.8916666666666666,0.1083333333333333,0,0,-0.0016702505068102,0.0288027581933294,-0.0034027920801088,0.2254867105221337,0.272158293533327,0.1736535312093185,13.14,12.6,15.15,2.42,2.44,2.4
2019-04-26,0.0075697168902388,0.0545722430371353,0.2229897992825571,0.1956202684651019,0.008862304282293993,0.13569031221260583,12.73,-0.5199999999999996,-0.0392452830188678,12.970499999999998,-0.3688015586351895,2.41,-0.0099999999999997,0.0100000000000002,15.881018095741558,0.0,0,0.0,0.909,0.0909999999999999,0,0,0.0005285147114895,-0.0073488706629414,0.0113477618428401,0.2235532771275726,0.2651151859786886,0.1794480627987859,13.25,12.09,14.43,2.42,2.44,2.4
2019-04-29,0.0144142241763907,0.1034875753161184,0.2244654954264235,0.1960862269989084,0.021940729914932795,0.1448515482269608,13.11,0.379999999999999,0.0298507462686565,12.9405,-0.3584401321479442,2.42,0.0099999999999997,0.02,16.471720016610966,0.0,0,0.0,0.8963333333333333,0.1036666666666666,0,0,0.0075697168902388,0.0012336615609371,0.0051633753576081,0.2229897992825571,0.2294729851975653,0.180957550931207,12.73,12.42,13.71,2.41,2.46,2.4
2019-04-30,-0.0006027009238539,0.1077444305143109,0.2038570670598641,0.1961306610794481,0.02010638275439119,0.111118137227212,13.12,0.0099999999999997,0.0007627765064834,12.9265,-0.34253821122788,2.39,-0.0299999999999998,-0.02,16.24816740342333,0.0,0,0.0,0.896,0.1039999999999999,0,0,0.0144142241763907,0.0012322231032817,0.0336854557225032,0.2244654954264235,0.223478594820619,0.218777241316488,13.11,12.28,13.4,2.42,2.43,2.41
2019-05-01,-0.0076691645134263,0.1332777098478972,0.2092284395474174,0.197096683025609,0.014079305902205094,0.09865225058726991,14.8,1.6800000000000015,0.128048780487805,12.998499999999998,-0.4030342767519041,2.39,0.0,-0.02,16.158556076120252,0.0,0,0.0,0.84,0.16,0,0,-0.0006027009238539,-0.0016702505068102,0.004778543856126,0.2038570670598641,0.2254867105221337,0.2193287675078877,13.12,13.14,13.36,2.39,2.42,2.41
2019-05-02,0.0021710217557229,0.1320067483145122,0.2091970431491973,0.1966723596893653,0.015719599298790292,0.09882571599142889,14.42,-0.3800000000000008,-0.0256756756756757,13.032500000000002,-0.3896574730622503,2.41,0.02,0.0,15.96881819433355,0.0,0,0.0,0.8526666666666667,0.1473333333333333,0,0,-0.0076691645134263,0.0005285147114895,0.0019971948313124,0.2092284395474174,0.2235532771275726,0.2188015689614773,14.8,13.25,13.74,2.39,2.42,2.41
2019-05-03,0.0061517828792256,0.1294042928077192,0.2085295710982637,0.1967979802149264,0.014311326858419092,0.0953444379610735,12.87,-1.5500000000000007,-0.1074895977808599,12.997,-0.3580011633348453,2.41,0.0,0.0,15.917862759645944,0.0,0,0.0,0.9043333333333332,0.0956666666666666,0,0,0.0021710217557229,0.0075697168902388,0.0096605809833627,0.2091970431491973,0.2229897992825571,0.2187780986776883,14.42,12.73,13.58,2.41,2.41,2.41
2019-05-06,-0.0088701037702496,0.1020965816731385,0.2127470533934694,0.1955758104093964,-0.008909677328878906,0.088806207842697,15.44,2.5700000000000003,0.1996891996891996,13.128,-0.4505920121635949,2.39,-0.02,-0.04,16.05483641784943,0.0,0,0.0,0.8186666666666667,0.1813333333333333,0,0,0.0061517828792256,0.0144142241763907,-0.0023686375509915,0.2085295710982637,0.2244654954264235,0.2192036157535518,12.87,13.11,12.82,2.41,2.42,2.43
2019-05-07,-0.0163350479196704,0.1440672282332393,0.2253522520517783,0.1977166827892424,-0.024776730472895907,0.0691130682852733,19.32,3.880000000000001,0.2512953367875647,13.435,-0.5381905418225273,2.37,-0.02,-0.06,16.524740130001767,0.0,0,0.0,0.6893333333333334,0.3106666666666666,0,0,-0.0088701037702496,-0.0006027009238539,0.0032284038991852,0.2127470533934694,0.2038570670598641,0.2151564481877735,15.44,13.12,13.18,2.39,2.39,2.43
2019-05-08,-0.0052997093977121,0.1421887782701513,0.2241313845190329,0.1978023642487091,-0.02239180936351221,0.0712090830322784,19.4,0.0799999999999983,0.0041407867494822,13.691,-0.5126148539502886,2.37,0.0,-0.0499999999999998,16.07474974488455,0.0,0,0.0,0.6866666666666668,0.3133333333333332,0,0,-0.0163350479196704,-0.0076691645134263,-0.0073824324040988,0.2253522520517783,0.2092284395474174,0.2168126766891071,19.32,14.8,14.28,2.37,2.39,2.42
2019-05-09,-0.0007993482743644,0.1348171566188816,0.2246276539310047,0.195401826532762,-0.025360145780425208,0.0659378638388218,19.1,-0.2999999999999971,-0.015463917525773,13.981,-0.5128389134898788,2.36,-0.0100000000000002,-0.0500000000000002,16.31743008128849,0.0,0,0.0,0.6966666666666665,0.3033333333333334,0,0,-0.0052997093977121,0.0021710217557229,0.0044815635732347,0.2241313845190329,0.2091970431491973,0.2170242401929403,19.4,14.42,13.3,2.37,2.41,2.41
2019-05-10,-8.887837531301734e-05,0.1065015297781195,0.2240858914623593,0.1953261838048577,-0.03158196601586447,0.05743566521871084,16.04,-3.0600000000000023,-0.1602094240837697,14.132,-0.4360894029879116,2.36,0.0,-0.08,16.394893782628778,0.0,0,0.0,0.7986666666666666,0.2013333333333333,0,0,-0.0007993482743644,0.0061517828792256,0.0084488077040807,0.2246276539310047,0.2085295710982637,0.2167114204054565,19.1,12.87,13.02,2.36,2.41,2.44
2019-05-13,-0.0271976348830706,0.1870805898793753,0.1856882240587523,0.2036460125772644,-0.05024662521333206,-0.01595225721710956,20.55,4.510000000000002,0.2811720698254365,14.559,-0.5736960303322685,2.32,-0.04,-0.1200000000000001,16.438997365138032,0.0,0,0.0,0.6483333333333333,0.3516666666666667,0,0,-8.887837531301734e-05,-0.0088701037702496,0.0468792397248045,0.2240858914623593,0.2127470533934694,0.267499012553824,16.04,15.44,12.01,2.36,2.39,2.44
2019-05-14,0.0079488848798774,0.212708646152799,0.1836377439407072,0.1951096430892787,-0.025859230529406262,0.003450508038737138,18.06,-2.490000000000002,-0.1211678832116789,14.846,-0.603687451223976,2.32,0.0,-0.1100000000000003,16.167228708713978,0.0,0,0.0,0.7313333333333334,0.2686666666666666,0,0,-0.0271976348830706,-0.0163350479196704,-0.011419601991592,0.1856882240587523,0.2253522520517783,0.2716539313260646,20.55,19.32,12.32,2.32,2.37,2.43
2019-05-15,-0.0038069129842911,0.2129119263101999,0.1799564379216835,0.195139610845432,-0.024359605577148367,-0.010859641365372062,16.44,-1.6199999999999974,-0.0897009966777406,15.059,-0.5714598413196795,2.3,-0.02,-0.1500000000000003,16.13219587393698,0.0,0,0.0,0.7853333333333333,0.2146666666666666,0,0,0.0079488848798774,-0.0052997093977121,0.0105512476163016,0.1836377439407072,0.2241313845190329,0.2726354631153462,18.06,19.4,12.18,2.32,2.37,2.45
2019-05-16,0.0128296782651073,0.248059210436101,0.1531589789674622,0.1964972533406622,-0.010811862490807567,-0.026507321681278062,15.29,-1.150000000000002,-0.0699513381995134,15.1935,-0.7387951627874804,2.33,0.0300000000000002,-0.1099999999999998,16.084818145904347,0.0,0,0.0,0.8236666666666667,0.1763333333333333,0,0,-0.0038069129842911,-0.0007993482743644,0.0288027581933294,0.1799564379216835,0.2246276539310047,0.272158293533327,16.44,19.1,12.6,2.3,2.36,2.44
2019-05-17,-0.0048515212851439,0.2478606182434258,0.152098440778234,0.196765398680643,-0.015586308282989408,-0.02399464315814076,15.96,0.6700000000000017,0.0438194898626553,15.387,-0.7687228712707751,2.33,0.0,-0.1099999999999998,16.07415431718745,0.0,0,0.0,0.8013333333333333,0.1986666666666666,0,0,0.0128296782651073,-8.887837531301734e-05,-0.0073488706629414,0.1531589789674622,0.2240858914623593,0.2651151859786886,15.29,16.04,12.09,2.33,2.36,2.44
2019-05-20,0.0052363034530769,0.1207490980274857,0.1535967318060155,0.1966293036752695,0.01721066993019079,-0.02000490269708736,16.31,0.3499999999999978,0.0219298245614034,15.5815,-0.7615299587350705,2.34,0.0099999999999997,-0.1200000000000001,15.957715726275408,0.0,0,0.0,0.7896666666666667,0.2103333333333332,0,0,-0.0048515212851439,-0.0271976348830706,0.0012336615609371,0.152098440778234,0.1856882240587523,0.2294729851975653,15.96,20.55,12.42,2.33,2.32,2.46
2019-05-21,0.0034126158829848,0.1142902718965879,0.1542088153899455,0.195733252908084,0.012700017134649792,-0.01782956111326116,14.95,-1.3599999999999994,-0.0833844267320661,15.715,-0.7623996884349503,2.36,0.02,-0.0700000000000002,15.890931653470588,0.0,0,0.0,0.835,0.165,0,0,0.0052363034530769,0.0079488848798774,0.0012322231032817,0.1535967318060155,0.1836377439407072,0.223478594820619,16.31,18.06,12.28,2.34,2.32,2.43
2019-05-22,-0.0081444551823113,0.1323464347123943,0.15635972122509,0.1958331857592786,0.008336392411151193,-0.024335716627304264,14.75,-0.1999999999999993,-0.0133779264214046,15.7955,-0.7448292528556815,2.37,0.0100000000000002,-0.0499999999999998,15.884762991535922,0.0,0,0.0,0.8416666666666667,0.1583333333333333,0,0,0.0034126158829848,-0.0038069129842911,-0.0016702505068102,0.1542088153899455,0.1799564379216835,0.2254867105221337,14.95,16.44,13.14,2.36,2.3,2.42
2019-05-23,-0.0196717022801058,0.1599786007738705,0.1695458712844532,0.2004030218718483,-0.024279448494991508,-0.04473185746743396,16.92,2.1700000000000017,0.1471186440677967,15.979,-0.76061436897857,2.32,-0.0500000000000002,-0.1,16.493651297351093,0.0,0,0.0,0.7693333333333333,0.2306666666666667,0,0,-0.0081444551823113,0.0128296782651073,0.0005285147114895,0.15635972122509,0.1531589789674622,0.2235532771275726,14.75,15.29,13.25,2.37,2.33,2.42
2019-05-24,0.0098489458612118,0.1908329080109197,0.1714531722847186,0.2005022691182981,-0.009615359262663006,-0.04247230670309776,15.85,-1.070000000000002,-0.0632387706855792,16.135,-0.7642341093221706,2.33,0.0100000000000002,-0.08,15.95995547365834,0.0,0,0.0,0.805,0.1949999999999999,0,0,-0.0196717022801058,-0.0048515212851439,0.0075697168902388,0.1695458712844532,0.152098440778234,0.2229897992825571,16.92,15.96,12.73,2.32,2.33,2.41
2019-05-28,-0.0108468325262034,0.1870999408981709,0.1625269571021685,0.2019720024310366,-0.025744089244799404,-0.06768972185681955,17.5,1.6500000000000004,0.1041009463722397,16.3545,-0.8318750794401581,2.31,-0.02,-0.1099999999999998,16.2721464115081,0.0,0,0.0,0.75,0.25,0,0,0.0098489458612118,0.0052363034530769,0.0144142241763907,0.1714531722847186,0.1535967318060155,0.2244654954264235,15.85,16.31,13.11,2.33,2.34,2.42
2019-05-29,-0.0027643759563876,0.1739869638400209,0.1622168875929989,0.2020045946377933,-0.03191909926791431,-0.06985504313556666,17.9,0.3999999999999986,0.0228571428571426,16.5935,-0.8315945518408518,2.3,-0.0100000000000002,-0.0900000000000003,16.114730093819144,0.0,0,0.0,0.7366666666666667,0.2633333333333333,0,0,-0.0108468325262034,0.0034126158829848,-0.0006027009238539,0.1625269571021685,0.1542088153899455,0.2038570670598641,17.5,14.95,13.12,2.31,2.36,2.39
2019-05-30,-0.0107190300769145,0.1766336102719576,0.1636371999452727,0.2033647084191149,-0.034518189562576906,-0.07293321209208627,17.3,-0.5999999999999979,-0.0335195530726255,16.7185,-0.8032049065042405,2.29,-0.0099999999999997,-0.1,16.154215503717154,0.0,0,0.0,0.7566666666666666,0.2433333333333334,0,0,-0.0027643759563876,-0.0081444551823113,-0.0076691645134263,0.1622168875929989,0.15635972122509,0.2092284395474174,17.9,14.75,14.8,2.3,2.37,2.39
2019-05-31,-0.0102744460913601,0.1421369070591002,0.1637590964803325,0.2044084615526678,-0.024978016378917906,-0.08542947314514215,18.71,1.41,0.0815028901734105,16.933,-0.805458568873813,2.21,-0.08,-0.2000000000000001,16.209105780602535,0.0,0,0.0,0.7096666666666667,0.2903333333333333,0,0,-0.0107190300769145,-0.0196717022801058,0.0021710217557229,0.1636371999452727,0.1695458712844532,0.2091970431491973,17.3,16.92,14.42,2.29,2.32,2.41
2019-06-03,0.0047188674955294,0.109613525300819,0.1626324080137527,0.2039435121674169,-0.030071008950897107,-0.08685464251241395,18.86,0.1499999999999985,0.0080171031533937,17.2325,-0.7830281334877063,2.11,-0.1,-0.3000000000000002,16.273448550686687,0.0,0,0.0,0.7046666666666667,0.2953333333333333,0,0,-0.0102744460913601,0.0098489458612118,0.0061517828792256,0.1637590964803325,0.1714531722847186,0.2085295710982637,18.71,15.85,12.87,2.21,2.33,2.41
2019-06-04,0.0308095207582006,0.2689798353209998,0.2027536609127673,0.212806500407188,0.011179515378577792,-0.04760052914936286,16.97,-1.8900000000000008,-0.1002120890774125,17.309,-0.7563355827871807,2.11,0.0,-0.2800000000000002,16.36952348391978,0.0,0,0.0,0.7676666666666667,0.2323333333333332,0,0,0.0047188674955294,-0.0108468325262034,-0.0088701037702496,0.1626324080137527,0.1625269571021685,0.2127470533934694,18.86,17.5,15.44,2.11,2.31,2.39
2019-06-05,0.0035537283404956,0.2652891831718288,0.1966627692515608,0.2114599091133476,0.01749514804656119,-0.02758316461610956,16.09,-0.879999999999999,-0.0518562168532704,17.1475,-0.749119443636077,2.04,-0.0699999999999998,-0.33,15.936633844473128,0.0,0,0.0,0.797,0.2029999999999999,0,0,0.0308095207582006,-0.0027643759563876,-0.0163350479196704,0.2027536609127673,0.1622168875929989,0.2253522520517783,16.97,17.9,19.32,2.11,2.3,2.37
2019-06-06,0.0021793727452841,0.235657831622712,0.1964724674801846,0.211307133916419,0.03044904214289269,-0.02009236058568136,15.93,-0.1600000000000001,-0.0099440646364201,16.974,-0.7491547377685601,2.02,-0.02,-0.3500000000000001,15.981897964071171,0.0,0,0.0,0.8023333333333333,0.1976666666666666,0,0,0.0035537283404956,-0.0107190300769145,-0.0052997093977121,0.1966627692515608,0.1636371999452727,0.2241313845190329,16.09,17.3,19.4,2.04,2.29,2.37
2019-06-07,-0.0109627690676031,0.238742851962869,0.1996567934387757,0.2127048492482281,0.02975333166230429,-0.03031599570241266,16.3,0.370000000000001,0.0232266164469554,16.833999999999996,-0.7467402553319613,1.97,-0.05,-0.3899999999999999,16.17814608443076,0.0,0,0.0,0.79,0.2099999999999999,0,0,0.0021793727452841,-0.0102744460913601,-0.0007993482743644,0.1964724674801846,0.1637590964803325,0.2246276539310047,15.93,18.71,19.1,2.02,2.21,2.36
2019-06-10,0.0108094413002652,0.2406087834700383,0.2043374864601156,0.2130111042151896,0.03579700003133669,-0.019475676465212803,15.94,-0.3600000000000012,-0.0220858895705522,16.829,-0.7841837193108552,2.03,0.0599999999999998,-0.33,16.247420797218748,0.0,0,0.0,0.802,0.1979999999999999,0,0,-0.0109627690676031,0.0047188674955294,-8.887837531301734e-05,0.1996567934387757,0.1626324080137527,0.2240858914623593,16.3,18.86,16.04,1.97,2.11,2.36
2019-06-11,0.0030814003534285,0.1253348701450825,0.1787834142903858,0.2119344600677939,0.008529226566701492,0.011175322630670698,15.99,0.0500000000000007,0.0031367628607277,16.601,-0.703909656301692,2.05,0.02,-0.27,16.102748584890787,0.0,0,0.0,0.8003333333333333,0.1996666666666666,0,0,0.0108094413002652,0.0308095207582006,-0.0271976348830706,0.2043374864601156,0.2027536609127673,0.1856882240587523,15.94,16.97,20.55,2.03,2.11,2.32
2019-06-12,-0.0127393501064121,0.1594190140546796,0.1825773798415675,0.2134530607315613,-0.007839393641668309,-0.009563327728371603,15.91,-0.08,-0.0050031269543464,16.4935,-0.6815975987627229,2.02,-0.0299999999999998,-0.2999999999999998,16.084590675808187,0.0,0,0.0,0.8029999999999999,0.197,0,0,0.0030814003534285,0.0035537283404956,0.0079488848798774,0.1787834142903858,0.1966627692515608,0.1836377439407072,15.99,16.09,18.06,2.05,2.04,2.32
2019-06-13,0.0024710904554989,0.1598625042773861,0.1824166880672586,0.2133200792270412,-0.00754835266706551,-0.003281107675598502,15.82,-0.0899999999999998,-0.0056568196103079,16.4625,-0.740178415539707,2.0,-0.02,-0.2999999999999998,15.944563474147063,0.0,0,0.0,0.806,0.1939999999999999,0,0,-0.0127393501064121,0.0021793727452841,-0.0038069129842911,0.1825773798415675,0.1964724674801846,0.1799564379216835,15.91,15.93,16.44,2.02,2.02,2.3
2019-06-14,0.0025560416510665,0.1362767585886155,0.176333603614923,0.2083017005475828,0.006027730905674291,-0.013476402305930802,15.28,-0.5400000000000009,-0.034134007585335,16.461999999999996,-0.7214348298868408,2.0,0.0,-0.33,16.021298476124677,0.0,0,0.0,0.8240000000000001,0.1759999999999999,0,0,0.0024710904554989,-0.0109627690676031,0.0128296782651073,0.1824166880672586,0.1996567934387757,0.1531589789674622,15.82,16.3,15.29,2.0,1.97,2.33
2019-06-17,-0.0054636415240808,0.1110235781275726,0.176540898660665,0.2057759942377797,-0.010202327809226808,-0.014091695991450201,15.35,0.0700000000000002,0.0045811518324607,16.4315,-0.7175549117911721,2.03,0.0299999999999998,-0.3000000000000002,15.910899387995965,0.0,0,0.0,0.8216666666666667,0.1783333333333333,0,0,0.0025560416510665,0.0108094413002652,-0.0048515212851439,0.176333603614923,0.2043374864601156,0.152098440778234,15.28,15.94,15.96,2.0,2.03,2.33
2019-06-18,0.013642239023718,0.1568676420680549,0.1826190900208398,0.1963108119994334,0.00027103105846359304,-0.005764316241056501,15.15,-0.1999999999999993,-0.013029315960912,16.3735,-0.7186828544610032,2.04,0.0100000000000002,-0.2999999999999998,16.218601491727945,0.0,0,0.0,0.8283333333333334,0.1716666666666666,0,0,-0.0054636415240808,0.0030814003534285,0.0052363034530769,0.176540898660665,0.1787834142903858,0.1535967318060155,15.35,15.99,16.31,2.03,2.05,2.34
2019-06-19,-0.0072260977029691,0.1309049691983226,0.1836751216980067,0.1960786927360529,0.005839890092267594,-0.0164234547707538,14.33,-0.8200000000000003,-0.0541254125412541,16.3425,-0.6829840391876011,1.96,-0.08,-0.3999999999999999,16.3901437218079,0.0,0,0.0,0.8556666666666667,0.1443333333333333,0,0,0.013642239023718,-0.0127393501064121,0.0034126158829848,0.1826190900208398,0.1825773798415675,0.1542088153899455,15.15,15.91,14.95,2.04,2.02,2.36
2019-06-20,0.0025477748901365,0.1309539458918358,0.1819141303541949,0.195361820895229,0.0059163825742091945,-0.0057011175125405,14.75,0.4199999999999999,0.0293091416608513,16.3425,-0.6874387734538501,1.91,-0.05,-0.4600000000000002,16.428370645387268,0.0,0,0.0,0.8416666666666667,0.1583333333333333,0,0,-0.0072260977029691,0.0024710904554989,-0.0081444551823113,0.1836751216980067,0.1824166880672586,0.15635972122509,14.33,15.82,14.75,1.96,2.0,2.37
2019-06-21,-0.0068067447980165,0.141304361324689,0.1687067971034602,0.1958734310946735,-0.003466414306093106,0.0073366318829676,15.4,0.6500000000000004,0.0440677966101694,16.2665,-0.6217489718564071,1.95,0.04,-0.3699999999999999,17.114656793810415,0.0,0,0.0,0.82,0.18,0,0,0.0025477748901365,0.0025560416510665,-0.0196717022801058,0.1819141303541949,0.176333603614923,0.1695458712844532,14.75,15.28,16.92,1.91,2.0,2.32
2019-06-24,-0.0071270250621496,0.1453184081315577,0.1668558847899157,0.1956648053784183,-0.005140336128341606,-0.0096166728571288,15.26,-0.1400000000000005,-0.0090909090909091,16.237,-0.5860137262223746,1.92,-0.03,-0.4100000000000001,16.38350151583514,0.0,0,0.0,0.8246666666666667,0.1753333333333333,0,0,-0.0068067447980165,-0.0054636415240808,0.0098489458612118,0.1687067971034602,0.176540898660665,0.1714531722847186,15.4,15.35,15.85,1.95,2.03,2.33
2019-06-25,-0.0082827826703766,0.0710699471897099,0.1649527546907574,0.1965051724157112,-0.027007633076846407,-0.007027860073103499,16.28,1.0200000000000014,0.0668414154652687,16.176000000000002,-0.5790446930692243,1.93,0.01,-0.3800000000000001,16.7418981660162,0.0,0,0.0,0.7906666666666666,0.2093333333333333,0,0,-0.0071270250621496,0.013642239023718,-0.0108468325262034,0.1668558847899157,0.1826190900208398,0.1625269571021685,15.26,15.15,17.5,1.92,2.04,2.31
2019-06-26,0.0066814821032987,0.1075210017140267,0.1665078865940044,0.1852834021068609,-0.013096040738924009,0.0023996037582365006,16.21,-0.0700000000000002,-0.0042997542997542,16.0915,-0.5719114313837411,1.96,0.03,-0.3399999999999998,16.15004005199687,0.0,0,0.0,0.7929999999999999,0.207,0,0,-0.0082827826703766,-0.0072260977029691,-0.0027643759563876,0.1649527546907574,0.1836751216980067,0.1622168875929989,16.28,14.33,17.9,1.93,1.96,2.3
2019-06-27,0.0033184399402099,0.1099567071140422,0.1617205935364699,0.1851719230927444,-0.012327629483680907,0.0164894425663555,15.82,-0.3900000000000005,-0.0240592227020358,16.0175,-0.6418221944572828,1.93,-0.03,-0.3600000000000001,16.20487876023019,0.0,0,0.0,0.806,0.1939999999999999,0,0,0.0066814821032987,0.0025477748901365,-0.0107190300769145,0.1665078865940044,0.1819141303541949,0.1636371999452727,16.21,14.75,17.3,1.96,1.91,2.29
2019-06-28,0.027196229967551,0.2251476917021297,0.1804439979519808,0.1927530964937165,0.021335370608056292,0.0536500188699418,15.08,-0.7400000000000002,-0.0467762326169406,15.836000000000002,-0.6311517587077077,1.92,-0.01,-0.29,16.88980911134687,0.0,0,0.0,0.8306666666666667,0.1693333333333333,0,0,0.0033184399402099,-0.0068067447980165,-0.0102744460913601,0.1617205935364699,0.1687067971034602,0.1637590964803325,15.82,15.4,18.71,1.93,1.95,2.21
2019-07-01,0.0168156628176043,0.2121843718644323,0.1871035946172869,0.1946169254195554,0.04516375903760429,0.0656180951313726,14.06,-1.0199999999999996,-0.0676392572944296,15.596,-0.6706850236127319,1.94,0.02,-0.1699999999999999,16.359039905486583,0.0,0,0.0,0.8646666666666667,0.1353333333333333,0,0,0.027196229967551,-0.0071270250621496,0.0047188674955294,0.1804439979519808,0.1668558847899157,0.1626324080137527,15.08,15.26,18.86,1.92,1.92,2.11
2019-07-02,0.0010554127967752,0.1701785403652737,0.1574489472111504,0.194472346875154,0.05453589078913459,0.03632851533745331,12.93,-1.1300000000000008,-0.0803698435277383,15.394,-0.4819717463852451,1.91,-0.03,-0.1999999999999999,16.13543455951587,0.0,0,0.0,0.9023333333333332,0.0976666666666666,0,0,0.0168156628176043,-0.0082827826703766,0.0308095207582006,0.1871035946172869,0.1649527546907574,0.2027536609127673,14.06,16.28,16.97,1.94,1.93,2.11
2019-07-03,-0.0015929745221081,0.191863460349209,0.1577567235645233,0.1945186430254319,0.046282386202546086,0.0311868419142214,12.57,-0.3599999999999994,-0.0278422273781902,15.218,-0.4754315088251131,1.91,0.0,-0.1300000000000001,15.739671761159375,0.8,1,0.4285714285714286,0.9143333333333332,0.0856666666666666,0,0,0.0010554127967752,0.0066814821032987,0.0035537283404956,0.1574489472111504,0.1665078865940044,0.1966627692515608,12.93,16.21,16.09,1.91,1.96,2.04
2019-07-05,0.0059387070225633,0.1876198389640712,0.1585091888177859,0.1939125419837453,0.048890582541893685,0.0349309829653565,13.28,0.7099999999999991,0.05648369132856,15.0855,-0.397632419694983,1.98,0.07,-0.04,15.886088054818577,0.0,0,0.0,0.8906666666666667,0.1093333333333332,0,0,-0.0015929745221081,0.0033184399402099,0.0021793727452841,0.1577567235645233,0.1617205935364699,0.1964724674801846,12.57,15.82,15.93,1.91,1.93,2.02
2019-07-08,-0.0054627446878043,0.1355912068566094,0.1537340627337177,0.1943184803319037,0.01657987875784819,0.0404765659654857,13.96,0.6800000000000015,0.0512048192771086,14.9685,-0.3980418269498776,1.99,0.01,0.02,15.74952176600106,0.0,0,0.0,0.868,0.132,0,0,0.0059387070225633,0.027196229967551,-0.0109627690676031,0.1585091888177859,0.1804439979519808,0.1996567934387757,13.28,15.08,16.3,1.98,1.92,1.97
2019-07-09,0.0042526332406129,0.0724368949402312,0.1505362408548722,0.1938509624676349,0.0041476503039985894,0.03396874540403451,14.09,0.129999999999999,0.0093123209169054,14.876,-0.3823025365902603,2.0,0.01,-0.0299999999999998,16.006862480525587,0.0,0,0.0,0.8636666666666667,0.1363333333333333,0,0,-0.0054627446878043,0.0168156628176043,0.0108094413002652,0.1537340627337177,0.1871035946172869,0.2043374864601156,13.96,14.06,15.94,1.99,1.94,2.03
2019-07-10,-0.0029116649363066,0.0770001696510005,0.151309463750139,0.1702344600563977,0.0001768819849142897,0.027976170755666104,13.03,-1.0600000000000005,-0.0752306600425833,14.728,-0.3194795804196974,1.93,-0.07,-0.1199999999999998,16.039301438590073,0.0,0,0.0,0.899,0.1009999999999999,0,0,0.0042526332406129,0.0010554127967752,0.0030814003534285,0.1505362408548722,0.1574489472111504,0.1787834142903858,14.09,12.93,15.99,2.0,1.91,2.05
2019-07-11,0.0095560752610244,0.099318401665674,0.1440647762994111,0.1694165381812441,0.011281831427233789,0.05030806698312351,12.93,-0.0999999999999996,-0.007674597083653,14.579,-0.3254217186677278,1.97,0.04,-0.05,16.266101863579735,0.0,0,0.0,0.9023333333333332,0.0976666666666666,0,0,-0.0029116649363066,-0.0015929745221081,-0.0127393501064121,0.151309463750139,0.1577567235645233,0.1825773798415675,13.03,12.57,15.91,1.93,1.91,2.02
2019-07-12,0.0105170968460326,0.1140189425215771,0.1467986191951884,0.1694082370888619,0.01582286593169659,0.058302201564118604,12.39,-0.5399999999999991,-0.0417633410672853,14.4075,-0.3464119343566723,1.96,-0.01,-0.04,16.193518565339303,0.0,0,0.0,0.9203333333333332,0.0796666666666666,0,0,0.0095560752610244,0.0059387070225633,0.0024710904554989,0.1440647762994111,0.1585091888177859,0.1824166880672586,12.93,13.28,15.82,1.97,1.98,2.0
2019-07-15,-0.0121421254065732,0.1504227164577239,0.1563336917784699,0.1613399639919547,0.009084142763853989,0.0435329778236654,12.68,0.2899999999999991,0.0234059725585149,14.2775,-0.3819139776709114,1.95,-0.01,-0.05,16.376343840615796,0.0,0,0.0,0.9106666666666668,0.0893333333333332,0,0,0.0105170968460326,-0.0054627446878043,0.0025560416510665,0.1467986191951884,0.1537340627337177,0.176333603614923,12.39,13.96,15.28,1.96,1.99,2.0
2019-07-16,0.0107108202006052,0.1632730554951083,0.1563441765501262,0.1620208524169288,0.01549439210465849,0.0596654653179198,12.86,0.1799999999999997,0.0141955835962144,14.153,-0.3464466101015592,2.0,0.05,-0.0299999999999998,16.645483422037746,0.0,0,0.0,0.9046666666666668,0.0953333333333332,0,0,-0.0121421254065732,0.0042526332406129,-0.0054636415240808,0.1563336917784699,0.1505362408548722,0.176540898660665,12.68,14.09,15.35,1.95,2.0,2.03
2019-07-17,-0.0098155347171604,0.1853562412989,0.1574425552804247,0.163355970749496,0.008546279541501589,0.0362514192387041,13.97,1.1100000000000012,0.0863141524105755,14.094000000000005,-0.4231644791647872,1.95,-0.05,-0.09,16.389717012902768,0.0,0,0.0,0.8676666666666666,0.1323333333333334,0,0,0.0107108202006052,-0.0029116649363066,0.013642239023718,0.1563441765501262,0.151309463750139,0.1826190900208398,12.86,13.03,15.15,2.0,1.93,2.04
2019-07-18,0.0059652690837859,0.1774663278762148,0.1543033345909691,0.1637716717365184,0.004983122062258689,0.049451298953114606,13.53,-0.4400000000000013,-0.031496062992126,14.053999999999998,-0.5075066908597387,1.9,-0.05,-0.06,16.0559224369417,0.0,0,0.0,0.8823333333333334,0.1176666666666665,0,0,-0.0098155347171604,0.0095560752610244,-0.0072260977029691,0.1574425552804247,0.1440647762994111,0.1836751216980067,13.97,12.93,14.33,1.95,1.97,1.96
2019-07-19,-0.009854132645546,0.167655886544246,0.1604307188072209,0.1650487389480843,-0.015382060795653012,0.0370037581942564,14.45,0.92,0.0679970436067998,14.038999999999998,-0.5553187959360206,1.94,0.04,0.03,16.157585654772692,0.0,0,0.0,0.8516666666666667,0.1483333333333333,0,0,0.0059652690837859,0.0105170968460326,0.0025477748901365,0.1543033345909691,0.1467986191951884,0.1819141303541949,13.53,12.39,14.75,1.9,1.96,1.91
2019-07-22,0.0064294570942762,0.1553790456320914,0.1577912861578595,0.1655506952122112,0.003243258715790188,0.0502426508455487,13.53,-0.92,-0.0636678200692041,13.9455,-0.5389748753656575,1.95,0.01,0.0,16.019501193814627,0.0,0,0.0,0.8823333333333334,0.1176666666666665,0,0,-0.009854132645546,-0.0121421254065732,-0.0068067447980165,0.1604307188072209,0.1563336917784699,0.1687067971034602,14.45,12.68,15.4,1.94,1.95,1.95
2019-07-23,0.0182896867638449,0.1907178063138842,0.1626909373314402,0.1689374582172379,0.01071383527299759,0.075519636719259,12.61,-0.92,-0.0679970436067997,13.813,-0.5953249726861235,1.97,0.02,0.05,16.361214442121288,0.0,0,0.0,0.913,0.0869999999999999,0,0,0.0064294570942762,0.0107108202006052,-0.0071270250621496,0.1577912861578595,0.1563441765501262,0.1668558847899157,13.53,12.86,15.26,1.95,2.0,1.92
2019-07-24,0.0040394271245727,0.1583758038188896,0.1562958324171514,0.1666170704922584,0.02460915045787039,0.0878682027734209,12.07,-0.5399999999999991,-0.042823156225218,13.6025,-0.5488278064827765,1.98,0.01,0.05,16.119195146291737,0.0,0,0.0,0.931,0.0689999999999999,0,0,0.0182896867638449,-0.0098155347171604,-0.0082827826703766,0.1626909373314402,0.1574425552804247,0.1649527546907574,12.61,13.97,16.28,1.97,1.95,1.93
2019-07-25,-0.0095866311491582,0.1878932112509691,0.1636875671298238,0.1678306627665428,0.009028724442772088,0.0715760641348107,12.74,0.6699999999999999,0.0555095277547639,13.428999999999998,-0.592258271663643,1.99,0.01,0.03,16.13184085138488,0.0,0,0.0,0.9086666666666666,0.0913333333333333,0,0,0.0040394271245727,0.0059652690837859,0.0066814821032987,0.1562958324171514,0.1543033345909691,0.1665078865940044,12.07,13.53,16.21,1.98,1.9,1.96
2019-07-26,0.0044075473854652,0.156567232233501,0.1637094967496869,0.1672694632519946,0.02332959298328959,0.07266098066122689,12.16,-0.5800000000000001,-0.0455259026687597,13.246,-0.589566466468865,2.0,0.01,0.07,16.36498705652413,0.0,0,0.0,0.928,0.072,0,0,-0.0095866311491582,-0.009854132645546,0.0033184399402099,0.1636875671298238,0.1604307188072209,0.1617205935364699,12.74,14.45,15.82,1.99,1.94,1.93
2019-07-29,-0.003183676617517,0.1644630935142644,0.1402911179144603,0.1673700751191696,0.013731961381804289,0.042639241619296706,12.83,0.6699999999999999,0.0550986842105263,13.133500000000002,-0.6157368216850732,1.98,-0.02,0.06,15.95562389681836,0.0,0,0.0,0.9056666666666666,0.0943333333333333,0,0,0.0044075473854652,0.0064294570942762,0.027196229967551,0.1637094967496869,0.1577912861578595,0.1804439979519808,12.16,13.53,15.08,2.0,1.95,1.92
2019-07-30,-0.0022443663045401,0.0921491849894446,0.1299729586169556,0.1669778754866304,-0.006639369536101511,0.023716508145553202,13.94,1.1099999999999994,0.0865159781761495,13.1275,-0.5724367837632254,1.97,-0.01,0.03,15.778572906264886,0.0,0,0.0,0.8686666666666667,0.1313333333333333,0,0,-0.003183676617517,0.0182896867638449,0.0168156628176043,0.1402911179144603,0.1626909373314402,0.1871035946172869,12.83,12.61,14.06,1.98,1.97,1.94
2019-07-31,0.0035469765188067,0.0904009372804173,0.1302389901670425,0.1660742886911517,-0.007129959245963111,0.026202352738323203,16.12,2.180000000000001,0.1563845050215209,13.287,-0.4793308145204011,2.0,0.03,0.09,16.429103621984403,0.0,0,0.0,0.7959999999999999,0.204,0,0,-0.0022443663045401,0.0040394271245727,0.0010554127967752,0.1299729586169556,0.1562958324171514,0.1574489472111504,13.94,12.07,12.93,1.97,1.98,1.91
2019-08-01,-0.0263791765641141,0.2014786591775398,0.1638958269630762,0.1717232885707217,-0.024230429995191413,0.0010632479370732036,17.87,1.75,0.1085607940446649,13.552,-0.5695617354471418,1.88,-0.1200000000000001,-0.03,16.566907627408465,0.0,0,0.0,0.7376666666666667,0.2623333333333333,0,0,0.0035469765188067,-0.0095866311491582,-0.0015929745221081,0.1302389901670425,0.1636875671298238,0.1577567235645233,16.12,12.74,12.57,2.0,1.99,1.91
2019-08-02,-8.874025507310535e-05,0.1907418797930117,0.1624237172609929,0.1713560704788043,-0.02871703678342081,-0.004946638664087589,17.61,-0.2600000000000015,-0.0145495243424734,13.768499999999998,-0.5944695864035241,1.85,-0.0299999999999998,-0.1299999999999999,16.21572142044159,0.0,0,0.0,0.7463333333333333,0.2536666666666667,0,0,-0.0263791765641141,0.0044075473854652,0.0059387070225633,0.1638958269630762,0.1637094967496869,0.1585091888177859,17.87,12.16,13.28,1.88,2.0,1.98
2019-08-05,-0.0297528719066203,0.2539111232762003,0.1936902626806074,0.1823092944696259,-0.055732750188484614,-0.029673387327036088,24.59,6.98,0.3963657013060762,14.3,-0.7374261191734426,1.78,-0.07,-0.2099999999999999,16.579014450321843,0.0,0,0.0,0.5136666666666667,0.4863333333333333,0,0,-8.874025507310535e-05,-0.003183676617517,-0.0054627446878043,0.1624237172609929,0.1402911179144603,0.1537340627337177,17.61,12.83,13.96,1.85,1.98,1.99
2019-08-06,0.0078490840397449,0.2843655315077538,0.1954994594766536,0.1830717087369719,-0.04566742129336211,-0.026098563451807492,20.17,-4.419999999999998,-0.1797478649857664,14.604000000000005,-0.7337287311767053,1.8,0.02,-0.1999999999999999,16.13824145465686,0.0,0,0.0,0.6609999999999999,0.3390000000000001,0,0,-0.0297528719066203,-0.0022443663045401,0.0042526332406129,0.1936902626806074,0.1299729586169556,0.1505362408548722,24.59,13.94,14.09,1.78,1.97,2.0
2019-08-07,-0.0217333201878382,0.2700509462627873,0.2088309646738962,0.1798245760513587,-0.071181089499255,-0.045155618745846095,19.49,-0.6800000000000033,-0.0337134357957363,14.926999999999998,-0.6586957502021061,1.75,-0.05,-0.1799999999999999,16.667424480530748,0.0,0,0.0,0.6836666666666666,0.3163333333333333,0,0,0.0078490840397449,0.0035469765188067,-0.0029116649363066,0.1954994594766536,0.1302389901670425,0.151309463750139,20.17,16.12,13.03,1.8,2.0,1.93
2019-08-08,0.0169396457883255,0.3160500512905524,0.2157644198043363,0.1824179017822637,-0.027649970078405115,-0.037868553568565694,16.91,-2.5799999999999983,-0.1323755772190866,15.126,-0.692828669266273,1.79,0.04,-0.1799999999999999,16.20457614538807,0.0,0,0.0,0.7696666666666667,0.2303333333333332,0,0,-0.0217333201878382,-0.0263791765641141,0.0095560752610244,0.2088309646738962,0.1638958269630762,0.1440647762994111,19.49,17.87,12.93,1.75,1.88,1.97
2019-08-09,-0.0010922247515032,0.3150397654047817,0.210830444073928,0.182256997722705,-0.028654047549320816,-0.04942355214510499,17.97,1.0599999999999987,0.0626848018923713,15.405,-0.6841107714892837,1.78,-0.01,-0.1799999999999999,16.116173905587985,0.0,0,0.0,0.7343333333333334,0.2656666666666666,0,0,0.0169396457883255,-8.874025507310535e-05,0.0105170968460326,0.2157644198043363,0.1624237172609929,0.1467986191951884,16.91,17.61,12.39,1.79,1.85,1.96
2019-08-12,-0.0187714492690664,0.2663239108373368,0.21624379497231,0.1844207057269743,-0.017399448098366015,-0.05615697818925609,21.09,3.120000000000001,0.1736227045075125,15.8255,-0.717638563947039,1.75,-0.03,-0.1999999999999999,16.05554991623562,0.0,0,0.0,0.6303333333333334,0.3696666666666666,0,0,-0.0010922247515032,-0.0297528719066203,-0.0121421254065732,0.210830444073928,0.1936902626806074,0.1563336917784699,17.97,24.59,12.68,1.78,1.78,1.95
2019-08-13,0.0154159309976193,0.2905107537679669,0.220661859526782,0.1869641143202927,-0.009919575534883915,-0.05151253109134989,17.52,-3.5700000000000003,-0.1692745376955903,16.0585,-0.7573155689921813,1.86,0.1100000000000001,-0.1399999999999999,16.310755334689947,0.0,0,0.0,0.7493333333333334,0.2506666666666666,0,0,-0.0187714492690664,0.0078490840397449,0.0107108202006052,0.21624379497231,0.1954994594766536,0.1563441765501262,21.09,20.17,12.86,1.75,1.8,2.0
2019-08-14,-0.0415221313456993,0.3961247881836537,0.2613984160347778,0.2057159679050069,-0.030355414487564812,-0.08405731277491249,22.1,4.580000000000002,0.2614155251141554,16.465,-0.7912623204468833,1.79,-0.07,-0.1599999999999999,16.785504473576776,0.0,0,0.0,0.5966666666666667,0.4033333333333333,1,0,0.0154159309976193,-0.0217333201878382,-0.0098155347171604,0.220661859526782,0.2088309646738962,0.1574425552804247,17.52,19.49,13.97,1.86,1.75,1.95
2019-08-15,0.0038169728575865,0.3577597343468688,0.2604056419297758,0.205753589104695,-0.043343477751468414,-0.08619515338229279,21.18,-0.9200000000000016,-0.0416289592760181,16.8475,-0.7916505137846508,1.72,-0.07,-0.1799999999999999,16.40819487474464,0.0,0,0.0,0.6273333333333333,0.3726666666666667,0,0,-0.0415221313456993,0.0169396457883255,0.0059652690837859,0.2613984160347778,0.2157644198043363,0.1543033345909691,22.1,16.91,13.53,1.79,1.79,1.9
2019-08-16,0.0239546605864648,0.4272499682460783,0.2775491800470249,0.2112137390058841,-0.018578407221789717,-0.0526198985712417,18.47,-2.710000000000001,-0.1279508970727101,17.048499999999997,-0.8029264738916473,1.71,-0.01,-0.2299999999999999,16.28620003770725,0.0,0,0.0,0.7176666666666667,0.2823333333333333,0,0,0.0038169728575865,-0.0010922247515032,-0.009854132645546,0.2604056419297758,0.210830444073928,0.1604307188072209,21.18,17.97,14.45,1.72,1.78,1.94
2019-08-19,0.0090048503231341,0.4101621853590494,0.278798636660746,0.2080789770161776,0.009336010449870084,-0.05006422645517619,16.88,-1.59,-0.086085544125609,17.216,-0.8048100337999673,1.75,0.04,-0.1999999999999999,15.927588805906648,0.0,0,0.0,0.7706666666666667,0.2293333333333332,0,0,0.0239546605864648,-0.0187714492690664,0.0064294570942762,0.2775491800470249,0.21624379497231,0.1577912861578595,18.47,21.09,13.53,1.71,1.75,1.95
2019-08-20,-0.0126971436613053,0.4005604759822427,0.2699115147482971,0.2087388181440389,-0.018740743627456313,-0.0809671099918038,17.5,0.620000000000001,0.0367298578199053,17.4605,-0.8009407038740356,1.72,-0.03,-0.25,15.940642344978462,0.0,0,0.0,0.75,0.25,0,0,0.0090048503231341,0.0154159309976193,0.0182896867638449,0.278798636660746,0.220661859526782,0.1626909373314402,16.88,17.52,12.61,1.75,1.86,1.97
2019-08-21,0.0027957055837783,0.2079363873824549,0.2694548810034352,0.2076371335106771,0.026459867565495784,-0.0822065956672871,15.8,-1.6999999999999993,-0.097142857142857,17.647,-0.798409980939267,1.77,0.05,-0.2099999999999999,15.918339104201557,0.0,0,0.0,0.8066666666666666,0.1933333333333333,0,0,-0.0126971436613053,-0.0415221313456993,0.0040394271245727,0.2699115147482971,0.2613984160347778,0.1562958324171514,17.5,22.1,12.07,1.72,1.79,1.98
2019-08-22,0.0103153064878263,0.2100736736150487,0.2732742187420179,0.2086162276371671,0.03291262763995488,-0.062311250185109995,16.68,0.879999999999999,0.0556962025316454,17.844,-0.7739370803937821,1.79,0.02,-0.1999999999999999,16.050180876687094,0.0,0,0.0,0.7773333333333333,0.2226666666666666,0,0,0.0027957055837783,0.0038169728575865,-0.0095866311491582,0.2694548810034352,0.2604056419297758,0.1636875671298238,15.8,21.18,12.74,1.77,1.72,1.99
2019-08-23,-0.0248344293778242,0.243167174592538,0.2824703160009879,0.2138574899859199,-0.015907627604739717,-0.091857119159271,19.87,3.1900000000000013,0.1912470023980816,18.2295,-0.7860799279402669,1.73,-0.06,-0.27,16.50758725929529,0.0,0,0.0,0.671,0.3289999999999999,0,0,0.0103153064878263,0.0239546605864648,0.0044075473854652,0.2732742187420179,0.2775491800470249,0.1637094967496869,16.68,18.47,12.16,1.79,1.71,2.0
2019-08-26,0.0080172835403757,0.2401665681971519,0.2859701014449105,0.2133893202076034,-0.016886860152655517,-0.08068304798963599,19.32,-0.5500000000000007,-0.0276799194765978,18.554,-0.7884364711679887,1.75,0.02,-0.2299999999999999,15.92080270004431,0.0,0,0.0,0.6893333333333334,0.3106666666666666,0,0,-0.0248344293778242,0.0090048503231341,-0.003183676617517,0.2824703160009879,0.278798636660746,0.1402911179144603,19.87,16.88,12.83,1.73,1.75,1.98
2019-08-27,-0.0105737748681992,0.2353036029131066,0.2868221686272705,0.2143369065397405,-0.014738493307944916,-0.0890662337636472,20.31,0.9899999999999984,0.0512422360248445,18.8725,-0.793304347993181,1.77,0.02,-0.1999999999999999,16.477991472298026,0.0,0,0.0,0.6563333333333334,0.3436666666666665,0,0,0.0080172835403757,-0.0126971436613053,-0.0022443663045401,0.2859701014449105,0.2699115147482971,0.1299729586169556,19.32,17.5,13.94,1.75,1.72,1.97
2019-08-28,0.0100246878980558,0.2513219789996014,0.2900912244933633,0.2059215234472878,-0.007555524157493016,-0.082632160578817,19.35,-0.9599999999999972,-0.0472673559822746,19.034,-0.83525519198123,1.74,-0.03,-0.26,16.174995792559976,0.0,0,0.0,0.6883333333333332,0.3116666666666667,0,0,-0.0105737748681992,0.0027957055837783,0.0035469765188067,0.2868221686272705,0.2694548810034352,0.1302389901670425,20.31,15.8,16.12,1.77,1.77,2.0
2019-08-29,0.0226591787248742,0.2976748216805185,0.2917481017739917,0.2110044761583155,0.004588281900525883,-0.0334925382893927,17.88,-1.4700000000000024,-0.075968992248062,19.0345,-0.8320214395728133,1.75,0.01,-0.1299999999999999,16.11831572673987,0.0,0,0.0,0.7373333333333334,0.2626666666666666,0,0,0.0100246878980558,0.0103153064878263,-0.0263791765641141,0.2900912244933633,0.2732742187420179,0.1638958269630762,19.35,16.68,17.87,1.74,1.79,1.88
2019-08-30,0.0058596693011776,0.1877064951127647,0.2929330042893422,0.2113010596740152,0.035578856490167385,-0.027561225885682807,18.98,1.1000000000000014,0.0615212527964206,19.103,-0.819201748696128,1.76,0.01,-0.09,16.134982364440255,0.0,0,0.0,0.7006666666666667,0.2993333333333333,0,0,0.0226591787248742,-0.0248344293778242,-8.874025507310535e-05,0.2917481017739917,0.2824703160009879,0.1624237172609929,17.88,19.87,17.61,1.75,1.73,1.85
2019-09-03,-0.0118333559333343,0.2301997902339989,0.2757461627097641,0.2115056095119975,0.015689613245106083,-0.009260684556045305,19.66,0.6799999999999997,0.035827186512118,18.8565,-0.804953423396089,1.72,-0.04,-0.06,16.104888924800473,0.0,0,0.0,0.6779999999999999,0.322,0,0,0.0058596693011776,0.0080172835403757,-0.0297528719066203,0.2929330042893422,0.2859701014449105,0.1936902626806074,18.98,19.32,24.59,1.76,1.75,1.78
2019-09-04,0.0120672969240296,0.1988521831427453,0.2778007422052093,0.2117901415019086,0.03831475527959798,-0.0050840571906871045,17.33,-2.330000000000002,-0.1185147507629705,18.7145,-0.8259906946970654,1.69,-0.03,-0.1100000000000001,15.751255068703717,0.0,0,0.0,0.7556666666666667,0.2443333333333333,0,0,-0.0118333559333343,-0.0105737748681992,0.0078490840397449,0.2757461627097641,0.2868221686272705,0.1954994594766536,19.66,20.31,20.17,1.72,1.77,1.8
2019-09-05,0.022754199271276,0.2260447044187311,0.2765356030731656,0.2166615023074878,0.050839164943581885,0.039388093864019896,16.27,-1.0599999999999987,-0.0611656087709173,18.553500000000003,-0.8775909727451925,1.73,0.04,-0.02,16.397596926757405,0.0,0,0.0,0.791,0.2089999999999999,0,0,0.0120672969240296,0.0100246878980558,-0.0217333201878382,0.2778007422052093,0.2900912244933633,0.2088309646738962,17.33,19.35,19.49,1.69,1.74,1.75
2019-09-06,0.0021357371221037,0.2013663147092558,0.2709490381069968,0.2149333194470764,0.030566351788150183,0.024723783577162595,15.0,-1.2699999999999996,-0.0780577750460971,18.458,-0.8631912562710296,1.73,0.0,-0.06,15.874315752400019,0.0,0,0.0,0.8333333333333334,0.1666666666666666,0,0,0.022754199271276,0.0226591787248742,0.0169396457883255,0.2765356030731656,0.2917481017739917,0.2157644198043363,16.27,17.88,16.91,1.73,1.75,1.79
2019-09-09,0.0247757564147439,0.2395995106402796,0.2829662502891253,0.2204035195101999,0.049197598003443484,0.0502904196670815,15.27,0.2699999999999996,0.018,18.323,-0.816572279797288,1.74,0.01,-0.04,16.453503106615717,0.0,0,0.0,0.8243333333333334,0.1756666666666666,0,0,0.0021357371221037,0.0058596693011776,-0.0010922247515032,0.2709490381069968,0.2929330042893422,0.210830444073928,15.0,18.98,17.97,1.73,1.76,1.78
2019-09-10,0.012738348076456,0.1432550171690475,0.2732423623239594,0.221679547435832,0.07375942317954398,0.08189818672186469,15.2,-0.0700000000000002,-0.0045841519318926,18.0285,-0.7914247399325485,1.81,0.07,0.06,16.47808217555603,0.0,0,0.0,0.8266666666666667,0.1733333333333333,0,0,0.0247757564147439,-0.0118333559333343,-0.0187714492690664,0.2829662502891253,0.2757461627097641,0.21624379497231,15.27,19.66,21.09,1.74,1.72,1.75
2019-09-11,0.0027380552830449,0.1675147411607522,0.270030586409034,0.2212685026795541,0.06449866922644798,0.0693341875706448,14.61,-0.5899999999999999,-0.0388157894736842,17.883000000000003,-0.7939887541953874,1.79,-0.02,-0.07,16.109982931662348,0.0,0,0.0,0.8463333333333334,0.1536666666666666,0,0,0.012738348076456,0.0120672969240296,0.0154159309976193,0.2732423623239594,0.2778007422052093,0.220661859526782,15.2,17.33,17.52,1.81,1.69,1.86
2019-09-12,0.006143841582765,0.147543319763519,0.2086504324441722,0.2200313027059439,0.04812453068164719,0.1178680390332319,14.22,-0.3899999999999988,-0.0266940451745378,17.488999999999997,-0.655576812683252,1.82,0.03,0.03,16.323767537770507,0.0,0,0.0,0.8593333333333333,0.1406666666666667,0,0,0.0027380552830449,0.022754199271276,-0.0415221313456993,0.270030586409034,0.2765356030731656,0.2613984160347778,14.61,16.27,22.1,1.79,1.73,1.79
2019-09-13,0.0196760064181473,0.1434039840722797,0.2139265557969139,0.2224705441270189,0.0654760070751094,0.1335432684037404,13.74,-0.4800000000000004,-0.0337552742616034,17.116999999999997,-0.653160418863653,1.88,0.0599999999999998,0.1599999999999999,16.604046507044707,0.0,0,0.0,0.8753333333333333,0.1246666666666667,0,0,0.006143841582765,0.0021357371221037,0.0038169728575865,0.2086504324441722,0.2709490381069968,0.2604056419297758,14.22,15.0,21.18,1.82,1.73,1.72
2019-09-16,-0.0088997282737247,0.1700854136907197,0.2108627398327311,0.2235077294751627,0.03206262524567269,0.10093145213454391,14.67,0.9299999999999996,0.0676855895196506,16.927,-0.6384280674382793,1.86,-0.0199999999999997,0.1500000000000001,16.299908828549462,0.0,0,0.0,0.8443333333333334,0.1556666666666666,0,0,0.0196760064181473,0.0247757564147439,0.0239546605864648,0.2139265557969139,0.2829662502891253,0.2775491800470249,13.74,15.27,18.47,1.88,1.74,1.71
2019-09-17,-0.0049512585983969,0.1752495809214508,0.2132131683699172,0.2232459802544359,0.014441170752967483,0.0870033470249621,14.44,-0.2300000000000004,-0.0156782549420586,16.805,-0.6279883943735646,1.87,0.01,0.1200000000000001,16.189057343045427,0.0,0,0.0,0.852,0.148,0,0,-0.0088997282737247,0.012738348076456,0.0090048503231341,0.2108627398327311,0.2732423623239594,0.278798636660746,14.67,15.2,16.88,1.86,1.81,1.75
2019-09-18,0.0100363177590951,0.182270031183471,0.2040740865537827,0.2231872841188348,0.021693145498968083,0.1097680766970692,13.95,-0.4900000000000002,-0.0339335180055402,16.6275,-0.6235578640265611,1.87,0.0,0.1500000000000001,16.18253426085493,0.0,0,0.0,0.8683333333333334,0.1316666666666666,0,0,-0.0049512585983969,0.0027380552830449,-0.0126971436613053,0.2132131683699172,0.270030586409034,0.2699115147482971,14.44,14.61,17.5,1.87,1.79,1.72
2019-09-19,-0.0031729496313983,0.1883887030391975,0.2062093659626897,0.2224455486442931,0.012390106252442384,0.1037982777201785,14.05,0.1000000000000014,0.007168458781362,16.54,-0.6647663077614797,1.88,0.0099999999999997,0.1099999999999998,16.05436757465493,0.0,0,0.0,0.865,0.135,0,0,0.0100363177590951,0.006143841582765,0.0027957055837783,0.2040740865537827,0.2086504324441722,0.2694548810034352,13.95,14.22,15.8,1.87,1.82,1.77
2019-09-20,-0.0040204990562404,0.1138828202611695,0.2077804329941689,0.2225317107210025,-0.011123432809807317,0.0895072079539782,15.32,1.2699999999999996,0.090391459074733,16.472,-0.7062743750156182,1.84,-0.0399999999999998,0.05,16.90029716608157,0.0,0,0.0,0.8226666666666667,0.1773333333333333,0,0,-0.0031729496313983,0.0196760064181473,0.0103153064878263,0.2062093659626897,0.2139265557969139,0.2732742187420179,14.05,13.74,16.68,1.88,1.88,1.79
2019-09-23,-0.0001685840457259,0.0970858697298606,0.1772172461167359,0.2225347186616782,-0.002352463664264716,0.11448661607501891,14.91,-0.4100000000000001,-0.0267624020887728,16.224,-0.5481202429623663,1.81,-0.03,0.08,16.027634804109695,0.0,0,0.0,0.8363333333333334,0.1636666666666666,0,0,-0.0040204990562404,-0.0088997282737247,-0.0248344293778242,0.2077804329941689,0.2108627398327311,0.2824703160009879,15.32,14.67,19.87,1.84,1.86,1.73
2019-09-24,-0.0130384354372938,0.1319167817941628,0.1890888541838197,0.2181983747051418,-0.010513088960223417,0.09337711821739421,17.05,2.140000000000001,0.1435278336686787,16.1105,-0.62073863605017,1.78,-0.03,0.03,16.274800295211616,0.0,0,0.0,0.765,0.235,0,0,-0.0001685840457259,-0.0049512585983969,0.0080172835403757,0.1772172461167359,0.2132131683699172,0.2859701014449105,14.91,14.44,19.32,1.81,1.87,1.75
2019-09-25,0.0057105883279442,0.1085953347269388,0.180242840119059,0.2159611211061415,-0.014805032614818317,0.10970153739019581,15.96,-1.09,-0.0639296187683284,15.893,-0.5882518091862291,1.82,0.04,0.05,16.05509205788239,0.0,0,0.0,0.8013333333333333,0.1986666666666666,0,0,-0.0130384354372938,0.0100363177590951,-0.0105737748681992,0.1890888541838197,0.2040740865537827,0.2868221686272705,17.05,13.95,20.31,1.78,1.87,1.77
2019-09-26,-0.0082202056736078,0.1150235668610664,0.1857509493265237,0.2167442462701516,-0.019881216369953016,0.0914725855077185,16.07,0.1099999999999994,0.0068922305764411,15.729,-0.5765567521340267,1.79,-0.03,0.05,16.10796460477712,0.0,0,0.0,0.7976666666666666,0.2023333333333333,0,0,0.0057105883279442,-0.0031729496313983,0.0100246878980558,0.180242840119059,0.2062093659626897,0.2900912244933633,15.96,14.05,19.35,1.82,1.88,1.74
2019-09-27,0.0058960312062246,0.1345810953519164,0.1735716887115221,0.2169644274896849,-0.009973895743710718,0.0749450303097416,17.22,1.1499999999999986,0.07156191661481,15.695999999999998,-0.506065686394805,1.74,-0.05,-0.01,16.138662789862583,0.0,0,0.0,0.7593333333333334,0.2406666666666665,0,0,-0.0082202056736078,-0.0040204990562404,0.0226591787248742,0.1857509493265237,0.2077804329941689,0.2917481017739917,16.07,15.32,17.88,1.79,1.84,1.75
2019-09-30,-0.0002551763108823,0.1345084395062934,0.1739445737369773,0.216699709107116,-0.010060506359994118,0.06884725322485741,16.24,-0.9800000000000004,-0.056910569105691,15.559,-0.5042943593920388,1.75,0.01,-0.01,16.093290634550875,0.0,0,0.0,0.792,0.2079999999999999,0,0,0.0058960312062246,-0.0001685840457259,0.0058596693011776,0.1735716887115221,0.1772172461167359,0.2929330042893422,17.22,14.91,18.98,1.74,1.81,1.76
2019-10-01,-0.0181832158107059,0.1636666416636933,0.1827694146923409,0.2198265279069914,-0.015286886554083218,0.06240061841820491,18.56,2.3200000000000003,0.1428571428571428,15.504,-0.5926430917442281,1.73,-0.02,0.01,16.235905441812335,0.0,0,0.0,0.7146666666666668,0.2853333333333332,0,0,-0.0002551763108823,-0.0130384354372938,-0.0118333559333343,0.1739445737369773,0.1890888541838197,0.2757461627097641,16.24,17.05,19.66,1.75,1.78,1.72
2019-10-02,-0.0199048741466497,0.178563467560712,0.1970563028984952,0.2236347523200129,-0.041086876114437315,0.030299905996160507,20.56,2.0,0.1077586206896552,15.6655,-0.6314095636111687,1.67,-0.06,-0.02,16.345127712208857,0.0,0,0.0,0.648,0.352,0,0,-0.0181832158107059,0.0057105883279442,0.0120672969240296,0.1827694146923409,0.180242840119059,0.2778007422052093,18.56,15.96,17.33,1.73,1.82,1.69
2019-10-03,-0.0014241652522531,0.1849423137664749,0.180903340126865,0.2235730104954882,-0.03425787858928152,0.006375541974855107,19.12,-1.4399999999999975,-0.0700389105058364,15.807999999999998,-0.5678571896705878,1.58,-0.0899999999999998,-0.1499999999999999,16.35988044954558,0.9,1,0.125,0.696,0.304,0,0,-0.0199048741466497,-0.0082202056736078,0.022754199271276,0.1970563028984952,0.1857509493265237,0.2765356030731656,20.56,16.07,16.27,1.67,1.79,1.73
2019-10-04,0.0216598744996003,0.2670818215812554,0.1958209737578717,0.2270433322569593,-0.018707963650823417,0.02567071487076801,17.04,-2.080000000000002,-0.1087866108786611,15.91,-0.6449899578240502,1.58,0.0,-0.1499999999999999,16.061853393789246,0.0,0,0.0,0.7653333333333334,0.2346666666666665,0,0,-0.0014241652522531,0.0058960312062246,0.0021357371221037,0.180903340126865,0.1735716887115221,0.2709490381069968,19.12,17.22,15.0,1.58,1.74,1.73
2019-10-07,-0.0021809636040925,0.2658440742294579,0.1757874957051709,0.2260811616720582,-0.020636100145798718,-0.0009864449243847913,17.86,0.8200000000000003,0.0481220657276995,16.039499999999997,-0.7336545543486853,1.64,0.0599999999999998,-0.1,15.728248101420807,0.0,0,0.0,0.738,0.262,0,0,0.0216598744996003,-0.0002551763108823,0.0247757564147439,0.1958209737578717,0.1739445737369773,0.2829662502891253,17.04,16.24,15.27,1.58,1.75,1.74
2019-10-08,-0.0222962879612316,0.2812201818314326,0.1861495642037344,0.2294321663408392,-0.024834145738107216,-0.03619295049944629,20.28,2.4200000000000017,0.1354983202687572,16.2935,-0.7851607212902438,1.62,-0.0199999999999997,-0.1899999999999999,16.195639947893635,0.0,0,0.0,0.6573333333333333,0.3426666666666667,0,0,-0.0021809636040925,-0.0181832158107059,0.012738348076456,0.1757874957051709,0.1827694146923409,0.2732423623239594,17.86,18.56,15.2,1.64,1.73,1.81
2019-10-09,0.0072438202107707,0.2541508516698141,0.1882693150146489,0.2288468347592101,0.0024892088550855828,-0.03170955437520189,18.64,-1.6400000000000006,-0.0808678500986193,16.494999999999997,-0.7900959939514439,1.59,-0.03,-0.1999999999999999,15.799775798377654,0.0,0,0.0,0.712,0.288,0,0,-0.0222962879612316,-0.0199048741466497,0.0027380552830449,0.1861495642037344,0.1970563028984952,0.270030586409034,20.28,20.56,14.61,1.62,1.67,1.79
2019-10-10,0.0140281513081541,0.2697338415216637,0.194446707825807,0.2297627395447461,0.017845056609486383,-0.023903932097305687,17.57,-1.0700000000000005,-0.0574034334763948,16.6625,-0.7962628465292136,1.63,0.0399999999999998,-0.1900000000000001,16.212869414189722,0.0,0,0.0,0.7476666666666667,0.2523333333333333,0,0,0.0072438202107707,-0.0014241652522531,0.006143841582765,0.1882693150146489,0.180903340126865,0.2086504324441722,18.64,19.12,14.22,1.59,1.58,1.82
2019-10-11,0.0168985551440701,0.2516829279279731,0.1908061929115145,0.2319820119377461,0.013173787006165283,-0.026631505198176086,15.58,-1.99,-0.1132612407512806,16.7545,-0.8378606310079292,1.67,0.04,-0.2099999999999999,16.528647864443432,0.0,0,0.0,0.8140000000000001,0.1859999999999999,0,0,0.0140281513081541,0.0216598744996003,0.0196760064181473,0.194446707825807,0.1958209737578717,0.2139265557969139,17.57,17.04,13.74,1.63,1.58,1.88
2019-10-14,0.0026693786710492,0.2481644334625344,0.1891082446582173,0.2310385617552547,0.01802295458246798,-0.015026115587589485,14.57,-1.0099999999999998,-0.0648267008985878,16.7495,-0.8300465180881382,1.67,0.0,-0.1900000000000001,15.98787317781653,0.0,0,0.0,0.8476666666666667,0.1523333333333333,0,0,0.0168985551440701,-0.0021809636040925,-0.0088997282737247,0.1908061929115145,0.1757874957051709,0.2108627398327311,15.58,17.86,14.67,1.67,1.64,1.86
2019-10-15,0.0301417089895745,0.1642901730154287,0.2168540980803124,0.2383717088025428,0.07026793667623848,0.019633815423824714,13.54,-1.0300000000000011,-0.0706932052161977,16.7045,-0.8098727379176567,1.65,-0.02,-0.2200000000000002,16.967348784267237,0.0,0,0.0,0.882,0.118,0,0,0.0026693786710492,-0.0222962879612316,-0.0049512585983969,0.1891082446582173,0.1861495642037344,0.2132131683699172,14.57,20.28,14.44,1.67,1.62,1.87
2019-10-16,-0.0023342787657045,0.1995547131697427,0.2144659735607872,0.2357463383121575,0.06071321947244818,0.007310519598278212,13.68,0.1400000000000005,0.0103397341211226,16.691,-0.8086623321827404,1.59,-0.0599999999999998,-0.28,16.221347033958764,0.0,0,0.0,0.8773333333333333,0.1226666666666667,0,0,0.0301417089895745,0.0072438202107707,0.0100363177590951,0.2168540980803124,0.1882693150146489,0.2040740865537827,13.54,18.64,13.95,1.65,1.59,1.87
2019-10-17,0.0055983647602602,0.2036016532544503,0.2148004482021457,0.2358641481787545,0.05236530421670138,0.016071265866953312,13.79,0.1099999999999994,0.0080409356725146,16.678,-0.8053723748687848,1.59,0.0,-0.2899999999999998,16.196768282043873,0.0,0,0.0,0.8736666666666667,0.1263333333333333,0,0,-0.0023342787657045,0.0140281513081541,-0.0031729496313983,0.2144659735607872,0.194446707825807,0.2062093659626897,13.68,17.57,14.05,1.59,1.63,1.88
2019-10-18,0.0017446186854677,0.202303201466006,0.2140540967170251,0.2349006768725331,0.037351039852432676,0.021842967464063914,14.25,0.4600000000000008,0.0333575054387238,16.6245,-0.8068089073052278,1.58,-0.01,-0.26,16.15898813899385,0.0,0,0.0,0.8583333333333334,0.1416666666666666,0,0,0.0055983647602602,0.0168985551440701,-0.0040204990562404,0.2148004482021457,0.1908061929115145,0.2077804329941689,13.79,15.58,15.32,1.59,1.67,1.84
2019-10-21,0.0248012938448916,0.2274520779533073,0.229479893346793,0.2397709945441977,0.05918395177863968,0.04651029985531491,14.0,-0.25,-0.0175438596491228,16.579,-0.7730223144114666,1.59,0.01,-0.2199999999999999,16.358261576086452,0.0,0,0.0,0.8666666666666667,0.1333333333333333,0,0,0.0017446186854677,0.0026693786710492,-0.0001685840457259,0.2140540967170251,0.1891082446582173,0.1772172461167359,14.25,14.57,14.91,1.58,1.67,1.81
2019-10-22,0.0100363083015455,0.1641964034164995,0.2234264698477619,0.240271929748979,0.03947385647772798,0.06962076086177611,14.46,0.4600000000000008,0.0328571428571429,16.4495,-0.7358967672458783,1.59,0.0,-0.1899999999999999,16.345159587510132,0.0,0,0.0,0.8513333333333333,0.1486666666666667,0,0,0.0248012938448916,0.0301417089895745,-0.0130384354372938,0.229479893346793,0.2168540980803124,0.1890888541838197,14.0,13.54,17.05,1.59,1.65,1.78
2019-10-23,0.0026443556399702,0.1476205854126207,0.2232881413477632,0.2401662817453039,0.04445172940231598,0.06656728161541252,14.01,-0.450000000000001,-0.0311203319502075,16.351999999999997,-0.7379006637966558,1.58,-0.01,-0.24,15.993473141835503,0.0,0,0.0,0.8663333333333334,0.1336666666666666,0,0,0.0100363083015455,-0.0023342787657045,0.0057105883279442,0.2234264698477619,0.2144659735607872,0.180242840119059,14.46,13.68,15.96,1.59,1.59,1.82
2019-10-24,-0.0007192725867976,0.1625428658027608,0.2196769133913725,0.2401668340549919,0.038149445855699474,0.07410192809260581,13.71,-0.2999999999999989,-0.0214132762312633,16.234,-0.7393921005719036,1.59,0.01,-0.1999999999999999,15.897511446719532,0.0,0,0.0,0.8763333333333333,0.1236666666666667,0,0,0.0026443556399702,0.0055983647602602,-0.0082202056736078,0.2232881413477632,0.2148004482021457,0.1857509493265237,14.01,13.79,16.07,1.58,1.59,1.79
2019-10-25,0.0079981650714249,0.1541301740994914,0.2200755067642139,0.2332449332272102,0.04437269653156488,0.0761895597393395,12.65,-1.0600000000000005,-0.0773158278628738,16.0055,-0.7666545064300084,1.6,0.01,-0.1399999999999999,16.018905062095584,0.0,0,0.0,0.9116666666666666,0.0883333333333333,0,0,-0.0007192725867976,0.0017446186854677,0.0058960312062246,0.2196769133913725,0.2140540967170251,0.1735716887115221,13.71,14.25,17.22,1.59,1.58,1.74
2019-10-28,0.0038085903188216,0.0678282597266986,0.2195522424659382,0.2332351871056578,0.02367531839919048,0.08024612461449951,13.11,0.4599999999999991,0.0363636363636363,15.849,-0.7784215407436444,1.6,0.0,-0.1499999999999999,16.06913657752452,0.0,0,0.0,0.8963333333333333,0.1036666666666666,0,0,0.0079981650714249,0.0248012938448916,-0.0002551763108823,0.2200755067642139,0.229479893346793,0.1739445737369773,12.65,14.0,16.24,1.6,1.59,1.75
2019-10-29,-0.000632416806482,0.0570771316607373,0.2040791133343767,0.2234497384693992,0.013056422512411578,0.0979640699282709,13.2,0.0899999999999998,0.0068649885583524,15.581,-0.7364415678554405,1.59,-0.01,-0.1399999999999999,16.09761749754574,0.0,0,0.0,0.8933333333333333,0.1066666666666666,0,0,0.0038085903188216,0.0100363083015455,-0.0181832158107059,0.2195522424659382,0.2234264698477619,0.1827694146923409,13.11,14.46,18.56,1.6,1.59,1.73
2019-10-30,-0.0055365530718127,0.0813032090982206,0.1861832528651202,0.2237750303093004,0.004863620440206578,0.1125177781700564,12.33,-0.8699999999999992,-0.0659090909090908,15.1695,-0.6120652332776417,1.59,0.0,-0.0799999999999998,15.95718730612542,0.0,0,0.0,0.9223333333333332,0.0776666666666666,0,0,-0.000632416806482,0.0026443556399702,-0.0199048741466497,0.2040791133343767,0.2232881413477632,0.1970563028984952,13.2,14.01,20.56,1.59,1.58,1.67
2019-10-31,-0.0064423357684375,0.0974554521918601,0.1895423719728527,0.2187926919395286,-0.0008800253456497219,0.10747978133623762,13.22,0.8900000000000006,0.0721816707218168,14.8745,-0.676817223547406,1.53,-0.06,-0.05,16.26557564543948,0.0,0,0.0,0.8926666666666666,0.1073333333333333,0,0,-0.0055365530718127,-0.0007192725867976,-0.0014241652522531,0.1861832528651202,0.2196769133913725,0.180903340126865,12.33,13.71,19.12,1.59,1.59,1.58
2019-11-01,0.023054738193071,0.1891775948991543,0.1911303386601316,0.2207955407200511,0.013946618430601777,0.10884414182076471,12.3,-0.92,-0.0695915279878971,14.6375,-0.6581519775962991,1.53,0.0,-0.05,16.27361119892915,0.0,0,0.0,0.9233333333333332,0.0766666666666666,0,0,-0.0064423357684375,0.0079981650714249,0.0216598744996003,0.1895423719728527,0.2200755067642139,0.1958209737578717,13.22,12.65,17.04,1.53,1.6,1.58
2019-11-04,0.0079811197014356,0.1928323674502532,0.189142413857059,0.2209177711367935,0.018094701448173277,0.1189769262084715,12.83,0.5299999999999994,0.0430894308943088,14.386,-0.6236267048475719,1.56,0.03,-0.0799999999999998,16.030345928731645,0.0,0,0.0,0.9056666666666666,0.0943333333333333,0,0,0.023054738193071,0.0038085903188216,-0.0021809636040925,0.1911303386601316,0.2195522424659382,0.1757874957051709,12.3,13.11,17.86,1.53,1.6,1.64
2019-11-05,0.0021736608214524,0.1899434550747489,0.1574414240791436,0.2162249633071698,0.020898620153085377,0.14369683581946352,13.1,0.2699999999999996,0.0210444271239282,14.027,-0.4582916240750593,1.62,0.06,0.0,16.436374894127447,0.0,0,0.0,0.8966666666666667,0.1033333333333332,0,0,0.0079811197014356,-0.000632416806482,-0.0222962879612316,0.189142413857059,0.2040791133343767,0.1861495642037344,12.83,13.2,20.28,1.56,1.59,1.62
2019-11-06,0.0015492166486021,0.1729545020934356,0.1587069340757635,0.2147584127476372,0.027998574592700977,0.13802714390767182,12.62,-0.4800000000000004,-0.0366412213740457,13.726,-0.459687650032352,1.58,-0.04,-0.01,16.234197362870635,0.0,0,0.0,0.9126666666666668,0.0873333333333332,0,0,0.0021736608214524,-0.0055365530718127,0.0072438202107707,0.1574414240791436,0.1861832528651202,0.1882693150146489,13.1,12.33,18.64,1.62,1.59,1.59
2019-11-07,0.0054138727029739,0.1377512484029308,0.1565701113631952,0.192887637106059,0.03986102213986498,0.12949574686661622,12.73,0.1100000000000012,0.0087163232963551,13.484,-0.4428002282571948,1.58,0.0,-0.0499999999999998,16.42033876994471,0.0,0,0.0,0.909,0.0909999999999999,0,0,0.0015492166486021,-0.0064423357684375,0.0140281513081541,0.1587069340757635,0.1895423719728527,0.194446707825807,12.62,13.22,17.57,1.58,1.53,1.63
2019-11-08,0.0029228247703445,0.0420613446290352,0.1521597870089011,0.1928945981921479,0.01998659070470388,0.11565694551930329,12.07,-0.6600000000000001,-0.0518460329929301,13.3085,-0.358849730767328,1.58,0.0,-0.0899999999999998,16.044815136367145,0.0,0,0.0,0.931,0.0689999999999999,0,0,0.0054138727029739,0.023054738193071,0.0168985551440701,0.1565701113631952,0.1911303386601316,0.1908061929115145,12.73,12.3,15.58,1.58,1.53,1.67
2019-11-11,-0.0035280919648409,0.0519347149556427,0.155401470457919,0.1888852429679284,0.00850282132716508,0.1094567929531686,12.69,0.6199999999999992,0.0513670256835128,13.2145,-0.4341049615592069,1.58,0.0,-0.0899999999999998,15.976416987847022,0.0,0,0.0,0.9103333333333332,0.0896666666666666,0,0,0.0029228247703445,0.0079811197014356,0.0026693786710492,0.1521597870089011,0.189142413857059,0.1891082446582173,12.07,12.83,14.57,1.58,1.56,1.67
2019-11-12,-0.0058498124155559,0.074006702891231,0.1312778262026446,0.1894156256105308,0.0004645298988012799,0.07389342904202631,12.68,-0.0099999999999997,-0.0007880220646178,13.1715,-0.3021390019019694,1.58,0.0,-0.0699999999999998,16.023675185241007,0.0,0,0.0,0.9106666666666668,0.0893333333333332,0,0,-0.0035280919648409,0.0021736608214524,0.0301417089895745,0.155401470457919,0.1574414240791436,0.2168540980803124,12.69,13.1,13.54,1.58,1.62,1.65
2019-11-13,-0.0052646512777332,0.0810809943147149,0.1334673550412609,0.1873581626436661,-0.00636204633812542,0.07095187809709821,13.0,0.3200000000000003,0.0252365930599369,13.1375,-0.3192062009471695,1.57,-0.01,-0.02,15.89786049117027,0.0,0,0.0,0.9,0.0999999999999999,0,0,-0.0058498124155559,0.0015492166486021,-0.0023342787657045,0.1312778262026446,0.1587069340757635,0.2144659735607872,12.68,12.62,13.68,1.58,1.58,1.59
2019-11-14,0.0009340442131788,0.0618484806504626,0.1335473431204818,0.1874113458400034,-0.010827708446677518,0.0663027342032373,13.05,0.0500000000000007,0.0038461538461538,13.1005,-0.3243979879934346,1.55,-0.02,-0.04,15.953621988685246,0.0,0,0.0,0.8983333333333333,0.1016666666666666,0,0,-0.0052646512777332,0.0054138727029739,0.0055983647602602,0.1334673550412609,0.1565701113631952,0.2148004482021457,13.0,12.73,13.79,1.57,1.58,1.59
2019-11-15,0.0072314485978024,0.0865886794421694,0.1341009257630137,0.1870168315065445,-0.006540843022550619,0.07176506264432,12.05,-1.0,-0.0766283524904214,12.9905,-0.3354141554175115,1.54,-0.01,-0.04,16.1343233664533,0.0,0,0.0,0.9316666666666666,0.0683333333333333,0,0,0.0009340442131788,0.0029228247703445,0.0017446186854677,0.1335473431204818,0.1521597870089011,0.2140540967170251,13.05,12.07,14.25,1.55,1.58,1.58
2019-11-18,0.0084152268919599,0.1063486329802496,0.1109774948764195,0.1778199225837756,0.0053735036053035815,0.055646344779832504,12.46,0.4100000000000001,0.0340248962655602,12.9135,-0.3240337667802427,1.54,0.0,-0.05,15.984484369428477,0.0,0,0.0,0.918,0.082,0,0,0.0072314485978024,-0.0035280919648409,0.0248012938448916,0.1341009257630137,0.155401470457919,0.229479893346793,12.05,12.69,14.0,1.54,1.58,1.59
2019-11-19,-0.0003062938853769,0.0894695634377782,0.1080923667392082,0.1777605891600489,0.010934152392168182,0.04535372495646651,12.86,0.3999999999999986,0.0321027287319422,12.8335,-0.3974779126722502,1.54,0.0,-0.05,15.99304261527562,0.0,0,0.0,0.9046666666666668,0.0953333333333332,0,0,0.0084152268919599,-0.0058498124155559,0.0100363083015455,0.1109774948764195,0.1312778262026446,0.2234264698477619,12.46,12.68,14.46,1.54,1.58,1.59
2019-11-20,-0.0072750620780963,0.1005688262905448,0.1132744220191058,0.1767608060729889,0.00891105638408498,0.035411205078867206,12.78,-0.08,-0.0062208398133748,12.772,-0.3769780782011515,1.54,0.0,-0.04,16.28215148381485,0.0,0,0.0,0.9073333333333332,0.0926666666666666,0,0,-0.0003062938853769,-0.0052646512777332,0.0026443556399702,0.1080923667392082,0.1334673550412609,0.2232881413477632,12.86,13.0,14.01,1.54,1.57,1.58
2019-11-21,0.0023142538045766,0.1003117661539911,0.1129010408723519,0.1762640287893448,0.010289028162380582,0.03844231650991841,13.13,0.3500000000000014,0.0273865414710485,12.743,-0.3814041525420511,1.55,0.01,-0.04,15.857445047334993,0.0,0,0.0,0.8956666666666666,0.1043333333333333,0,0,-0.0072750620780963,0.0009340442131788,-0.0007192725867976,0.1132744220191058,0.1335473431204818,0.2196769133913725,12.78,13.05,13.71,1.54,1.55,1.59
2019-11-22,0.0066186000869232,0.0984193087615719,0.1120298890014905,0.1719069113333026,0.00968039443595408,0.037072760548709206,12.34,-0.7900000000000009,-0.0601675552170601,12.7275,-0.3650251004583738,1.56,0.01,-0.04,15.915722518283058,0.0,0,0.0,0.922,0.0779999999999999,0,0,0.0023142538045766,0.0072314485978024,0.0079981650714249,0.1129010408723519,0.1341009257630137,0.2200755067642139,13.13,12.05,12.65,1.55,1.54,1.6
2019-11-25,0.0053521975067054,0.0876515514955319,0.112515924485501,0.1718760936107368,0.006638303566542181,0.03860932994718421,11.87,-0.4700000000000006,-0.0380875202593193,12.6655,-0.3972499665480793,1.58,0.02,-0.02,16.124922395620253,0.0,0,0.0,0.9376666666666666,0.0623333333333333,0,0,0.0066186000869232,0.0084152268919599,0.0038085903188216,0.1120298890014905,0.1109774948764195,0.2195522424659382,12.34,12.46,13.11,1.56,1.54,1.6
2019-11-26,0.0013690635520593,0.0864833028959287,0.112134927048691,0.1690471103453253,0.008312771608510182,0.04061007405256511,11.54,-0.33,-0.0278011794439764,12.5825,-0.3891298889503561,1.59,0.01,0.0,16.165999803687892,0.0,0,0.0,0.9486666666666668,0.0513333333333333,0,0,0.0053521975067054,-0.0003062938853769,-0.000632416806482,0.112515924485501,0.1080923667392082,0.2040791133343767,11.87,12.86,13.2,1.58,1.54,1.59
2019-11-27,0.002961890595257,0.0345884032961817,0.1085130209038877,0.1680848600900235,0.01857193884252458,0.04911952348118521,11.75,0.2100000000000008,0.0181975736568458,12.5535,-0.5059769244759693,1.6,0.01,0.01,15.703776612230529,0.0,0,0.0,0.9416666666666668,0.0583333333333333,0,0,0.0013690635520593,-0.0072750620780963,-0.0055365530718127,0.112134927048691,0.1132744220191058,0.1861832528651202,11.54,12.78,12.33,1.59,1.54,1.59
2019-11-29,-0.002271601141767,0.055378540575984,0.1049051618401746,0.1635413217227433,0.013986173657310681,0.05330851551287881,12.62,0.8699999999999992,0.0740425531914892,12.5235,-0.4657111871486297,1.6,0.0,0.07,15.55807995807157,0.0,0,0.0,0.9126666666666668,0.0873333333333332,0,0,0.002961890595257,0.0023142538045766,-0.0064423357684375,0.1085130209038877,0.1129010408723519,0.1895423719728527,11.75,13.13,13.22,1.6,1.55,1.53
2019-12-02,-0.0022007582083223,0.0525052254762436,0.0743772184190607,0.1638564218183168,0.005186196901102582,0.02831233901921001,14.91,2.290000000000001,0.1814580031695722,12.654,-0.3409097031190524,1.6,0.0,0.07,15.969085187553857,0.0,0,0.0,0.8363333333333334,0.1636666666666666,0,0,-0.002271601141767,0.0066186000869232,0.023054738193071,0.1049051618401746,0.1120298890014905,0.1911303386601316,12.62,12.34,12.3,1.6,1.56,1.53
2019-12-03,-0.0128548441869686,0.0984257910789774,0.0860758594125399,0.160540529388472,-0.013089911167643218,0.007424717331367708,15.96,1.0500000000000007,0.0704225352112677,12.8105,-0.4625220103584544,1.57,-0.03,0.01,16.15358836606179,0.0,0,0.0,0.8013333333333333,0.1986666666666666,0,0,-0.0022007582083223,0.0053521975067054,0.0079811197014356,0.0743772184190607,0.112515924485501,0.189142413857059,14.91,11.87,12.83,1.6,1.58,1.56
2019-12-04,0.0197255975841612,0.1882614752096996,0.1097102339359327,0.1630720754686627,0.005075530720282377,0.024786984619762108,14.8,-1.16,-0.0726817042606516,12.895500000000002,-0.5416139378065724,1.56,-0.01,-0.06,16.14941998111647,0.0,0,0.0,0.84,0.16,0,0,-0.0128548441869686,0.0013690635520593,0.0021736608214524,0.0860758594125399,0.112134927048691,0.1574414240791436,15.96,11.54,13.1,1.57,1.59,1.62
2019-12-05,0.0054405286267631,0.1906660169647893,0.1107138332896538,0.1632026343047385,0.007543800292334778,0.02866474918081901,14.52,-0.2800000000000011,-0.0189189189189189,12.9905,-0.5544344187416872,1.56,0.0,-0.02,16.075960398659095,0.0,0,0.0,0.8493333333333334,0.1506666666666666,0,0,0.0197255975841612,0.002961890595257,0.0015492166486021,0.1097102339359327,0.1085130209038877,0.1587069340757635,14.8,11.75,12.62,1.56,1.6,1.58
2019-12-06,0.0148805645757537,0.2070554891135737,0.1197920108036432,0.1650311318383621,0.024588920635262475,0.0380364140082763,13.62,-0.9000000000000004,-0.0619834710743801,13.035,-0.5976800931575926,1.57,0.01,-0.01,16.135011861657244,0.0,0,0.0,0.8793333333333333,0.1206666666666667,0,0,0.0054405286267631,-0.002271601141767,0.0054138727029739,0.1107138332896538,0.1049051618401746,0.1565701113631952,14.52,12.62,12.73,1.56,1.6,1.58
2019-12-09,-0.0046652474358617,0.2130705631931174,0.1219510528101956,0.1617392006306235,0.022115940403616776,0.03044168871812291,15.86,2.24,0.1644640234948604,13.2245,-0.6098255616535304,1.56,-0.01,-0.02,15.955365052001321,0.0,0,0.0,0.8046666666666666,0.1953333333333333,0,0,0.0148805645757537,-0.0022007582083223,0.0029228247703445,0.1197920108036432,0.0743772184190607,0.1521597870089011,13.62,14.91,12.07,1.57,1.6,1.58
2019-12-10,0.0006696944545374,0.1580011300878493,0.1205440920015474,0.1601565980565767,0.03572359338189758,0.0346454893861002,15.68,-0.1799999999999997,-0.0113493064312736,13.374,-0.5978736461558147,1.56,0.0,-0.02,15.83479078454704,0.0,0,0.0,0.8106666666666666,0.1893333333333333,0,0,-0.0046652474358617,-0.0128548441869686,-0.0035280919648409,0.1219510528101956,0.0860758594125399,0.155401470457919,15.86,15.96,12.69,1.56,1.57,1.58
2019-12-11,-0.0023794593054964,0.1223158870670592,0.1182431169116887,0.1597536775578418,0.013807729537419277,0.038130184258380106,14.99,-0.6899999999999995,-0.0440051020408163,13.4895,-0.5862489706136763,1.55,-0.01,-0.03,16.01405659512107,0.0,0,0.0,0.8336666666666667,0.1663333333333333,0,0,0.0006696944545374,0.0197255975841612,-0.0058498124155559,0.1205440920015474,0.1097102339359327,0.1312778262026446,15.68,14.8,12.68,1.56,1.56,1.58
2019-12-12,0.0286186217142989,0.2208872237566643,0.1474240341870144,0.1677216947793362,0.036598705262274475,0.0716255007812189,13.94,-1.0500000000000007,-0.0700466977985324,13.5365,-0.6007960152318216,1.55,0.0,-0.02,16.434175730830724,0.0,0,0.0,0.8686666666666667,0.1313333333333333,0,0,-0.0023794593054964,0.0054405286267631,-0.0052646512777332,0.1182431169116887,0.1107138332896538,0.1334673550412609,14.99,14.52,13.0,1.55,1.56,1.57
2019-12-13,-0.0087669958074457,0.2338191421225089,0.1536652596290072,0.168927365066275,0.013022118047380878,0.06188624050233471,12.63,-1.3099999999999987,-0.0939741750358679,13.5155,-0.4667858555835761,1.54,-0.01,-0.01,16.175619092611953,0.0,0,0.0,0.9123333333333332,0.0876666666666666,0,0,0.0286186217142989,0.0148805645757537,0.0009340442131788,0.1474240341870144,0.1197920108036432,0.1335473431204818,13.94,13.62,13.05,1.55,1.57,1.55
2019-12-16,0.0038740015853711,0.2247505051767006,0.1529358152238263,0.1684173261769116,0.021564798679862177,0.058547330420535705,12.14,-0.4900000000000002,-0.0387965162311956,13.52,-0.4573389082465844,1.54,0.0,0.0,16.246664839688304,0.0,0,0.0,0.9286666666666666,0.0713333333333333,0,0,-0.0087669958074457,-0.0046652474358617,0.0072314485978024,0.1536652596290072,0.1219510528101956,0.1341009257630137,12.63,15.86,12.05,1.54,1.56,1.54
2019-12-17,0.0061160483630573,0.222499090546471,0.1520686062456034,0.168477109261853,0.02699274962082178,0.0562647354016184,12.29,0.1499999999999985,0.0123558484349257,13.511500000000002,-0.4724099504285828,1.53,-0.01,-0.01,16.261918986871915,0.0,0,0.0,0.9236666666666666,0.0763333333333333,0,0,0.0038740015853711,0.0006696944545374,0.0084152268919599,0.1529358152238263,0.1205440920015474,0.1109774948764195,12.14,15.68,12.46,1.54,1.56,1.54
2019-12-18,-0.0010132440612568,0.2196782739592175,0.1522816663997696,0.1654377499017276,0.028361286598298178,0.055557318464510105,12.58,0.2900000000000009,0.0235964198535394,13.4975,-0.4719524493707821,1.54,0.01,0.0,16.155536030257355,0.0,0,0.0,0.914,0.0859999999999999,0,0,0.0061160483630573,-0.0023794593054964,-0.0003062938853769,0.1520686062456034,0.1182431169116887,0.1080923667392082,12.29,14.99,12.86,1.53,1.55,1.54
2019-12-19,-0.0049982730592882,0.097556490228947,0.1504769771139011,0.1661028256153328,-0.0048662777443208224,0.057848166652813095,12.5,-0.08,-0.0063593004769475,13.4835,-0.4788299708798817,1.52,-0.02,-0.02,16.050929788045753,0.0,0,0.0,0.9166666666666666,0.0833333333333333,0,0,-0.0010132440612568,0.0286186217142989,-0.0072750620780963,0.1522816663997696,0.1474240341870144,0.1132744220191058,12.58,13.94,12.78,1.54,1.55,1.54
2019-12-20,-0.0008009358365906,0.0696205491111384,0.1510409604557056,0.164706841064275,0.003138117512171577,0.0547353298521257,12.51,0.0099999999999997,0.0007999999999999,13.4525,-0.4776863847339074,1.52,0.0,-0.03,17.216461275874092,0.0,0,0.0,0.9163333333333332,0.0836666666666666,0,0,-0.0049982730592882,-0.0087669958074457,0.0023142538045766,0.1504769771139011,0.1536652596290072,0.1129010408723519,12.5,12.63,13.13,1.52,1.54,1.55
2019-12-23,-0.0002915191413717,0.0634153239746801,0.1506848371994287,0.164697719702017,-0.0010199610944533228,0.047846974890128305,12.61,0.0999999999999996,0.0079936051159072,13.466,-0.4700944314424806,1.53,0.01,-0.03,16.09158749376379,0.0,0,0.0,0.913,0.0869999999999999,0,0,-0.0008009358365906,0.0038740015853711,0.0066186000869232,0.1510409604557056,0.1529358152238263,0.1120298890014905,12.51,12.14,12.34,1.52,1.54,1.56
2019-12-24,0.0027696405077159,0.0439965845852719,0.1502940650481691,0.1645836851255964,-0.004351570224033023,0.0452748616110432,12.67,0.0600000000000005,0.0047581284694686,13.506,-0.4657307380725078,1.53,0.0,-0.05,15.01676998440769,0.0,0,0.0,0.911,0.0889999999999999,0,0,-0.0002915191413717,0.0061160483630573,0.0053521975067054,0.1506848371994287,0.1520686062456034,0.112515924485501,12.61,12.29,11.87,1.53,1.53,1.58
2019-12-26,0.0106117650322277,0.0920485262991805,0.15308053554429,0.1593438407434676,0.0072180429548524775,0.054462589810852405,12.65,-0.0199999999999995,-0.0015785319652722,13.5615,-0.4675664303950311,1.53,0.0,-0.06,15.728144723182336,0.0,0,0.0,0.9116666666666666,0.0883333333333333,0,0,0.0027696405077159,-0.0010132440612568,0.0013690635520593,0.1502940650481691,0.1522816663997696,0.112134927048691,12.67,12.58,11.54,1.53,1.54,1.59
2019-12-27,0.0007192974760628,0.0739444890617587,0.1532412107909178,0.1518647304495237,0.012947888066715577,0.0522241158770041,13.43,0.7799999999999994,0.0616600790513832,13.645500000000002,-0.4686328975961225,1.51,-0.02,-0.09,15.87834000468232,0.0,0,0.0,0.8856666666666667,0.1143333333333332,0,0,0.0106117650322277,-0.0049982730592882,0.002961890595257,0.15308053554429,0.1504769771139011,0.1085130209038877,12.65,12.5,11.75,1.53,1.52,1.6
2019-12-30,-0.0036650979133318,0.0843180414796078,0.1539110281604287,0.1522493133987324,0.010077313982833376,0.0508264701776484,14.82,1.3900000000000006,0.103499627699181,13.7555,-0.4761356001828402,1.57,0.06,-0.03,15.75612111754093,0.0,0,0.0,0.8393333333333333,0.1606666666666667,0,0,0.0007192974760628,-0.0008009358365906,-0.002271601141767,0.1532412107909178,0.1510409604557056,0.1049051618401746,13.43,12.51,12.62,1.51,1.52,1.6
2019-12-31,0.005554257758261,0.0844275590707311,0.1531974923237001,0.1476833644985037,0.015907765371808578,0.05856854336083431,13.78,-1.040000000000001,-0.0701754385964913,13.699000000000002,-0.4947466475794531,1.59,0.02,-0.01,15.789813920378828,0.0,0,0.0,0.874,0.126,0,0,-0.0036650979133318,-0.0002915191413717,-0.0022007582083223,0.1539110281604287,0.1506848371994287,0.0743772184190607,14.82,12.61,14.91,1.57,1.53,1.6
2020-01-02,0.0121229888404528,0.1048143333078835,0.1442912133475319,0.1483211455435161,0.02519204720695508,0.08355681998564149,12.47,-1.3099999999999987,-0.095065312046444,13.5245,-0.4736424842304946,1.56,-0.03,-0.01,16.195399318576477,0.0,0,0.0,0.9176666666666666,0.0823333333333333,0,0,0.005554257758261,0.0027696405077159,-0.0128548441869686,0.1531974923237001,0.1502940650481691,0.0860758594125399,13.78,12.67,15.96,1.59,1.53,1.57
2020-01-03,-0.0131960351713079,0.1518442618619556,0.1449910427571082,0.1424716307118728,0.0013523152976039777,0.050739374388174,14.02,1.549999999999999,0.1242983159582997,13.485499999999998,-0.5271320572346543,1.55,-0.01,-0.01,16.156046423462833,0.9,1,0.125,0.866,0.134,0,0,0.0121229888404528,0.0106117650322277,0.0197255975841612,0.1442912133475319,0.15308053554429,0.1097102339359327,12.47,12.65,14.8,1.56,1.53,1.56
2020-01-06,-0.0007950499680117,0.1519429937511447,0.1450287293667197,0.1425618723271733,-0.00016208979587012233,0.0445182257887992,13.85,-0.1699999999999999,-0.0121255349500712,13.451999999999998,-0.5198103433383424,1.54,-0.01,-0.02,16.143666024545233,0.0,0,0.0,0.8716666666666667,0.1283333333333333,0,0,-0.0131960351713079,0.0007192974760628,0.0054405286267631,0.1449910427571082,0.1532412107909178,0.1107138332896538,14.02,13.43,14.52,1.55,1.51,1.56
2020-01-07,-0.0170007255911047,0.1960035259031813,0.1524734600683551,0.147025750855425,-0.013637155929639523,0.012600393612746404,13.79,-0.0600000000000005,-0.0043321299638989,13.4605,-0.4293167086175156,1.53,-0.01,-0.04,16.169862428235152,0.0,0,0.0,0.8736666666666667,0.1263333333333333,0,0,-0.0007950499680117,-0.0036650979133318,0.0148805645757537,0.1450287293667197,0.1539110281604287,0.1197920108036432,13.85,14.82,13.62,1.54,1.57,1.57
2020-01-08,0.0078010103758878,0.2024673558282976,0.1531282827462253,0.1445676928242254,-0.011405305857468722,0.025047297099748806,13.45,-0.3399999999999998,-0.0246555474981871,13.34,-0.438236347610232,1.55,0.02,-0.01,16.087151893108352,0.0,0,0.0,0.885,0.1149999999999999,0,0,-0.0170007255911047,0.005554257758261,-0.0046652474358617,0.1524734600683551,0.1531974923237001,0.1219510528101956,13.79,13.78,15.86,1.53,1.59,1.56
2020-01-09,0.0036513335214305,0.1713942020307343,0.1533421075920435,0.1445762142459603,-0.019810716227573924,0.028022510376170002,12.54,-0.91,-0.0676579925650557,13.182999999999998,-0.4386536500207534,1.54,-0.01,-0.02,16.063533968573406,0.0,0,0.0,0.9153333333333332,0.0846666666666666,0,0,0.0078010103758878,0.0121229888404528,0.0006696944545374,0.1531282827462253,0.1442912133475319,0.1205440920015474,13.45,12.47,15.68,1.55,1.56,1.56
2020-01-10,-0.0099678881067184,0.1614854625563016,0.1581604374269285,0.1357395926271389,-0.016544739880775823,0.020386904969978907,12.56,0.0200000000000013,0.0015948963317384,13.0615,-0.4509162575955866,1.53,-0.01,-0.02,16.137005821309714,0.0,0,0.0,0.9146666666666666,0.0853333333333333,0,0,0.0036513335214305,-0.0131960351713079,-0.0023794593054964,0.1533421075920435,0.1449910427571082,0.1182431169116887,12.54,14.02,14.99,1.54,1.55,1.55
2020-01-13,0.0083043455505933,0.1819083307733599,0.1250496124488904,0.1359634589546556,-0.00747931950575062,0.00044020102077410583,12.32,-0.2400000000000002,-0.019108280254777,12.9805,-0.3902697418895657,1.53,0.0,-0.02,16.32958766598963,0.0,0,0.0,0.9226666666666666,0.0773333333333333,0,0,-0.0099678881067184,-0.0007950499680117,0.0286186217142989,0.1581604374269285,0.1450287293667197,0.1474240341870144,12.56,13.85,13.94,1.53,1.54,1.55
2020-01-14,0.0116619664257928,0.134333732337877,0.1269018837349603,0.1371209095955225,0.021262067264419482,0.020840342829785006,12.39,0.0700000000000002,0.0056818181818181,12.9685,-0.5112721781141691,1.53,0.0,-0.01,17.030619336414198,0.0,0,0.0,0.9203333333333332,0.0796666666666666,0,0,0.0083043455505933,-0.0170007255911047,-0.0087669958074457,0.1250496124488904,0.1524734600683551,0.1536652596290072,12.32,13.79,12.63,1.53,1.53,1.54
2020-01-15,-0.0149856879692992,0.1851157699963965,0.1386191609436449,0.1417747691586987,-0.0016077804905904203,0.001874717929296204,12.42,0.0299999999999993,0.0024213075060532,12.982499999999998,-0.4619419129120328,1.54,0.01,0.0,16.606270737178704,0.0,0,0.0,0.9193333333333332,0.0806666666666666,0,0,0.0116619664257928,0.0078010103758878,0.0038740015853711,0.1269018837349603,0.1531282827462253,0.1529358152238263,12.39,13.45,12.14,1.53,1.55,1.54
2020-01-16,0.0038764409254647,0.1854250734232999,0.137560704688232,0.1340091726585468,-0.0013835171873943205,-0.0003537564320460944,12.32,-0.0999999999999996,-0.0080515297906601,12.984,-0.4775248515899367,1.54,0.0,0.01,16.193555658699868,0.0,0,0.0,0.9226666666666666,0.0773333333333333,0,0,-0.0149856879692992,0.0036513335214305,0.0061160483630573,0.1386191609436449,0.1533421075920435,0.1520686062456034,12.42,12.54,12.29,1.54,1.54,1.53
2020-01-17,0.0069215802761335,0.1674567252064076,0.1396515854792444,0.1333570554448422,0.015532119038697181,0.007557737410377905,12.1,-0.2200000000000006,-0.0178571428571429,12.96,-0.4823460822925865,1.56,0.02,0.02,16.50320164496024,0.0,0,0.0,0.93,0.0699999999999999,0,0,0.0038764409254647,-0.0099678881067184,-0.0010132440612568,0.137560704688232,0.1581604374269285,0.1522816663997696,12.32,12.56,12.58,1.54,1.53,1.54
2020-01-21,-0.0098405387660511,0.1812372679625607,0.1431774351235141,0.1354782471077304,-0.00262721201918442,0.0026792667459105066,12.85,0.75,0.06198347107438,12.9775,-0.526239504571454,1.54,-0.02,0.02,15.952536929500269,0.0,0,0.0,0.905,0.0949999999999999,0,0,0.0069215802761335,0.0083043455505933,-0.0049982730592882,0.1396515854792444,0.1250496124488904,0.1504769771139011,12.1,12.32,12.5,1.56,1.53,1.52
2020-01-22,-0.0011692512575566,0.1468534885396317,0.1432153508810736,0.1355143091069102,-0.01539163717975842,0.0023105881378550075,12.91,0.0600000000000005,0.004669260700389,12.9975,-0.5265707925771702,1.55,0.01,0.03,15.83693904128779,0.0,0,0.0,0.903,0.0969999999999999,0,0,-0.0098405387660511,0.0116619664257928,-0.0008009358365906,0.1431774351235141,0.1269018837349603,0.1510409604557056,12.85,12.39,12.51,1.54,1.53,1.52
2020-01-23,-0.0010243339887663,0.1011547796297999,0.1432666418474101,0.1349593757065527,-0.0013173882219243201,0.0015772908018252072,12.98,0.0700000000000002,0.0054221533694811,13.016,-0.526578147908671,1.55,0.0,0.02,16.050427009434575,0.0,0,0.0,0.9006666666666666,0.0993333333333333,0,0,-0.0011692512575566,-0.0149856879692992,-0.0002915191413717,0.1432153508810736,0.1386191609436449,0.1506848371994287,12.91,12.42,12.61,1.55,1.54,1.53
2020-01-24,-0.0248281469691398,0.1937629178201264,0.1683727713807548,0.1454266735337198,-0.03032789910815762,-0.026330085316170693,14.56,1.58,0.1217257318952234,13.110500000000002,-0.6377312033583096,1.55,0.0,0.02,16.534593078616137,0.0,0,0.0,0.848,0.152,0,0,-0.0010243339887663,0.0038764409254647,0.0027696405077159,0.1432666418474101,0.137560704688232,0.1502940650481691,12.98,12.32,12.67,1.55,1.54,1.53
2020-01-27,-0.0084113139684499,0.1560370380477012,0.1640572175426108,0.1466684741115878,-0.04567252390759882,-0.04533282945207339,18.23,3.67,0.2520604395604395,13.389500000000002,-0.5705216404878325,1.53,-0.02,0.0,16.369671234024235,0.0,0,0.0,0.7256666666666667,0.2743333333333333,0,0,-0.0248281469691398,0.0069215802761335,0.0106117650322277,0.1683727713807548,0.1396515854792444,0.15308053554429,14.56,12.1,12.65,1.55,1.56,1.53
2020-01-28,0.0181775893581059,0.2468520954789835,0.1790350662230945,0.1501986565853783,-0.017768894851836615,-0.02803751617264169,16.28,-1.9499999999999995,-0.1069665386725178,13.532,-0.6382523711947649,1.53,0.0,0.02,16.38527913048602,0.0,0,0.0,0.7906666666666666,0.2093333333333333,0,0,-0.0084113139684499,-0.0098405387660511,0.0007192974760628,0.1640572175426108,0.1431774351235141,0.1532412107909178,18.23,12.85,13.43,1.53,1.54,1.51
2020-01-29,-0.0014878171683453,0.2466683448455816,0.1788355513386392,0.1494557116181626,-0.01808788455405962,-0.025854610399037994,16.39,0.1099999999999994,0.0067567567567567,13.610500000000002,-0.647847807950734,1.51,-0.02,-0.06,16.048316863577504,0.0,0,0.0,0.7869999999999999,0.213,0,0,0.0181775893581059,-0.0011692512575566,-0.0036650979133318,0.1790350662230945,0.1432153508810736,0.1539110281604287,16.28,12.91,14.82,1.53,1.55,1.57
2020-01-30,0.0123668029033732,0.2722715386672802,0.1837938747831418,0.1444730864071893,-0.0047720669199765205,-0.01910254148995989,15.49,-0.9000000000000004,-0.0549115314215985,13.695999999999998,-0.6539761442103836,1.48,-0.03,-0.1100000000000001,16.018153871838017,0.0,0,0.0,0.817,0.183,0,0,-0.0014878171683453,-0.0010243339887663,0.005554257758261,0.1788355513386392,0.1432666418474101,0.1531974923237001,16.39,12.98,13.78,1.51,1.55,1.59
2020-01-31,-0.025976733471929,0.2789147534090213,0.1977216045498581,0.1543000501584245,-0.005950590941717616,-0.05747272346484339,18.84,3.35,0.2162685603615235,14.014500000000002,-0.7068180611136816,1.45,-0.03,-0.1100000000000001,16.363798888132532,0.0,0,0.0,0.7053333333333334,0.2946666666666666,0,0,0.0123668029033732,-0.0248281469691398,0.0121229888404528,0.1837938747831418,0.1683727713807548,0.1442912133475319,15.49,14.56,12.47,1.48,1.55,1.56
2020-02-03,0.0076305452337499,0.2758625771105798,0.1970344149152374,0.1549424713844828,0.010097877633128685,-0.036587267116548694,17.97,-0.870000000000001,-0.0461783439490446,14.212,-0.7016024785371837,1.46,0.01,-0.09,16.120203527824124,0.0,0,0.0,0.7343333333333334,0.2656666666666666,0,0,-0.025976733471929,-0.0084113139684499,-0.0131960351713079,0.1977216045498581,0.1640572175426108,0.1449910427571082,18.84,18.23,14.02,1.45,1.53,1.55
2020-02-04,0.0143960071576336,0.2632469023402149,0.2051951691788572,0.1574398830902063,0.006376893979517384,-0.02149853239725419,16.05,-1.9199999999999984,-0.1068447412353922,14.322,-0.7272144361981125,1.48,0.02,-0.06,16.030040201842297,0.0,0,0.0,0.7983333333333333,0.2016666666666666,0,0,0.0076305452337499,0.0181775893581059,-0.0007950499680117,0.1970344149152374,0.1790350662230945,0.1450287293667197,17.97,16.28,13.85,1.46,1.53,1.54
2020-02-05,0.0170007007238577,0.2826189862355511,0.2053715091758472,0.1605706965336548,0.024723625123724682,0.012506170654326212,15.15,-0.9000000000000004,-0.0560747663551401,14.389999999999995,-0.7770257545174369,1.49,0.01,-0.04,16.13305332510667,0.0,0,0.0,0.8283333333333334,0.1716666666666666,0,0,0.0143960071576336,-0.0014878171683453,-0.0170007255911047,0.2051951691788572,0.1788355513386392,0.1524734600683551,16.05,16.39,13.79,1.48,1.51,1.53
2020-02-06,0.0001453844492309,0.2758006467111317,0.203629006076205,0.1605336100246537,0.012578040348943982,0.004880804716452812,14.96,-0.1899999999999995,-0.0125412541254125,14.4655,-0.7741447314295565,1.51,0.02,-0.04,16.01187932475465,0.0,0,0.0,0.8346666666666667,0.1653333333333333,0,0,0.0170007007238577,0.0123668029033732,0.0078010103758878,0.2053715091758472,0.1837938747831418,0.1531282827462253,15.15,15.49,13.45,1.49,1.48,1.55
2020-02-07,-0.0031974655493886,0.1378693050183981,0.2035629044953941,0.1604949688582185,0.035695540002736684,-0.0019664672345327885,15.47,0.5099999999999998,0.0340909090909091,14.612,-0.7789927003093512,1.49,-0.02,-0.05,15.668647463611945,0.0,0,0.0,0.8176666666666667,0.1823333333333333,0,0,0.0001453844492309,-0.025976733471929,0.0036513335214305,0.203629006076205,0.1977216045498581,0.1533421075920435,14.96,18.84,12.54,1.51,1.45,1.54
2020-02-10,0.0041553169240973,0.1393133391088453,0.2005959628726247,0.1599730567236776,0.032240667561531884,0.012198140325759011,15.04,-0.4300000000000015,-0.0277957336780867,14.736,-0.7994752595443878,1.45,-0.04,-0.08,15.600698649574808,0.0,0,0.0,0.8320000000000001,0.1679999999999999,0,0,-0.0031974655493886,0.0076305452337499,-0.0099678881067184,0.2035629044953941,0.1970344149152374,0.1581604374269285,15.47,17.97,12.56,1.49,1.46,1.53
2020-02-11,0.0018877422353904,0.1220747888065823,0.1986329661257722,0.1594107151642073,0.019833261719307486,0.005814048827803912,15.18,0.1400000000000005,0.0093085106382979,14.879,-0.7985829557689755,1.48,0.03,-0.05,15.69933266671418,0.0,0,0.0,0.8273333333333334,0.1726666666666666,0,0,0.0041553169240973,0.0143960071576336,0.0083043455505933,0.2005959628726247,0.2051951691788572,0.1250496124488904,15.04,16.05,12.32,1.45,1.48,1.53
2020-02-12,0.0,0.0429339237868645,0.1940935811198428,0.1594313112482497,0.002975455642445785,-0.005780440967647489,13.74,-1.4399999999999995,-0.0948616600790513,14.9465,-0.7864802970954714,1.49,0.01,-0.04,15.889688395628717,0.0,0,0.0,0.8753333333333333,0.1246666666666667,0,0,0.0018877422353904,0.0170007007238577,0.0116619664257928,0.1986329661257722,0.2053715091758472,0.1269018837349603,15.18,15.15,12.39,1.48,1.49,1.53
2020-02-13,-0.0008693863525998,0.0441902872691337,0.1861004995872119,0.1590083142399213,0.001960317272415085,0.008448902479458313,14.15,0.4100000000000001,0.0298398835516739,15.032999999999998,-0.8256312839958685,1.48,-0.01,-0.06,15.823389097842812,0.0,0,0.0,0.8616666666666667,0.1383333333333333,0,0,0.0,0.0001453844492309,-0.0149856879692992,0.1940935811198428,0.203629006076205,0.1386191609436449,13.74,14.96,12.42,1.49,1.51,1.54
2020-02-14,-0.0030463223914433,0.0434196843898135,0.1860218017535117,0.1585125941888546,0.0021119337612521853,0.0015289837141137124,13.68,-0.4700000000000006,-0.0332155477031802,15.101,-0.8125097034684526,1.49,0.01,-0.05,15.706753456561449,0.0,0,0.0,0.8773333333333333,0.1226666666666667,0,0,-0.0008693863525998,-0.0031974655493886,0.0038764409254647,0.1861004995872119,0.2035629044953941,0.137560704688232,14.15,15.47,12.32,1.48,1.49,1.54
2020-02-18,-0.013240054977596,0.0952683308477452,0.189997278415577,0.1611801287066515,-0.015363259601934513,-0.01869723831487269,14.83,1.1500000000000004,0.08406432748538,15.2375,-0.8182868069918096,1.47,-0.02,-0.09,16.01233516643472,0.0,0,0.0,0.839,0.161,0,0,-0.0030463223914433,0.0041553169240973,0.0069215802761335,0.1860218017535117,0.2005959628726247,0.1396515854792444,13.68,15.04,12.1,1.49,1.45,1.56
2020-02-19,0.0136389513565513,0.1523636539661559,0.1935272287015285,0.1623956953037373,-0.0037024442788420146,0.004738816568146311,14.38,-0.4499999999999993,-0.0303438975050572,15.313999999999998,-0.8100012674536556,1.47,0.0,-0.07,15.771540896147577,0.0,0,0.0,0.854,0.146,0,0,-0.013240054977596,0.0018877422353904,-0.0098405387660511,0.189997278415577,0.1986329661257722,0.1431774351235141,14.83,15.18,12.85,1.47,1.48,1.54
2020-02-20,0.0,0.1523636539661559,0.1934589707974751,0.1623903887018245,-0.0037024442788420155,0.005908751933268911,15.56,1.1799999999999995,0.0820584144645339,15.4465,-0.8004741044292658,1.46,-0.01,-0.09,15.820067037172363,0.0,0,0.0,0.8146666666666667,0.1853333333333333,0,0,0.0136389513565513,0.0,-0.0011692512575566,0.1935272287015285,0.1940935811198428,0.1432153508810736,14.38,13.74,12.91,1.47,1.49,1.55
2020-02-21,-0.0122189977580655,0.1731442754663374,0.1985478548967922,0.1642384492319916,-0.015126943244568215,-0.005360652543185589,17.08,1.5199999999999978,0.0976863753213366,15.651500000000002,-0.8092683041642181,1.43,-0.03,-0.1200000000000001,16.09511367689121,0.0,0,0.0,0.764,0.236,0,0,0.0,-0.0008693863525998,-0.0010243339887663,0.1934589707974751,0.1861004995872119,0.1432666418474101,15.56,14.15,12.98,1.46,1.48,1.55
2020-02-24,-0.0268758339331249,0.2440393095413567,0.2021480885864673,0.1736419584169733,-0.039319564726388916,-0.007462681904117589,25.03,7.950000000000003,0.4654566744730681,16.175,-0.8446579659323086,1.35,-0.0799999999999998,-0.1999999999999999,16.42693245091256,0.0,0,0.0,0.499,0.501,0,0,-0.0122189977580655,-0.0030463223914433,-0.0248281469691398,0.1985478548967922,0.1860218017535117,0.1683727713807548,17.08,13.68,14.56,1.43,1.49,1.55
2020-02-25,-0.0446430636846963,0.3667990632456621,0.2574765196853308,0.1974123700845283,-0.07166133182632742,-0.044686046233601284,27.85,2.8200000000000003,0.1126648022373151,16.656,-0.75381246085291,1.3,-0.05,-0.2299999999999999,16.85032896830886,0.0,0,0.0,0.4049999999999999,0.5950000000000001,1,0,-0.0268758339331249,-0.013240054977596,-0.0084113139684499,0.2021480885864673,0.189997278415577,0.1640572175426108,25.03,14.83,18.23,1.35,1.47,1.53
2020-02-26,0.0030098223385723,0.3211112991987054,0.2471252436848172,0.1974160650139368,-0.0822028079470934,-0.05969509652711049,27.56,-0.2900000000000027,-0.0104129263913824,17.220000000000002,-0.7379518852781919,1.26,-0.04,-0.27,17.02738597706873,0.0,0,0.0,0.4146666666666667,0.5853333333333333,0,0,-0.0446430636846963,0.0136389513565513,0.0181775893581059,0.2574765196853308,0.1935272287015285,0.1790350662230945,27.85,14.38,16.28,1.3,1.47,1.53
2020-02-27,-0.0416140656771244,0.3257586849124326,0.283972457717888,0.215288088841477,-0.1247075358830923,-0.10071089939576378,39.16,11.599999999999998,0.420899854862119,18.3585,-0.8079691312639771,1.18,-0.08,-0.33,16.951243919208945,0.0,0,0.0,0.0280000000000001,0.972,1,1,0.0030098223385723,0.0,-0.0014878171683453,0.2471252436848172,0.1934589707974751,0.1788355513386392,27.56,15.56,16.39,1.26,1.46,1.51
2020-02-28,-0.0433384705895633,0.3267310660233907,0.3082013689879667,0.2326635661739641,-0.15671890129451702,-0.15730748691772609,40.11,0.9500000000000028,0.0242594484167517,19.5895,-0.6956122713787002,0.97,-0.2099999999999999,-0.51,17.642659558776025,0.0,0,0.0,0.0,1.0,1,1,-0.0416140656771244,-0.0122189977580655,0.0123668029033732,0.283972457717888,0.1985478548967922,0.1837938747831418,39.16,17.08,15.49,1.18,1.43,1.48
2020-03-02,0.0465936079152911,0.6413673030380381,0.3533776172528035,0.2510244799658959,-0.0839346004752353,-0.08544669143763531,33.42,-6.689999999999998,-0.1667913238593866,20.3185,-0.7117670397160375,0.89,-0.0799999999999999,-0.5599999999999999,17.1244245444843,0.0,0,0.0,0.2193333333333332,0.7806666666666667,1,0,-0.0433384705895633,-0.0268758339331249,-0.025976733471929,0.3082013689879667,0.2021480885864673,0.1977216045498581,40.11,25.03,18.84,0.97,1.35,1.45
2020-03-03,-0.0375247354084885,0.6221845349887528,0.3700284406867696,0.2586611244808694,-0.07651125972482481,-0.1312951835915548,36.82,3.3999999999999986,0.101735487731897,21.261000000000003,-0.6945328993616705,0.73,-0.16,-0.73,17.298217294324143,0.0,0,0.0,0.1059999999999999,0.894,1,1,0.0465936079152911,-0.0446430636846963,0.0076305452337499,0.3533776172528035,0.2574765196853308,0.1970344149152374,33.42,27.85,17.97,0.89,1.3,1.46
2020-03-04,0.0247093355833034,0.6779201755491502,0.3792192279404212,0.2638475994049324,-0.05510756428167861,-0.12117955478830648,31.99,-4.830000000000002,-0.1311787072243346,22.058,-0.7041268890653385,0.59,-0.14,-0.89,17.06572616130073,0.0,0,0.0,0.267,0.733,0,0,-0.0375247354084885,0.0030098223385723,0.0143960071576336,0.3700284406867696,0.2471252436848172,0.2051951691788572,36.82,27.56,16.05,0.73,1.26,1.48
2020-03-05,-0.0490613824573649,0.7025587002679388,0.3997706115584674,0.2797886511963142,-0.06290860003628632,-0.1883431245557748,39.62,7.629999999999999,0.2385120350109408,23.2815,-0.720739750416964,0.48,-0.1099999999999999,-1.01,17.035409898861197,0.0,0,0.0,0.0126666666666667,0.9873333333333332,1,1,0.0247093355833034,-0.0416140656771244,0.0170007007238577,0.3792192279404212,0.283972457717888,0.2053715091758472,31.99,39.16,15.15,0.59,1.18,1.49
2020-03-06,-0.05168022417529,0.729699650193921,0.4266058941895959,0.2982006285266282,-0.07166648850570792,-0.241552015772378,41.94,2.3200000000000003,0.0585562847046945,24.6305,-0.6677985866893039,0.39,-0.0899999999999999,-1.12,17.45728270735617,0.0,0,0.0,0.0,1.0,1,1,-0.0490613824573649,-0.0433384705895633,0.0001453844492309,0.3997706115584674,0.3082013689879667,0.203629006076205,39.62,40.11,14.96,0.48,0.97,1.51
2020-03-09,-0.1354551533075269,0.965019818428042,0.6354518861117489,0.4165104427443959,-0.26275929529770714,-0.3839015267380791,54.46,12.520000000000003,0.2985216976633287,26.58,-0.6563677108559237,0.31,-0.08,-1.18,17.513151542528703,0.0,0,0.0,0.0,1.0,1,1,-0.05168022417529,0.0465936079152911,-0.0031974655493886,0.4266058941895959,0.3533776172528035,0.2035629044953941,41.94,33.42,15.47,0.39,0.89,1.49
2020-03-10,0.0776967150923035,1.3339633018054546,0.7144970352888607,0.4481964574942236,-0.1496862904780411,-0.3132221416311278,47.3,-7.160000000000004,-0.1314726404700698,28.192999999999994,-0.6807890918233814,0.43,0.12,-1.02,17.252805222252917,0.0,0,0.0,0.0,1.0,1,1,-0.1354551533075269,-0.0375247354084885,0.0041553169240973,0.6354518861117489,0.3700284406867696,0.2005959628726247,54.46,36.82,15.04,0.31,0.73,1.45
2020-03-11,-0.0470703388929628,1.2441774479869387,0.7202865792693851,0.4515955990156187,-0.22230947372709792,-0.3633222902347119,53.9,6.600000000000001,0.1395348837209302,30.129,-0.680784024293748,0.4,-0.0299999999999999,-1.08,17.45643327676045,0.0,0,0.0,0.0,1.0,1,1,0.0776967150923035,0.0247093355833034,0.0018877422353904,0.7144970352888607,0.3792192279404212,0.1986329661257722,47.3,31.99,15.18,0.43,0.59,1.48
2020-03-12,-0.0824302520560341,1.280073986772254,0.7553844357965146,0.4804857311848828,-0.2580303924217871,-0.4493489726200077,75.47,21.57,0.4001855287569573,33.2155,-0.7174903803946885,0.39,-0.01,-1.1,17.72202242492842,0.0,0,0.0,0.0,1.0,1,1,-0.0470703388929628,-0.0490613824573649,0.0,0.7202865792693851,0.3997706115584674,0.1940935811198428,53.9,39.62,13.74,0.4,0.48,1.49
2020-03-13,0.1801247681936615,2.0021707416004757,1.0075946630470922,0.596741441752982,-0.0393467064418376,-0.2828590394866307,57.83,-17.64,-0.2337352590433284,35.3995,-0.7497039037197147,0.38,-0.01,-1.1,17.46729286855404,0.0,0,0.0,0.0,1.0,1,1,-0.0824302520560341,-0.05168022417529,-0.0008693863525998,0.7553844357965146,0.4266058941895959,0.1861004995872119,75.47,41.94,14.15,0.39,0.39,1.48
2020-03-16,-0.1496484097304327,2.075973168244757,1.1345515258412755,0.6779674627644087,-0.055899986520990985,-0.4419134470203223,82.69,24.86,0.4298806847656926,38.85,-0.788879543989187,0.29,-0.09,-1.2,17.46849598536251,0.0,0,0.0,0.0,1.0,1,1,0.1801247681936615,-0.1354551533075269,-0.0030463223914433,1.0075946630470922,0.6354518861117489,0.1860218017535117,57.83,54.46,13.68,0.38,0.31,1.49
2020-03-17,0.0611135734124539,2.0380717789853597,1.1707264487296487,0.6915138127032775,-0.07140718141738948,-0.3692660634465828,75.91,-6.780000000000001,-0.0819929858507679,41.904,-0.7988023780191139,0.3,0.01,-1.17,17.377686712024254,0.0,0,0.0,0.0,1.0,1,1,-0.1496484097304327,0.0776967150923035,-0.013240054977596,1.1345515258412755,0.7144970352888607,0.189997278415577,82.69,47.3,14.83,0.29,0.43,1.47
2020-03-18,-0.105268953079071,2.1501913499530887,1.2086474233163724,0.7241364781259829,-0.1344251076049463,-0.49404495356081624,76.45,0.5400000000000063,0.0071136872612305,45.0075,-0.733357202220101,0.21,-0.09,-1.26,17.541820686567807,0.0,0,0.0,0.0,1.0,1,1,0.0611135734124539,-0.0470703388929628,0.0136389513565513,1.1707264487296487,0.7202865792693851,0.1935272287015285,75.91,53.9,14.38,0.3,0.4,1.47
2020-03-19,0.0168077568826805,2.095133914088948,1.214599150388705,0.7257727818015017,-0.03173035563546028,-0.47737688397662603,72.0,-4.450000000000003,-0.0582079790712884,47.8295,-0.7385870808382099,0.2,-0.0099999999999999,-1.26,17.286703450524676,0.0,0,0.0,0.0,1.0,0,1,-0.105268953079071,-0.0824302520560341,0.0,1.2086474233163724,0.7553844357965146,0.1934589707974751,76.45,75.47,15.56,0.21,0.39,1.46
2020-03-20,-0.0211019086042751,1.4492419136421424,1.213880449556098,0.7261211971725366,-0.21867826074126667,-0.4864103569833292,66.04,-5.959999999999994,-0.0827777777777777,50.2775,-0.7277160049665119,0.15,-0.05,-1.28,17.221722047948745,0.0,0,0.0,0.0,1.0,0,1,0.0168077568826805,0.1801247681936615,-0.0122189977580655,1.214599150388705,1.0075946630470922,0.1985478548967922,72.0,57.83,17.08,0.2,0.38,1.43
2020-03-23,-0.0535329779410446,1.0397669930740676,1.218761702267129,0.7320369728503165,-0.11159203225824549,-0.5141859145521789,61.59,-4.450000000000003,-0.0673834039975772,52.10549999999999,-0.7659039217459709,0.17,0.02,-1.1800000000000002,17.297876198245167,0.0,0,0.0,0.0,1.0,1,1,-0.0211019086042751,-0.1496484097304327,-0.0268758339331249,1.213880449556098,1.1345515258412755,0.2021480885864673,66.04,82.69,25.03,0.15,0.29,1.35
2020-03-24,0.1189421269862698,1.3299909973761856,1.3101348344012649,0.772369031442967,-0.0585272204239744,-0.3561319520442298,61.67,0.0799999999999983,0.0012989121610651,53.7965,-0.7333254934292696,0.25,0.0799999999999999,-1.05,17.352496811393067,0.0,0,0.0,0.0,1.0,1,1,-0.0535329779410446,0.0611135734124539,-0.0446430636846963,1.218761702267129,1.1707264487296487,0.2574765196853308,61.59,75.91,27.85,0.17,0.3,1.3
2020-03-25,0.0373177254553804,1.0082444948612002,1.322601084446133,0.7774798597907489,0.08934316305795402,-0.3224989825557688,63.95,2.280000000000001,0.0369709745419166,55.61600000000001,-0.7278131323231811,0.19,-0.06,-1.07,17.45603190580832,0.0,0,0.0,0.0,1.0,1,1,0.1189421269862698,-0.105268953079071,0.0030098223385723,1.3101348344012649,1.2086474233163724,0.2471252436848172,61.67,76.45,27.56,0.25,0.21,1.26
2020-03-26,0.0696610489650881,1.0669161561128842,1.3507192606636276,0.792196606770653,0.1400169150951095,-0.21265243299842423,61.0,-2.950000000000003,-0.0461297888975762,56.708000000000006,-0.7707805092397503,0.13,-0.06,-1.0499999999999998,17.2109011461201,0.0,0,0.0,0.0,1.0,1,1,0.0373177254553804,0.0168077568826805,-0.0416140656771244,1.322601084446133,1.214599150388705,0.283972457717888,63.95,72.0,39.16,0.19,0.2,1.18
2020-03-27,-0.0712395039620956,1.2666620497809475,1.3645216851810609,0.8040441638422104,0.0874402697937245,-0.2422511858950877,65.54,4.540000000000006,0.0744262295081967,57.97950000000001,-0.7714056700181531,0.11,-0.02,-0.86,17.218090350322967,0.0,0,0.0,0.0,1.0,1,1,0.0696610489650881,-0.0211019086042751,-0.0433384705895633,1.3507192606636276,1.213880449556098,0.3082013689879667,61.0,66.04,40.11,0.13,0.15,0.97
2020-03-30,0.0260071575405536,1.0933437794086156,1.3551791358673,0.8059039926937637,0.1681341436054771,-0.26211717047146654,57.08,-8.460000000000008,-0.1290814769606348,59.1625,-0.7666052716811589,0.14,0.03,-0.75,16.8908347145087,0.0,0,0.0,0.0,1.0,0,1,-0.0712395039620956,-0.0535329779410446,0.0465936079152911,1.3645216851810609,1.218761702267129,0.3533776172528035,65.54,61.59,33.42,0.11,0.17,0.89
2020-03-31,-0.0371125262344006,0.91757812191866,1.3550746258680657,0.8083184719622719,0.01793171044032571,-0.2616889818790793,53.54,-3.539999999999999,-0.0620182200420462,59.9985,-0.7494461064179115,0.17,0.03,-0.5599999999999999,16.9673616162131,0.0,0,0.0,0.0,1.0,1,1,0.0260071575405536,0.1189421269862698,-0.0375247354084885,1.3551791358673,1.3101348344012649,0.3700284406867696,57.08,61.67,36.82,0.14,0.25,0.73
2020-04-01,-0.06297913049419,0.969342133973968,1.3594450997957797,0.8168388935864185,-0.08375628524646109,-0.35114770352055136,57.06,3.520000000000003,0.0657452372058275,61.25200000000001,-0.7456502778759349,0.16,-0.01,-0.4299999999999999,17.148771688291173,0.0,0,0.0,0.0,1.0,1,1,-0.0371125262344006,0.0373177254553804,0.0247093355833034,1.3550746258680657,1.322601084446133,0.3792192279404212,53.54,63.95,31.99,0.17,0.19,0.59
2020-04-02,0.037340013846522,0.8136162360814088,1.3666888422707353,0.821758541077218,-0.11443834915710038,-0.2641821821192383,50.91,-6.150000000000006,-0.1077812828601473,61.8165,-0.756189135231837,0.14,-0.0199999999999999,-0.3399999999999999,16.994314148838203,0.0,0,0.0,0.0,1.0,1,1,-0.06297913049419,0.0696610489650881,-0.0490613824573649,1.3594450997957797,1.3507192606636276,0.3997706115584674,57.06,61.0,39.62,0.16,0.13,0.48
2020-04-03,-0.0295578186652435,0.690584582519086,1.3602057812276496,0.8224391361115494,-0.07053742170501669,-0.24112211909439651,46.8,-4.109999999999999,-0.0807307012374779,62.05949999999999,-0.7424935671875349,0.15,0.0099999999999999,-0.24,16.86948348452609,0.9,1,0.125,0.0,1.0,0,1,0.037340013846522,-0.0712395039620956,-0.05168022417529,1.3666888422707353,1.3645216851810609,0.4266058941895959,50.91,65.54,41.94,0.14,0.11,0.39
2020-04-06,0.0643666029639393,0.8536955910278354,1.287870310006006,0.8346972620060746,-0.03383226135664588,-0.03319013653040531,45.24,-1.5599999999999952,-0.0333333333333332,61.5985,-0.6980058774405111,0.2,0.05,-0.1099999999999999,17.104688301143646,0.0,0,0.0,0.0,1.0,1,1,-0.0295578186652435,0.0260071575405536,-0.1354551533075269,1.3602057812276496,1.3551791358673,0.6354518861117489,46.8,57.08,54.46,0.15,0.14,0.31
2020-04-07,0.0131902304135256,0.8125577218017387,1.257531038797952,0.835682803681,0.017090459117982224,-0.09491223228305601,46.7,1.4600000000000009,0.0322723253757737,61.56849999999999,-0.6819073788045609,0.2,0.0,-0.2299999999999999,16.93185745444484,0.0,0,0.0,0.0,1.0,0,1,0.0643666029639393,-0.0371125262344006,0.0776967150923035,1.287870310006006,1.3550746258680657,0.7144970352888607,45.24,53.54,47.3,0.2,0.17,0.43
2020-04-08,0.0403796392767148,0.5562140037047909,1.2558968082344282,0.8405130323970642,0.12172586773404452,-0.007112362059408905,43.35,-3.3500000000000014,-0.0717344753747323,61.04100000000001,-0.6792383888502519,0.23,0.03,-0.17,16.94679160660769,0.0,0,0.0,0.0,1.0,1,1,0.0131902304135256,-0.06297913049419,-0.0470703388929628,1.257531038797952,1.3594450997957797,0.7202865792693851,46.7,57.06,53.9,0.2,0.16,0.4
2020-04-09,0.0897134964282384,0.7127927262980983,1.2486144821957674,0.8607438884336448,0.1709809244004381,0.16482913470298688,41.67,-1.6799999999999995,-0.0387543252595156,59.351,-0.666367069858247,0.25,0.0199999999999999,-0.14,17.554510267474466,0.0,0,0.0,0.0,1.0,1,1,0.0403796392767148,0.037340013846522,-0.0824302520560341,1.2558968082344282,1.3666888422707353,0.7553844357965146,43.35,50.91,75.47,0.23,0.14,0.39
2020-04-13,-0.0444722624045831,0.803398072879628,1.1132266242320863,0.8645365808560846,0.15549289239099912,-0.0462825202615598,41.17,-0.5,-0.0119990400767938,58.51800000000001,-0.5881933161372682,0.27,0.02,-0.1099999999999999,17.108079163091684,0.0,0,0.0,0.0,1.0,1,1,0.0897134964282384,-0.0295578186652435,0.1801247681936615,1.2486144821957674,1.3602057812276496,1.0075946630470922,41.67,46.8,57.83,0.25,0.15,0.38
2020-04-14,-0.027396254426984,0.8365240462093283,0.947236266675818,0.8655282526477277,0.06533447923109642,0.0880443292216821,37.76,-3.410000000000004,-0.0828273014330824,56.2715,-0.2584810281275302,0.25,-0.02,-0.0399999999999999,17.64743570919834,0.0,0,0.0,0.0746666666666667,0.9253333333333332,0,1,-0.0444722624045831,0.0643666029639393,-0.1496484097304327,1.1132266242320863,1.287870310006006,1.1345515258412755,41.17,45.24,82.69,0.27,0.2,0.29
2020-04-15,-0.0493191807332709,0.9507153716581042,0.9430474708069068,0.8699100175220313,0.0016535832400522144,-0.021851467625614303,40.84,3.0800000000000054,0.0815677966101695,54.518,-0.2847254792539509,0.19,-0.06,-0.1099999999999999,17.220653512274087,0.0,0,0.0,0.0,1.0,1,1,-0.027396254426984,0.0131902304135256,0.0611135734124539,0.947236266675818,1.257531038797952,1.1707264487296487,37.76,46.7,75.91,0.25,0.2,0.3
2020-04-16,-0.0381099676119406,0.9088404001338786,0.8624885055897408,0.8723670371125658,-0.0767872473666309,0.05052549817890651,40.11,-0.730000000000004,-0.0178746327130265,52.701,-0.2567429960956874,0.17,-0.0199999999999999,-0.0399999999999999,17.295198705199024,0.0,0,0.0,0.0,1.0,1,1,-0.0493191807332709,0.0403796392767148,-0.105268953079071,0.9430474708069068,1.2558968082344282,1.2086474233163724,40.84,43.35,76.45,0.19,0.23,0.21
2020-04-17,0.0898889076920324,0.909970351514886,0.911385165521352,0.8930689825836832,-0.07662629024542289,0.11993320009302431,38.15,-1.9600000000000009,-0.0488656195462477,51.008500000000005,-0.2619279215224536,0.16,-0.01,-0.04,17.223084267570783,0.0,0,0.0,0.0616666666666667,0.9383333333333332,1,1,-0.0381099676119406,0.0897134964282384,0.0168077568826805,0.8624885055897408,1.2486144821957674,1.214599150388705,40.11,41.67,72.0,0.17,0.25,0.2
2020-04-20,-0.0364570220146364,0.894322313232545,0.919365110224509,0.8952979708661372,-0.0682729899403802,0.10412275053932672,43.83,5.68,0.1488859764089121,49.898,-0.3356773800196754,0.15,-0.01,0.0,16.98011607205203,0.0,0,0.0,0.0,1.0,1,1,0.0898889076920324,-0.0444722624045831,-0.0211019086042751,0.911385165521352,1.1132266242320863,1.213880449556098,38.15,41.17,66.04,0.16,0.27,0.15
2020-04-21,-0.0290045256975562,0.8960444167191742,0.9014466015495768,0.8957235715906174,-0.06992793157772119,0.1297084299022064,45.41,1.5799999999999983,0.0360483686972392,49.089000000000006,-0.4069801534812509,0.17,0.02,0.0,16.95252539976435,0.0,0,0.0,0.0,1.0,0,1,-0.0364570220146364,-0.027396254426984,-0.0535329779410446,0.919365110224509,0.947236266675818,1.218761702267129,43.83,37.76,61.59,0.15,0.25,0.17
2020-04-22,0.0032561762237126,0.837109787657521,0.8100046655823926,0.8959375653618475,-0.01610014601561379,0.020575606782746315,41.98,-3.43,-0.075534023342876,48.1045,-0.4691318904703121,0.16,-0.01,-0.09,16.62866530196608,0.0,0,0.0,0.0,1.0,0,1,-0.0290045256975562,-0.0493191807332709,0.1189421269862698,0.9014466015495768,0.9430474708069068,1.3101348344012649,45.41,40.84,61.67,0.17,0.19,0.25
2020-04-23,0.0005599791766537,0.7759362185237331,0.7990175923921743,0.8946243780500107,0.023314822728613908,-0.015502842150433587,41.38,-0.5999999999999943,-0.0142925202477368,46.976000000000006,-0.5119133667289176,0.17,0.01,-0.0199999999999999,16.627247935472766,0.0,0,0.0,0.0,1.0,0,1,0.0032561762237126,-0.0381099676119406,0.0373177254553804,0.8100046655823926,0.8624885055897408,1.322601084446133,41.98,40.11,63.95,0.16,0.17,0.19
2020-04-24,0.0147667593885139,0.3557247053641795,0.7603998184481564,0.8956320922477123,-0.048102156388460195,-0.06818587139054538,35.93,-5.450000000000003,-0.1317061382310295,45.7225,-0.51042374652364,0.18,0.0099999999999999,0.0499999999999999,16.576102670274178,0.0,0,0.0,0.1356666666666667,0.8643333333333333,0,1,0.0005599791766537,0.0898889076920324,0.0696610489650881,0.7990175923921743,0.911385165521352,1.3507192606636276,41.38,38.15,61.0,0.17,0.16,0.13
2020-04-27,0.0431044013936907,0.4107392318325718,0.7286616506366818,0.9003774062380687,0.031237297848514804,0.04791977859411702,33.29,-2.640000000000001,-0.0734762037294739,44.11,-0.4677975525440215,0.17,-0.0099999999999999,0.06,16.94534535476664,0.0,0,0.0,0.2236666666666666,0.7763333333333333,1,0,0.0147667593885139,-0.0364570220146364,-0.0712395039620956,0.7603998184481564,0.919365110224509,1.3645216851810609,35.93,43.83,65.54,0.18,0.15,0.11
2020-04-28,0.0070810283987925,0.267888139923126,0.7237531657110667,0.8997360258390301,0.0677268450548318,0.02930113135156112,33.57,0.2800000000000011,0.0084109342144789,42.9345,-0.4505307204502565,0.16,-0.01,0.0199999999999999,16.823117102490354,0.0,0,0.0,0.2143333333333333,0.7856666666666666,0,0,0.0431044013936907,-0.0290045256975562,0.0260071575405536,0.7286616506366818,0.9014466015495768,1.3551791358673,33.29,45.41,57.08,0.17,0.17,0.14
2020-04-29,0.0269702510038571,0.2626188112265736,0.7134322135301735,0.901742142377612,0.0910889223296444,0.09373281867206501,31.23,-2.34,-0.0697050938337802,41.819,-0.4994270881415253,0.18,0.0199999999999999,0.0099999999999999,16.834109436507624,0.0,0,0.0,0.2923333333333333,0.7076666666666667,0,0,0.0070810283987925,0.0032561762237126,-0.0371125262344006,0.7237531657110667,0.8100046655823926,1.3550746258680657,33.57,41.98,53.54,0.16,0.16,0.17
2020-04-30,-0.0214594495404943,0.3787304148461823,0.6726572126556762,0.9014714959742716,0.0688360483288386,0.1370894914248661,34.15,2.919999999999998,0.0934998398975344,40.6735,-0.460443712713551,0.16,-0.0199999999999999,0.0,16.76664292842971,0.0,0,0.0,0.195,0.8049999999999999,0,0,0.0269702510038571,0.0005599791766537,-0.06297913049419,0.7134322135301735,0.7990175923921743,1.3594450997957797,31.23,41.38,57.06,0.18,0.17,0.16
2020-05-01,-0.02621128044605,0.4737499189727587,0.6729370544661587,0.9012456787027322,0.027616336701553796,0.0738688144681088,37.19,3.039999999999999,0.0890190336749634,39.9875,-0.4625117372374634,0.17,0.01,0.03,16.735856404027132,0.0,0,0.0,0.0936666666666667,0.9063333333333332,0,1,-0.0214594495404943,0.0147667593885139,0.037340013846522,0.6726572126556762,0.7603998184481564,1.3666888422707353,34.15,35.93,50.91,0.16,0.18,0.14
2020-05-04,-0.011903306170104,0.3492770376214803,0.6639462761941107,0.90121711525096,-0.026559649295370902,0.09189755100376282,35.97,-1.2199999999999989,-0.0328045173433718,39.446,-0.5143409278336417,0.16,-0.01,0.01,16.57081965620665,0.0,0,0.0,0.1343333333333334,0.8656666666666666,0,1,-0.02621128044605,0.0431044013936907,-0.0295578186652435,0.6729370544661587,0.7286616506366818,1.3602057812276496,37.19,33.29,46.8,0.17,0.17,0.15
2020-05-05,-0.001519455619189,0.3351659446486917,0.6279536070024065,0.9012500952839554,-0.0351363361000011,0.0279970566082059,33.61,-2.3599999999999994,-0.0656102307478454,38.8645,-0.5088383559950223,0.16,0.0,-0.04,16.70943715658713,0.0,0,0.0,0.2129999999999999,0.787,0,0,-0.011903306170104,0.0070810283987925,0.0643666029639393,0.6639462761941107,0.7237531657110667,1.287870310006006,35.97,33.57,45.24,0.16,0.16,0.2
2020-05-06,-0.0188045148000762,0.1544389963662202,0.6303464802104389,0.9013312935134962,-0.0807328676497555,-0.004090508095672697,34.12,0.509999999999998,0.0151740553406722,38.2355,-0.5304507603049164,0.16,0.0,-0.04,16.858984875172673,0.0,0,0.0,0.196,0.8039999999999999,0,0,-0.001519455619189,0.0269702510038571,0.0131902304135256,0.6279536070024065,0.7134322135301735,1.257531038797952,33.61,31.23,46.7,0.16,0.18,0.2
2020-05-07,0.0104133180169709,0.2307172709039179,0.6142078959470829,0.9018500334573768,-0.0486803431932509,-0.0333167195024293,31.44,-2.679999999999996,-0.0785463071512307,37.64,-0.511464111710707,0.15,-0.01,-0.08,16.6352154845604,0.0,0,0.0,0.2853333333333333,0.7146666666666667,0,0,-0.0188045148000762,-0.0214594495404943,0.0403796392767148,0.6303464802104389,0.6726572126556762,1.2558968082344282,34.12,34.15,43.35,0.16,0.16,0.23
2020-05-08,0.0163358368491395,0.2339762380377789,0.5258617452429121,0.902977133313041,-0.0059155813300289,-0.1030276912623582,27.98,-3.460000000000001,-0.1100508905852417,36.9555,-0.5685731570907061,0.15,0.0,-0.1,16.835340193811593,0.0,0,0.0,0.4006666666666666,0.5993333333333334,0,0,0.0104133180169709,-0.02621128044605,0.0897134964282384,0.6142078959470829,0.6729370544661587,1.2486144821957674,31.44,37.19,41.67,0.15,0.17,0.25
2020-05-11,-0.0294499630348767,0.3086885670896284,0.5127419590719705,0.9041679474461316,-0.0238331833341161,-0.0874285247213524,27.57,-0.4100000000000001,-0.0146533238027162,36.2755,-0.5800160858362549,0.16,0.01,-0.11,17.278354815233957,0.0,0,0.0,0.4143333333333333,0.5856666666666667,0,0,0.0163358368491395,-0.011903306170104,-0.0444722624045831,0.5258617452429121,0.6639462761941107,1.1132266242320863,27.98,35.97,41.17,0.15,0.16,0.27
2020-05-12,-0.0326771875921233,0.3646594274635343,0.5163896894888473,0.9057262629296874,-0.0555355826519697,-0.0928730052748602,33.04,5.469999999999999,0.1984040623866521,36.0395,-0.6366538531008921,0.16,0.0,-0.09,17.146389225312475,0.0,0,0.0,0.2319999999999999,0.768,0,0,-0.0294499630348767,-0.001519455619189,-0.027396254426984,0.5127419590719705,0.6279536070024065,0.947236266675818,27.57,33.61,37.76,0.16,0.16,0.25
2020-05-13,-0.0344709300796082,0.4025010385071788,0.5008007984222939,0.9074249627209688,-0.07163108363631371,-0.07737517497203861,35.28,2.240000000000002,0.0677966101694915,35.7615,-0.6279912339462654,0.15,-0.01,-0.04,17.38367897212291,0.0,0,0.0,0.1573333333333333,0.8426666666666667,1,0,-0.0326771875921233,-0.0188045148000762,-0.0493191807332709,0.5163896894888473,0.6303464802104389,0.9430474708069068,33.04,34.12,40.84,0.16,0.16,0.19
2020-05-14,0.0415324771489156,0.5502105053673524,0.506663401319934,0.9118482654511776,-0.0412973922538789,0.0021731356103227017,32.61,-2.6700000000000017,-0.0756802721088435,35.3865,-0.6751822735519136,0.15,0.0,-0.02,17.375206325894588,0.0,0,0.0,0.2463333333333334,0.7536666666666666,1,0,-0.0344709300796082,0.0104133180169709,-0.0381099676119406,0.5008007984222939,0.6142078959470829,0.8624885055897408,35.28,31.44,40.11,0.15,0.15,0.17
2020-05-15,-0.0185097642861378,0.506496463029128,0.3950878123822083,0.9120084143796632,-0.0761844485164036,-0.10258584953333891,31.89,-0.7199999999999989,-0.0220791168353265,35.0735,-0.7731123072515451,0.15,0.0,-0.01,17.077407595698315,0.0,0,0.0,0.2703333333333333,0.7296666666666667,0,0,0.0415324771489156,0.0163358368491395,0.0898889076920324,0.506663401319934,0.5258617452429121,0.911385165521352,32.61,27.98,38.15,0.15,0.15,0.16
2020-05-18,0.0529684687504932,0.6639632325335527,0.424246907693766,0.9199928504638648,0.005321159758797503,-0.013834375022174702,29.3,-2.59,-0.0812166823455629,34.347,-0.7366360835269499,0.17,0.02,0.02,17.233381526250074,0.0,0,0.0,0.3566666666666667,0.6433333333333333,1,0,-0.0185097642861378,-0.0294499630348767,-0.0364570220146364,0.3950878123822083,0.5127419590719705,0.919365110224509,31.89,27.57,43.83,0.15,0.16,0.15
2020-05-19,-0.0196793706889646,0.6262289397978998,0.4169525577102019,0.9194104999799988,0.0186685821787137,-0.004276491518425303,30.53,1.2300000000000004,0.0419795221843004,33.602999999999994,-0.7380582577083741,0.16,-0.01,-0.01,16.790902410637035,0.0,0,0.0,0.3156666666666666,0.6843333333333333,0,0,0.0529684687504932,-0.0326771875921233,-0.0290045256975562,0.424246907693766,0.5163896894888473,0.9014466015495768,29.3,33.04,45.41,0.17,0.16,0.17
2020-05-20,0.0299989336988346,0.5353776151706259,0.430101209940162,0.9186399609710654,0.0833054180732079,0.022030389116783098,27.99,-2.5400000000000027,-0.0831968555519162,32.903499999999994,-0.7546376451835217,0.16,0.0,0.0,16.838488329064578,0.0,0,0.0,0.4003333333333334,0.5996666666666666,0,0,-0.0196793706889646,-0.0344709300796082,0.0032561762237126,0.4169525577102019,0.5008007984222939,0.8100046655823926,30.53,35.28,41.98,0.16,0.15,0.16
2020-05-21,-0.012701222395019,0.5184872110608558,0.4329224138465312,0.9186055800509676,0.0298296813036207,0.0086879941853295,29.53,1.5400000000000027,0.0550196498749553,32.31099999999999,-0.7576444831366637,0.16,0.0,-0.01,16.49799683532811,0.0,0,0.0,0.349,0.651,0,0,0.0299989336988346,0.0415324771489156,0.0005599791766537,0.430101209940162,0.506663401319934,0.7990175923921743,27.99,32.61,41.38,0.16,0.15,0.17
2020-05-22,-0.0077632608924357,0.4909018481534183,0.4304670013499586,0.9153801232159718,0.0407193430736514,-0.013764350071227303,28.16,-1.370000000000001,-0.0463934981374873,31.922500000000003,-0.7529260667532258,0.17,0.01,-0.0099999999999999,16.422480034984446,0.0,0,0.0,0.3946666666666666,0.6053333333333334,0,0,-0.012701222395019,-0.0185097642861378,0.0147667593885139,0.4329224138465312,0.3950878123822083,0.7603998184481564,29.53,31.89,35.93,0.16,0.15,0.18
2020-05-26,0.0709735650416143,0.5902007692421616,0.4733487553549518,0.9238209726442086,0.057674163236875596,0.012602490366186096,28.01,-0.1499999999999985,-0.0053267045454544,31.658500000000004,-0.6310681433493235,0.17,0.0,0.0,17.5347713157785,0.0,0,0.0,0.3996666666666666,0.6003333333333334,1,0,-0.0077632608924357,0.0529684687504932,0.0431044013936907,0.4304670013499586,0.424246907693766,0.7286616506366818,28.16,29.3,33.29,0.17,0.17,0.17
2020-05-27,0.0579211648475295,0.582524315065002,0.5128506262451029,0.9264978955144688,0.1338555685805929,0.06185223200733579,27.62,-0.3900000000000005,-0.0139235987147448,31.361,-0.5930759270020929,0.18,0.0099999999999999,0.0199999999999999,17.489327159780586,0.0,0,0.0,0.4126666666666666,0.5873333333333334,1,0,0.0709735650416143,-0.0196793706889646,0.0070810283987925,0.4733487553549518,0.4169525577102019,0.7237531657110667,28.01,30.53,33.57,0.17,0.16,0.16
2020-05-28,-0.0148959737939839,0.6509890013630957,0.5087977524942532,0.9239261862600868,0.08928976855844209,0.020231235345580793,28.59,0.9699999999999988,0.0351194786386674,31.229,-0.5850698384051545,0.17,-0.0099999999999999,-0.0099999999999999,17.022876436811593,0.0,0,0.0,0.3803333333333333,0.6196666666666667,0,0,0.0579211648475295,0.0299989336988346,0.0269702510038571,0.5128506262451029,0.430101209940162,0.7134322135301735,27.62,27.99,31.23,0.18,0.16,0.18
2020-05-29,-0.0255357531563642,0.694933617390419,0.5114771050652726,0.9234259206283464,0.0762048916168137,0.016056837473304598,27.51,-1.0799999999999983,-0.0377754459601258,30.897,-0.5371246409160474,0.17,0.0,0.01,17.09365105916563,0.0,0,0.0,0.4163333333333333,0.5836666666666667,0,0,-0.0148959737939839,-0.012701222395019,-0.0214594495404943,0.5087977524942532,0.4329224138465312,0.6726572126556762,28.59,29.53,34.15,0.17,0.16,0.16
2020-06-01,0.0132564522949392,0.666512546022928,0.5026522200192601,0.9187762386350428,0.0971677979181415,0.0557871111453604,28.23,0.7199999999999989,0.0261723009814611,30.449,-0.4950181845934374,0.17,0.0,0.0,16.535278569910513,0.0,0,0.0,0.3923333333333333,0.6076666666666667,0,0,-0.0255357531563642,-0.0077632608924357,-0.02621128044605,0.5114771050652726,0.4304670013499586,0.6729370544661587,27.51,28.16,37.19,0.17,0.17,0.17
2020-06-02,0.00334710865341,0.5048281034302469,0.4996165078660266,0.912701905545894,0.0319412088112936,0.0711033484728506,26.84,-1.3900000000000006,-0.049238398866454,29.9925,-0.5031557922077439,0.17,0.0,0.01,16.869275909949813,0.0,0,0.0,0.4386666666666666,0.5613333333333334,0,0,0.0132564522949392,0.0709735650416143,-0.011903306170104,0.5026522200192601,0.4733487553549518,0.6639462761941107,28.23,28.01,35.97,0.17,0.17,0.16
2020-06-03,0.0539775290117305,0.481730884699465,0.5283939801593676,0.8681887022560157,0.0282065216967579,0.1251950898040948,25.66,-1.1799999999999995,-0.0439642324888226,29.595,-0.5226416733364183,0.17,0.0,0.01,17.07133918005362,0.0,0,0.0,0.478,0.522,1,0,0.00334710865341,0.0579211648475295,-0.001519455619189,0.4996165078660266,0.5128506262451029,0.6279536070024065,26.84,27.62,33.61,0.17,0.18,0.16
2020-06-04,0.0208113612550659,0.4509109028510547,0.5219542516601506,0.8557843008219759,0.06381231802434151,0.1647764210196778,25.81,0.1499999999999985,0.005845674201091,29.1795,-0.5092163899833182,0.17,0.0,0.01,17.103341424270546,0.0,0,0.0,0.4730000000000001,0.5269999999999999,0,0,0.0539775290117305,-0.0148959737939839,-0.0188045148000762,0.5283939801593676,0.5087977524942532,0.6303464802104389,25.66,28.59,34.12,0.17,0.17,0.16
2020-06-05,0.0450016874863081,0.33062947668051,0.5372193074814238,0.8539582145250358,0.1336982676855055,0.198435448352061,24.52,-1.2899999999999991,-0.0499806276636962,28.833500000000004,-0.5316444277865483,0.18,0.0099999999999999,0.03,17.5586651301575,0.0,0,0.0,0.516,0.484,1,0,0.0208113612550659,-0.0255357531563642,0.0104133180169709,0.5219542516601506,0.5114771050652726,0.6142078959470829,25.81,27.51,31.44,0.17,0.17,0.15
2020-06-08,0.0199586677926661,0.3165972041203411,0.537919199549778,0.8343422154277228,0.1402910179627552,0.20199371043814449,25.81,1.2899999999999991,0.0526101141924959,28.725,-0.5253205708268923,0.19,0.01,0.04,17.029647210675215,0.0,0,0.0,0.4730000000000001,0.5269999999999999,0,0,0.0450016874863081,0.0132564522949392,0.0163358368491395,0.5372193074814238,0.5026522200192601,0.5258617452429121,24.52,28.23,27.98,0.18,0.17,0.15
2020-06-09,-0.0256498711631735,0.484674165675154,0.5342321303712697,0.7657902714999413,0.1109649336659212,0.2059014654728879,27.57,1.7600000000000016,0.0681906237892291,28.725,-0.5855680648716629,0.19,0.0,0.03,16.650551701165668,0.0,0,0.0,0.4143333333333333,0.5856666666666667,0,0,0.0199586677926661,0.00334710865341,-0.0294499630348767,0.537919199549778,0.4996165078660266,0.5127419590719705,25.81,26.84,27.57,0.19,0.17,0.16
2020-06-10,-0.0405284304239741,0.5657977176313826,0.5437356697151118,0.6922631505600065,0.017021209066358907,0.1977518815224234,27.57,0.0,0.0,28.4515,-0.5192359738656835,0.18,-0.01,0.0199999999999999,17.030912395520176,0.0,0,0.0,0.4143333333333333,0.5856666666666667,1,0,-0.0256498711631735,0.0539775290117305,-0.0326771875921233,0.5342321303712697,0.5283939801593676,0.5163896894888473,27.57,25.66,33.04,0.19,0.17,0.16
2020-06-11,-0.0834429409916727,0.8195494829330635,0.6259987152258143,0.7064848806351585,-0.0907075103660783,0.1456999942899132,40.79,13.22,0.4795067101922379,28.727000000000004,-0.6677992121584295,0.19,0.01,0.04,17.40620372774759,0.0,0,0.0,0.0,1.0,1,1,-0.0405284304239741,0.0208113612550659,-0.0344709300796082,0.5437356697151118,0.5219542516601506,0.5008007984222939,27.57,25.81,35.28,0.18,0.17,0.15
2020-06-12,0.0273629318060277,0.7435980453573938,0.6181420062433889,0.6686651981212746,-0.10773075181342417,0.13200208879251568,36.09,-4.699999999999996,-0.1152243196861975,28.901,-0.6614387460582234,0.18,-0.01,0.03,17.028641955155354,0.0,0,0.0,0.1303333333333332,0.8696666666666668,0,1,-0.0834429409916727,0.0450016874863081,0.0415324771489156,0.6259987152258143,0.5372193074814238,0.506663401319934,40.79,24.52,32.61,0.19,0.18,0.15
2020-06-15,0.0138181880950081,0.7234267799245119,0.6112263850996252,0.668436788769776,-0.1137692691056072,0.1644088898489409,34.4,-1.6900000000000048,-0.0468273760044335,29.02650000000001,-0.6797836506114621,0.17,-0.0099999999999999,0.02,16.913510614605233,0.0,0,0.0,0.1866666666666667,0.8133333333333332,0,0,0.0273629318060277,0.0199586677926661,-0.0185097642861378,0.6181420062433889,0.537919199549778,0.3950878123822083,36.09,25.81,31.89,0.18,0.19,0.15
2020-06-16,0.0079998276117092,0.7534090448955455,0.5893738762643218,0.6665709893872788,-0.07981670573305957,0.12076359998103078,33.67,-0.7299999999999969,-0.021220930232558,29.245,-0.6664198596949118,0.18,0.0099999999999999,0.0099999999999999,16.915314562049197,0.0,0,0.0,0.2109999999999999,0.789,0,0,0.0138181880950081,-0.0256498711631735,0.0529684687504932,0.6112263850996252,0.5342321303712697,0.424246907693766,34.4,27.57,29.3,0.17,0.19,0.17
2020-06-17,-0.0252794011165118,0.7277867478415438,0.5930540176820616,0.6582113848258551,-0.06404852560184428,0.11503477374186541,33.47,-0.2000000000000028,-0.0059400059400059,29.392000000000003,-0.6473978962557478,0.19,0.01,0.03,16.565329569215326,0.0,0,0.0,0.2176666666666666,0.7823333333333333,0,0,0.0079998276117092,-0.0405284304239741,-0.0196793706889646,0.5893738762643218,0.5437356697151118,0.4169525577102019,33.67,27.57,30.53,0.18,0.18,0.16
2020-06-18,-0.0054281115816007,0.3178422161620589,0.5874063469606857,0.6184406785869251,0.017639533218736715,0.08003410943544201,32.94,-0.5300000000000011,-0.0158350761876308,29.6395,-0.6320557345705831,0.19,0.0,0.03,16.62442524270269,0.0,0,0.0,0.2353333333333334,0.7646666666666666,0,0,-0.0252794011165118,-0.0834429409916727,0.0299989336988346,0.5930540176820616,0.6259987152258143,0.430101209940162,33.47,40.79,27.99,0.19,0.19,0.16
2020-06-19,-0.0114209372294022,0.2487413462963894,0.5869330479748834,0.6147962002905107,-0.020842382568567585,0.0813300249203274,35.12,2.18,0.0661809350333939,29.919,-0.6327654141861715,0.18,-0.01,0.0199999999999999,17.513627242200826,0.0,0,0.0,0.1626666666666667,0.8373333333333333,0,0,-0.0054281115816007,0.0273629318060277,-0.012701222395019,0.5874063469606857,0.6181420062433889,0.4329224138465312,32.94,36.09,29.53,0.19,0.18,0.16
2020-06-22,-0.0108374246768692,0.192142247360151,0.5878672877282193,0.5995884361873343,-0.045462547306464283,0.0782269994688252,31.77,-3.349999999999998,-0.095387243735763,30.099499999999995,-0.6114598718221377,0.17,-0.0099999999999999,0.0,16.60156452797794,0.0,0,0.0,0.2743333333333333,0.7256666666666667,0,0,-0.0114209372294022,0.0138181880950081,-0.0077632608924357,0.5869330479748834,0.6112263850996252,0.4304670013499586,35.12,34.4,28.16,0.18,0.17,0.17
2020-06-23,0.0121963623243173,0.2161466584795727,0.5375153379975195,0.5799345981652416,-0.04130795997505929,0.021781476769095906,31.37,-0.3999999999999986,-0.0125904941768963,30.267499999999995,-0.6570345407921755,0.18,0.0099999999999999,0.0099999999999999,16.548669610220816,0.0,0,0.0,0.2876666666666666,0.7123333333333334,0,0,-0.0108374246768692,0.0079998276117092,0.0709735650416143,0.5878672877282193,0.5893738762643218,0.4733487553549518,31.77,33.67,28.01,0.17,0.18,0.17
2020-06-24,-0.03339101443684,0.2617257886583803,0.5092891538791009,0.5821344149972416,-0.04966476923848729,-0.06848556407721479,33.84,2.4700000000000024,0.0787376474338541,30.5785,-0.6966038962656433,0.17,-0.0099999999999999,-0.0099999999999999,16.947511767399646,0.0,0,0.0,0.2053333333333332,0.7946666666666667,1,0,0.0121963623243173,-0.0252794011165118,0.0579211648475295,0.5375153379975195,0.5930540176820616,0.5128506262451029,31.37,33.47,27.62,0.18,0.19,0.18
2020-06-25,0.0348615755233121,0.4128483703213446,0.5242406728733928,0.5806759587515686,-0.00995419761208069,-0.0192098567350808,32.22,-1.6200000000000043,-0.047872340425532,30.76,-0.6985698395873867,0.17,0.0,0.0,17.063696649337203,0.0,0,0.0,0.2593333333333334,0.7406666666666666,1,0,-0.03339101443684,-0.0054281115816007,-0.0148959737939839,0.5092891538791009,0.5874063469606857,0.5087977524942532,33.84,32.94,28.59,0.17,0.19,0.17
2020-06-26,-0.0548183258253861,0.5707218960646884,0.5538192193625631,0.5766843021124728,-0.05484566277414559,-0.049720529470631894,34.73,2.509999999999998,0.0779019242706393,31.121,-0.7181584150719464,0.17,0.0,0.0,17.550708099372404,0.0,0,0.0,0.1756666666666667,0.8243333333333333,1,0,0.0348615755233121,-0.0114209372294022,-0.0255357531563642,0.5242406728733928,0.5869330479748834,0.5114771050652726,32.22,35.12,27.51,0.17,0.18,0.17
2020-06-29,0.004428283921912,0.5811066210854482,0.5514041657979161,0.5721090085701016,-0.039530577524679894,-0.0584713759739962,31.78,-2.949999999999996,-0.0849409732219981,31.2985,-0.7199954404583854,0.16,-0.01,-0.01,16.733265127755782,0.0,0,0.0,0.2739999999999999,0.7260000000000001,0,0,-0.0548183258253861,-0.0108374246768692,0.0132564522949392,0.5538192193625631,0.5878672877282193,0.5026522200192601,34.73,31.77,28.23,0.17,0.17,0.17
2020-06-30,0.0113974562088274,0.5794166905951884,0.5533347425022785,0.5687457876803116,-0.04032016894335279,-0.0504799009855505,30.43,-1.3500000000000014,-0.0424795468848332,31.478,-0.7232639089915415,0.16,0.0,-0.01,16.767134244146995,0.0,0,0.0,0.319,0.6809999999999999,0,0,0.004428283921912,0.0121963623243173,0.00334710865341,0.5514041657979161,0.5375153379975195,0.4996165078660266,31.78,31.37,26.84,0.16,0.18,0.17
2020-07-01,-0.0085049085210214,0.5341763805338128,0.513734267163216,0.5549245117860871,-0.014900227015935689,-0.11159231278990839,28.62,-1.8099999999999987,-0.0594807755504436,31.626,-0.7308240476573067,0.16,0.0,-0.01,16.74700831749918,0.0,0,0.0,0.3793333333333333,0.6206666666666667,0,0,0.0113974562088274,-0.03339101443684,0.0539775290117305,0.5533347425022785,0.5092891538791009,0.5283939801593676,30.43,33.84,25.66,0.16,0.17,0.17
2020-07-02,0.0032480117223792,0.4338780351275167,0.5056350807972518,0.5543502359352337,-0.045925153006803984,-0.12894732776622628,27.68,-0.9400000000000012,-0.0328441649196367,31.7195,-0.7438388319365002,0.16,0.0,-0.01,17.142185558540262,0.9,1,0.125,0.4106666666666666,0.5893333333333334,0,0,-0.0085049085210214,0.0348615755233121,0.0208113612550659,0.513734267163216,0.5242406728733928,0.5219542516601506,28.62,32.22,25.81,0.16,0.17,0.17
2020-07-06,0.0252534688550323,0.1948907555764634,0.4844719835986458,0.5507437682761664,0.03539283786290152,-0.1480259592932359,27.94,0.2600000000000015,0.009393063583815,31.8905,-0.7387578639863627,0.16,0.0,-0.0199999999999999,16.740031483173134,0.0,0,0.0,0.4019999999999999,0.5980000000000001,0,0,0.0032480117223792,-0.0548183258253861,0.0450016874863081,0.5056350807972518,0.5538192193625631,0.5372193074814238,27.68,34.73,24.52,0.16,0.17,0.18
2020-07-07,-0.028210387513284,0.3225751848152854,0.4788987695176473,0.5240553906487474,0.0023583839313669197,-0.1964040100053845,29.43,1.4899999999999984,0.0533285612025768,32.0715,-0.7746984488570416,0.15,-0.01,-0.04,17.064224796464547,0.0,0,0.0,0.3523333333333334,0.6476666666666666,0,0,0.0252534688550323,0.004428283921912,0.0199586677926661,0.4844719835986458,0.5514041657979161,0.537919199549778,27.94,31.78,25.81,0.16,0.16,0.19
2020-07-08,0.010615200429185,0.3209766968947092,0.4801056282048385,0.5165511452852487,0.0015846441468006182,-0.1598601905046711,28.08,-1.3500000000000014,-0.0458715596330275,32.096999999999994,-0.774370878946598,0.15,0.0,-0.04,16.747354818754236,0.0,0,0.0,0.3973333333333334,0.6026666666666666,0,0,-0.028210387513284,0.0113974562088274,-0.0256498711631735,0.4788987695176473,0.5533347425022785,0.5342321303712697,29.43,30.43,27.57,0.15,0.16,0.19
2020-07-09,-0.0216505179514636,0.3562324827871145,0.4669397583547641,0.5153715139546106,-0.011762403388957883,-0.14037592524522519,29.26,1.1800000000000033,0.0420227920227922,32.1815,-0.8056615476165017,0.15,0.0,-0.03,17.0581341980228,0.0,0,0.0,0.358,0.642,0,0,0.010615200429185,-0.0085049085210214,-0.0405284304239741,0.4801056282048385,0.513734267163216,0.5437356697151118,28.08,28.62,27.57,0.15,0.16,0.18
2020-07-10,0.0546669381258213,0.5367026022411967,0.4098566521989856,0.516274572419097,0.038219866910612216,-1.9950489535798532e-05,27.29,-1.9700000000000024,-0.0673274094326726,31.5065,-0.6743753554341098,0.15,0.0,-0.04,17.181225863718034,0.0,0,0.0,0.4236666666666667,0.5763333333333333,1,0,-0.0216505179514636,0.0032480117223792,-0.0834429409916727,0.4669397583547641,0.5056350807972518,0.6259987152258143,29.26,27.68,40.79,0.15,0.16,0.19
2020-07-13,0.0143348468147339,0.5200905467180962,0.4011178581290502,0.5101367343898566,0.027513072543038614,-0.012782134936773099,32.19,4.899999999999999,0.1795529497984609,31.311499999999995,-0.4092644355252003,0.16,0.01,-0.0199999999999999,17.283718434168627,0.0,0,0.0,0.2603333333333334,0.7396666666666666,0,0,0.0546669381258213,0.0252534688550323,0.0273629318060277,0.4098566521989856,0.4844719835986458,0.6181420062433889,27.29,27.94,36.09,0.15,0.16,0.18
2020-07-14,0.0057344394085792,0.4269743787766221,0.3983127289798227,0.4792315800713707,0.061847078650455314,-0.020787662249322,29.52,-2.669999999999998,-0.0829450139794967,31.067499999999995,-0.3992288356044122,0.17,0.01,0.0,17.570451614925243,0.0,0,0.0,0.3493333333333334,0.6506666666666666,0,0,0.0143348468147339,-0.028210387513284,0.0138181880950081,0.4011178581290502,0.4788987695176473,0.6112263850996252,32.19,29.43,34.4,0.16,0.15,0.17
2020-07-15,0.0154773239480996,0.4270520194064283,0.4013815934750294,0.4735784458574844,0.066646595744379,-0.013396889027232496,27.76,-1.759999999999998,-0.0596205962059619,30.772,-0.4122424133601785,0.15,-0.02,-0.03,16.92939917526429,0.0,0,0.0,0.4079999999999999,0.5920000000000001,0,0,0.0057344394085792,0.010615200429185,0.0079998276117092,0.3983127289798227,0.4801056282048385,0.5893738762643218,29.52,28.08,33.67,0.17,0.15,0.18
2020-07-16,0.002807553941921,0.3217658799640857,0.3904944093652515,0.4691551983007209,0.09133854503937981,0.015011145395998899,28.0,0.2399999999999984,0.0086455331412103,30.4985,-0.4211255181938923,0.14,-0.0099999999999999,-0.0499999999999999,16.642048790599308,0.0,0,0.0,0.4,0.6,0,0,0.0154773239480996,-0.0216505179514636,-0.0252794011165118,0.4013815934750294,0.4669397583547641,0.5930540176820616,27.76,29.26,33.47,0.15,0.15,0.19
2020-07-17,-0.0184981251540111,0.2176673292882419,0.3960607040341964,0.4710719816730198,0.019442171330490816,0.0017826876222182993,25.68,-2.3200000000000003,-0.0828571428571428,30.1355,-0.3637402829504252,0.14,0.0,-0.0499999999999999,16.59666876952035,0.0,0,0.0,0.4773333333333334,0.5226666666666666,0,0,0.002807553941921,0.0546669381258213,-0.0054281115816007,0.3904944093652515,0.4098566521989856,0.5874063469606857,28.0,27.29,32.94,0.14,0.15,0.19
2020-07-20,-0.0087611945927077,0.2099888566466136,0.3951328997380935,0.4715616238034369,-0.0035907025167259844,0.0044695451150684965,24.46,-1.2199999999999989,-0.0475077881619937,29.602500000000003,-0.3373970088668332,0.14,0.0,-0.0399999999999999,16.486765438269813,0.0,0,0.0,0.518,0.482,0,0,-0.0184981251540111,0.0143348468147339,-0.0114209372294022,0.3960607040341964,0.4011178581290502,0.5869330479748834,25.68,32.19,35.12,0.14,0.16,0.18
2020-07-21,0.0216854765980696,0.2633170268607269,0.3997173005785958,0.4725714092410418,0.012144928961178518,0.036819814018320796,24.84,0.379999999999999,0.0155355682747342,29.256,-0.3568382909083296,0.15,0.0099999999999999,-0.02,16.694602324177765,0.0,0,0.0,0.5053333333333334,0.4946666666666666,0,0,-0.0087611945927077,0.0057344394085792,-0.0108374246768692,0.3951328997380935,0.3983127289798227,0.5878672877282193,24.46,29.52,31.77,0.14,0.17,0.17
2020-07-22,-0.0072426893980898,0.241407108348101,0.3990278576414135,0.4652760531530319,-0.010482887896989881,0.017428183050836897,24.32,-0.5199999999999996,-0.0209339774557165,28.9035,-0.3536785091609751,0.14,-0.0099999999999999,-0.0399999999999999,16.473754148490386,0.0,0,0.0,0.5226666666666666,0.4773333333333334,0,0,0.0216854765980696,0.0154773239480996,0.0121963623243173,0.3997173005785958,0.4013815934750294,0.5375153379975195,24.84,27.76,31.37,0.15,0.15,0.18
2020-07-23,0.0029385018433887,0.241575806154494,0.3772062780250382,0.4651183934017106,-0.01035231513452468,0.0543235994999615,26.08,1.759999999999998,0.0723684210526314,28.515500000000003,-0.2698351117364196,0.14,0.0,-0.03,16.37042519716597,0.0,0,0.0,0.4640000000000001,0.5359999999999999,0,0,-0.0072426893980898,0.002807553941921,-0.03339101443684,0.3990278576414135,0.3904944093652515,0.5092891538791009,24.32,28.0,33.84,0.14,0.14,0.17
2020-07-24,-0.0070722933464205,0.2022397294485808,0.3594770735586792,0.4622479833595178,0.0012216193941007201,0.012958504628399703,25.84,-0.2399999999999984,-0.00920245398773,28.1965,-0.2431726735968758,0.16,0.0199999999999999,-0.01,16.360586902575704,0.0,0,0.0,0.472,0.528,0,0,0.0029385018433887,-0.0184981251540111,0.0348615755233121,0.3772062780250382,0.3960607040341964,0.5242406728733928,26.08,25.68,32.22,0.14,0.14,0.17
2020-07-27,-0.0140414930521313,0.2200576497534111,0.296327751372528,0.4609753102973974,-0.004119588566958678,0.055195619322255404,24.74,-1.1000000000000014,-0.0425696594427245,27.697,-0.0604403317123984,0.14,-0.0199999999999999,-0.03,16.297003136437482,0.0,0,0.0,0.5086666666666667,0.4913333333333333,0,0,-0.0070722933464205,-0.0087611945927077,-0.0548183258253861,0.3594770735586792,0.3951328997380935,0.5538192193625631,25.84,24.46,34.73,0.16,0.14,0.17
2020-07-28,0.0043344624867343,0.123014469232322,0.2963210017055847,0.4576049578338154,-0.02124818438244908,0.0551022071605516,25.44,0.7000000000000028,0.0282942603071949,27.380000000000003,-0.0536909354616987,0.14,0.0,-0.0199999999999999,16.279729774130402,0.0,0,0.0,0.4853333333333333,0.5146666666666667,0,0,-0.0140414930521313,0.0216854765980696,0.004428283921912,0.296327751372528,0.3997173005785958,0.5514041657979161,24.74,24.84,31.78,0.14,0.15,0.16
2020-07-29,0.0242499163985023,0.2289233812519638,0.3044479330531864,0.4592187403785448,0.009981416447277121,0.0677297684414668,24.1,-1.34,-0.0526729559748427,27.0635,-0.0790821847739675,0.13,-0.01,-0.03,16.360531974124314,0.0,0,0.0,0.53,0.47,0,0,0.0043344624867343,-0.0072426893980898,0.0113974562088274,0.2963210017055847,0.3990278576414135,0.5533347425022785,25.44,24.32,30.43,0.14,0.14,0.16
2020-07-30,-0.0266854531457539,0.3068693722663483,0.3207172087127278,0.462894661834103,-0.020000750190092578,0.04922307632580461,24.76,0.6600000000000001,0.0273858921161824,26.870500000000003,-0.1435310883101008,0.11,-0.02,-0.05,16.512486397393968,0.0,0,0.0,0.508,0.492,0,0,0.0242499163985023,0.0029385018433887,-0.0085049085210214,0.3044479330531864,0.3772062780250382,0.513734267163216,24.1,26.08,28.62,0.13,0.14,0.16
2020-07-31,-0.0039166748617295,0.3056762156193682,0.3214936456017458,0.4611368244563286,-0.016827694755115377,0.0420559628800883,24.46,-0.3000000000000007,-0.0121163166397415,26.7095,-0.140909625638745,0.11,0.0,-0.05,16.49207016077456,0.0,0,0.0,0.518,0.482,0,0,-0.0266854531457539,-0.0070722933464205,0.0032480117223792,0.3207172087127278,0.3594770735586792,0.5056350807972518,24.76,25.84,27.68,0.11,0.16,0.16
2020-08-03,-0.005587715325645,0.2924381095571537,0.3108214730728202,0.4609574466368408,-0.00829007229315568,0.0115127091661982,24.28,-0.1799999999999997,-0.0073589533932951,26.5265,-0.1594805086975013,0.12,0.0099999999999999,-0.04,16.377594352079637,0.0,0,0.0,0.524,0.476,0,0,-0.0039166748617295,-0.0140414930521313,0.0252534688550323,0.3214936456017458,0.296327751372528,0.4844719835986458,24.46,24.74,27.94,0.11,0.14,0.16
2020-08-04,-0.00572329949627,0.2881631787493646,0.2923863062202024,0.460065425794738,-0.01835490838949918,0.03438891483968551,23.76,-0.5199999999999996,-0.0214168039538714,26.243,-0.0852230086697153,0.14,0.02,-0.0099999999999999,16.408239765096596,0.0,0,0.0,0.5413333333333332,0.4586666666666668,0,0,-0.005587715325645,0.0043344624867343,-0.028210387513284,0.3108214730728202,0.2963210017055847,0.4788987695176473,24.28,25.44,29.43,0.12,0.14,0.15
2020-08-05,0.017373425443167,0.248740962678406,0.2959937887302143,0.4568201088010106,-0.02509123121444218,0.041053893080224,22.99,-0.7700000000000031,-0.0324074074074075,25.9885,-0.0866144833562383,0.12,-0.02,-0.03,16.54080462532793,0.0,0,0.0,0.5670000000000001,0.4329999999999999,0,0,-0.00572329949627,0.0242499163985023,0.010615200429185,0.2923863062202024,0.3044479330531864,0.4801056282048385,23.76,24.1,28.08,0.14,0.13,0.15
2020-08-06,0.000308166212543,0.1538039124314001,0.282354183332994,0.4510818034199822,0.0022648612759803193,0.06325034099074281,22.65,-0.3399999999999998,-0.0147890387124837,25.658,-0.0293301535985097,0.14,0.02,-0.0099999999999999,16.165179693863557,0.0,0,0.0,0.5783333333333334,0.4216666666666666,0,0,0.017373425443167,-0.0266854531457539,-0.0216505179514636,0.2959937887302143,0.3207172087127278,0.4669397583547641,22.99,24.76,29.26,0.12,0.11,0.15
2020-08-07,0.0220074816787205,0.2067746037443597,0.224540597919396,0.4461351874040671,0.02795803877511132,0.03179413474458741,22.21,-0.4399999999999977,-0.0194260485651213,25.404,0.1365008320580644,0.14,0.0,-0.0099999999999999,16.506326498690463,0.0,0,0.0,0.593,0.407,0,0,0.000308166212543,-0.0039166748617295,0.0546669381258213,0.282354183332994,0.3214936456017458,0.4098566521989856,22.65,24.46,27.29,0.14,0.11,0.15
2020-08-10,0.0126786233553588,0.1837902446067771,0.2233921726071489,0.439653803419413,0.046160346348565424,0.030159982971725,22.13,-0.0800000000000018,-0.0036019810895994,24.901,-0.0192552592950999,0.13,-0.01,-0.03,16.522887265654035,0.0,0,0.0,0.5956666666666667,0.4043333333333333,0,0,0.0220074816787205,-0.005587715325645,0.0143348468147339,0.224540597919396,0.3108214730728202,0.4011178581290502,22.21,24.28,32.19,0.14,0.12,0.16
2020-08-11,0.0315978262175662,0.1808314993808489,0.2467038520949468,0.4412511772642585,0.08300897451173503,0.05555081070096521,24.03,1.900000000000002,0.0858563036601898,24.6265,0.2390627112492405,0.15,0.0199999999999999,-0.02,17.266088437451163,0.0,0,0.0,0.5323333333333333,0.4676666666666667,0,0,0.0126786233553588,-0.00572329949627,0.0057344394085792,0.2233921726071489,0.2923863062202024,0.3983127289798227,22.13,23.76,29.52,0.13,0.14,0.17
2020-08-12,-0.0084762638148145,0.2531110856469189,0.245104197008723,0.4302110720725991,0.057272349877563335,0.0316796472134083,22.28,-1.75,-0.0728256346233874,24.3525,0.3421745976280848,0.13,-0.0199999999999999,-0.0199999999999999,16.772543634351877,0.0,0,0.0,0.5906666666666667,0.4093333333333333,0,0,0.0315978262175662,0.017373425443167,0.0154773239480996,0.2467038520949468,0.2959937887302143,0.4013815934750294,24.03,22.99,27.76,0.15,0.12,0.15
2020-08-13,-0.0055372747631602,0.2720799803689681,0.2463443661594687,0.4280511936046655,0.05141156883978273,0.023323364791145704,22.13,-0.1500000000000021,-0.0067324955116697,24.059,0.3379439148290594,0.14,0.01,0.0,16.42547747776798,0.0,0,0.0,0.5956666666666667,0.4043333333333333,0,0,-0.0084762638148145,0.000308166212543,0.002807553941921,0.245104197008723,0.282354183332994,0.3904944093652515,22.28,22.65,28.0,0.13,0.14,0.14
2020-08-14,0.0003909592094302,0.2571397739671001,0.2350173029664335,0.4243503550004865,0.030033639264886426,0.04238560267898301,22.05,-0.0799999999999983,-0.0036150022593763,23.8775,0.2480333884459105,0.13,-0.01,-0.01,16.311555034573065,0.0,0,0.0,0.5983333333333334,0.4016666666666666,0,0,-0.0055372747631602,0.0220074816787205,-0.0184981251540111,0.2463443661594687,0.224540597919396,0.3960607040341964,22.13,22.21,25.68,0.14,0.14,0.14
2020-08-17,-0.0263648899025987,0.3337289957823749,0.2539072550978592,0.4273840093611337,-0.009283959123774676,0.024466726364676304,21.35,-0.6999999999999993,-0.0317460317460317,23.722,0.2587912516926864,0.13,0.0,-0.01,16.522760505615757,0.0,0,0.0,0.6216666666666666,0.3783333333333334,0,0,0.0003909592094302,0.0126786233553588,-0.0087611945927077,0.2350173029664335,0.2233921726071489,0.3951328997380935,22.05,22.13,24.46,0.13,0.13,0.14
2020-08-18,-0.0139401747580452,0.1630244923869449,0.2475773713785376,0.428175962022135,-0.05443109848409268,-0.011025216744305998,21.51,0.1600000000000001,0.0074941451990633,23.5555,0.2079568412492813,0.13,0.0,-0.0199999999999999,16.39924400005074,0.0,0,0.0,0.6163333333333333,0.3836666666666667,0,0,-0.0263648899025987,0.0315978262175662,0.0216854765980696,0.2539072550978592,0.2467038520949468,0.3997173005785958,21.35,24.03,24.84,0.13,0.15,0.15
2020-08-19,0.0023393717890953,0.1890875733504849,0.2464658841511497,0.4049015160976363,-0.04358206712869068,-0.001419532018292498,22.54,1.0299999999999976,0.0478847047884702,23.4665,0.2021769771389729,0.13,0.0,-0.01,16.420641778952085,0.0,0,0.0,0.5820000000000001,0.4179999999999999,0,0,-0.0139401747580452,-0.0084762638148145,-0.0072426893980898,0.2475773713785376,0.245104197008723,0.3990278576414135,21.51,22.28,24.32,0.13,0.13,0.14
2020-08-20,-0.0119737160770754,0.187858152899653,0.2497574449416112,0.3886631544546435,-0.050075383257270886,-0.0163997033316005,22.72,0.1799999999999997,0.0079858030168589,23.2985,0.1839075342740946,0.12,-0.01,-0.02,16.430904461266657,0.0,0,0.0,0.5760000000000001,0.4239999999999999,0,0,0.0023393717890953,-0.0055372747631602,0.0029385018433887,0.2464658841511497,0.2463443661594687,0.3772062780250382,22.54,22.13,26.08,0.13,0.14,0.14
2020-08-21,-0.0005134970450799,0.1847862781002543,0.248653634741214,0.3874870834721455,-0.05097989499190058,-0.009815911707018298,22.54,-0.1799999999999997,-0.0079225352112676,23.1335,0.1829205803463706,0.13,0.01,-0.03,16.319263577326147,0.0,0,0.0,0.5820000000000001,0.4179999999999999,0,0,-0.0119737160770754,0.0003909592094302,-0.0070722933464205,0.2497574449416112,0.2350173029664335,0.3594770735586792,22.72,22.05,25.84,0.12,0.13,0.16
2020-08-24,0.0281544261282546,0.2651995669564914,0.2622635721141339,0.3879419155491747,0.003504156549504922,0.0320904714811399,22.37,-0.1699999999999981,-0.0075421472936999,23.015,0.12248513950344,0.14,0.01,0.0,16.700216350105038,0.0,0,0.0,0.5876666666666666,0.4123333333333334,0,0,-0.0005134970450799,-0.0263648899025987,-0.0140414930521313,0.248653634741214,0.2539072550978592,0.296327751372528,22.54,21.35,24.74,0.13,0.13,0.14
2020-08-25,0.0043972571040202,0.2307013571253533,0.262272267874667,0.3871458032568316,0.021930025499516722,0.0321529931376598,22.03,-0.3399999999999998,-0.0151989271345551,22.844500000000004,0.1141825258543639,0.13,-0.01,-0.01,16.4291695635334,0.0,0,0.0,0.599,0.401,0,0,0.0281544261282546,-0.0139401747580452,0.0043344624867343,0.2622635721141339,0.2475773713785376,0.2963210017055847,22.37,21.51,25.44,0.14,0.13,0.14
2020-08-26,-0.0140297561421878,0.2667196735238159,0.2539334745718936,0.3882482622338935,0.005464282302471122,-0.0059366661630985,23.27,1.2399999999999984,0.0562868815251929,22.803,0.138086462715047,0.12,-0.01,-0.01,16.304774451164707,0.0,0,0.0,0.5576666666666668,0.4423333333333332,0,0,0.0043972571040202,0.0023393717890953,0.0242499163985023,0.262272267874667,0.2464658841511497,0.3044479330531864,22.03,22.54,24.1,0.13,0.13,0.13
2020-08-27,0.0328994432437805,0.311507069249855,0.2584623533878073,0.3786967106318581,0.04988010173766573,0.0534811485961578,24.47,1.1999999999999993,0.0515685431886547,22.788500000000003,0.3470537668852024,0.13,0.01,0.02,16.91397544225664,0.0,0,0.0,0.5176666666666667,0.4823333333333333,0,0,-0.0140297561421878,-0.0119737160770754,-0.0266854531457539,0.2539334745718936,0.2497574449416112,0.3207172087127278,23.27,22.72,24.76,0.12,0.12,0.11
2020-08-28,0.0041035712112615,0.3033410092177119,0.2573119844465211,0.3763381882550357,0.054488905193514625,0.06150068824161171,22.96,-1.509999999999998,-0.0617082141397629,22.7135,0.3135157377015301,0.12,-0.01,0.0099999999999999,16.437036608817174,0.0,0,0.0,0.568,0.432,0,0,0.0328994432437805,-0.0005134970450799,-0.0039166748617295,0.2584623533878073,0.248653634741214,0.3214936456017458,24.47,22.54,24.46,0.13,0.13,0.11
2020-08-31,-0.0251044845338708,0.348657107258465,0.2751781245137246,0.3681319834423577,0.0012985521221075234,0.041679095896403104,26.41,3.4499999999999997,0.1502613240418118,22.82,-0.0306804833320139,0.12,0.0,0.0,16.470117857682798,0.0,0,0.0,0.4529999999999999,0.547,0,0,0.0041035712112615,0.0281544261282546,-0.005587715325645,0.2573119844465211,0.2622635721141339,0.3108214730728202,22.96,22.37,24.28,0.12,0.14,0.12
2020-09-01,-0.0004992213921292,0.3467328405829188,0.2738274256850956,0.3654467944007117,-0.0035884113399653767,0.0469194901871936,26.12,-0.2899999999999991,-0.0109806891329041,22.938,-0.0411250683384914,0.12,0.0,-0.02,16.266136360015004,0.0,0,0.0,0.4626666666666666,0.5373333333333333,0,0,-0.0251044845338708,0.0043972571040202,-0.00572329949627,0.2751781245137246,0.262272267874667,0.2923863062202024,26.41,22.03,23.76,0.12,0.13,0.14
2020-09-02,0.015078955002437,0.3372283746455982,0.2723134262978309,0.3635599608332739,0.025507089786261122,0.0446616548376048,26.57,0.4499999999999993,0.0172281776416538,23.117,0.0017414719548197,0.13,0.01,0.01,16.48798200857542,0.0,0,0.0,0.4476666666666666,0.5523333333333333,0,0,-0.0004992213921292,-0.0140297561421878,0.017373425443167,0.2738274256850956,0.2539334745718936,0.2959937887302143,26.12,23.27,22.99,0.12,0.12,0.12
2020-09-03,-0.0031479899952229,0.235098270570881,0.2729143968992275,0.353845757923785,-0.01001570656069588,0.0412005807594816,33.6,7.030000000000001,0.264584117425668,23.6645,-0.0543352712183555,0.12,-0.01,-0.02,16.963156768843906,0.0,0,0.0,0.2133333333333332,0.7866666666666667,0,0,0.015078955002437,0.0328994432437805,0.000308166212543,0.2723134262978309,0.2584623533878073,0.282354183332994,26.57,24.47,22.65,0.13,0.13,0.14
2020-09-04,0.0216120884343569,0.2891627184879674,0.2725469769526112,0.3073277122138587,0.00727097742438482,0.040813626890885205,30.75,-2.8500000000000014,-0.0848214285714286,24.0915,-0.1005442204659706,0.13,0.01,-0.01,17.086048647142253,0.0,0,0.0,0.3083333333333333,0.6916666666666667,0,0,-0.0031479899952229,0.0041035712112615,0.0220074816787205,0.2729143968992275,0.2573119844465211,0.224540597919396,33.6,22.96,22.21,0.12,0.12,0.14
2020-09-08,-0.0347754404981807,0.3498413121969765,0.2997711164282015,0.3115384656437476,-0.0026985457920093783,-0.007179796244171699,31.46,0.7100000000000009,0.023089430894309,24.558,-0.0861322060430578,0.15,0.0199999999999999,0.0199999999999999,16.9114772762953,0.0,0,0.0,0.2846666666666666,0.7153333333333334,1,0,0.0216120884343569,-0.0251044845338708,0.0126786233553588,0.2725469769526112,0.2751781245137246,0.2233921726071489,30.75,26.41,22.13,0.13,0.12,0.13
2020-09-09,0.009507544606925,0.3569892924966273,0.2787433804237109,0.310868357957583,0.007263432603087019,-0.0288260517214544,28.81,-2.650000000000002,-0.0842339478703115,24.797000000000004,-0.2121158292901031,0.14,-0.0099999999999999,-0.0099999999999999,16.413299439246938,0.0,0,0.0,0.373,0.627,0,0,-0.0347754404981807,-0.0004992213921292,0.0315978262175662,0.2997711164282015,0.2738274256850956,0.2467038520949468,31.46,26.12,24.03,0.15,0.12,0.15
2020-09-10,-0.0103104552161615,0.3415386819997061,0.2794429657952582,0.3111564107851119,-0.01806694120597778,-0.0306776362459363,29.71,0.9000000000000021,0.0312391530718501,25.1685,-0.2472777378151982,0.15,0.0099999999999999,0.0199999999999999,16.58326266511555,0.0,0,0.0,0.3429999999999999,0.657,0,0,0.009507544606925,0.015078955002437,-0.0084762638148145,0.2787433804237109,0.2723134262978309,0.245104197008723,28.81,26.57,22.28,0.14,0.13,0.13
2020-09-11,0.0124213317624806,0.3600734537063293,0.283225119519765,0.307625645092923,-0.002569165911666782,-0.0127801539919679,26.87,-2.84,-0.0955907101985863,25.4055,-0.2893271929128641,0.13,-0.0199999999999999,-0.01,16.439040893863844,0.0,0,0.0,0.4376666666666666,0.5623333333333334,0,0,-0.0103104552161615,-0.0031479899952229,-0.0055372747631602,0.2794429657952582,0.2729143968992275,0.2463443661594687,29.71,33.6,22.13,0.15,0.12,0.14
2020-09-14,0.0138516547812286,0.3339855896710215,0.2878063624821854,0.3085760944241086,-0.010194427016158284,0.0005855606098404999,25.85,-1.0199999999999996,-0.0379605508001488,25.5955,-0.30643421627945,0.14,0.01,0.01,16.76086496010848,0.0,0,0.0,0.4716666666666665,0.5283333333333334,0,0,0.0124213317624806,0.0216120884343569,0.0003909592094302,0.283225119519765,0.2725469769526112,0.2350173029664335,26.87,30.75,22.05,0.13,0.13,0.13
2020-09-15,-0.0311311470359425,0.310522019143141,0.2943090496013845,0.314685817745132,-0.006425945357926184,-0.004321782478323204,25.59,-0.2600000000000015,-0.0100580270793037,25.8075,-0.317540057313645,0.13,-0.01,0.0,16.98026809136925,0.0,0,0.0,0.4803333333333334,0.5196666666666666,0,0,0.0138516547812286,-0.0347754404981807,-0.0263648899025987,0.2878063624821854,0.2997711164282015,0.2539072550978592,25.85,31.46,21.35,0.14,0.15,0.13
2020-09-16,0.0042306440646038,0.3011824899438824,0.2900412965417043,0.3138899428200318,-0.011666857657705983,0.013938189104932296,26.04,0.4499999999999993,0.0175849941383352,26.034,-0.3238916005332592,0.12,-0.01,-0.01,16.774091228279914,0.0,0,0.0,0.4653333333333334,0.5346666666666666,0,0,-0.0311311470359425,0.009507544606925,-0.0139401747580452,0.2943090496013845,0.2787433804237109,0.2475773713785376,25.59,28.81,21.51,0.13,0.14,0.13
2020-09-17,-0.011434532665016,0.3031928265764782,0.2931459413489406,0.3139395270738931,-0.012803291093178584,0.0001011397895757972,26.46,0.4200000000000017,0.0161290322580645,26.23,-0.3263479016842051,0.12,0.0,-0.01,16.72187054249505,0.0,0,0.0,0.4513333333333332,0.5486666666666667,0,0,0.0042306440646038,-0.0103104552161615,0.0023393717890953,0.2900412965417043,0.2794429657952582,0.2464658841511497,26.04,29.71,22.54,0.12,0.15,0.13
2020-09-18,-0.0021306847656535,0.2744074737637184,0.2898341394782405,0.3057876827788043,-0.027281068952361785,0.010014160312941197,25.83,-0.6300000000000026,-0.0238095238095239,26.3855,-0.3267115216382952,0.13,0.01,0.01,16.817304472594696,0.0,0,0.0,0.4723333333333334,0.5276666666666666,0,0,-0.011434532665016,0.0124213317624806,-0.0119737160770754,0.2931459413489406,0.283225119519765,0.2497574449416112,26.46,26.87,22.72,0.12,0.13,0.12
2020-09-21,-0.0309098600592933,0.2622027429562759,0.3112121109771323,0.3047004655220225,-0.07243531410214668,-0.0208698585004056,27.78,1.9500000000000028,0.0754936120789779,26.6475,-0.3641517844952636,0.12,-0.01,-0.01,17.16115298074168,0.0,0,0.0,0.4073333333333333,0.5926666666666667,0,0,-0.0021306847656535,0.0138516547812286,-0.0005134970450799,0.2898341394782405,0.2878063624821854,0.248653634741214,25.83,25.85,22.54,0.13,0.14,0.13
2020-09-22,-0.0109116461640841,0.2136534111001701,0.2935258441727951,0.2823976286233258,-0.051780910004644076,-0.0596068490324722,26.86,-0.9200000000000016,-0.033117350611951,26.872000000000003,-0.3490143317080005,0.12,0.0,-0.02,16.77338524089119,0.0,0,0.0,0.438,0.5619999999999999,0,0,-0.0309098600592933,-0.0311311470359425,0.0281544261282546,0.3112121109771323,0.2943090496013845,0.2622635721141339,27.78,25.59,22.37,0.12,0.13,0.14
2020-09-23,-0.016230117003082,0.170861157212273,0.2958501621126741,0.2843586179276159,-0.07236589807741747,-0.0803577344720019,28.58,1.7199999999999989,0.0640357408786298,27.1995,-0.3578304192160388,0.13,0.01,0.0,16.808875080607134,0.0,0,0.0,0.3806666666666667,0.6193333333333333,0,0,-0.0109116461640841,0.0042306440646038,0.0043972571040202,0.2935258441727951,0.2900412965417043,0.262272267874667,26.86,26.04,22.03,0.12,0.12,0.13
2020-09-24,-0.0008626323124797,0.1971825510793014,0.2935756121772704,0.2834004507359022,-0.061728493074871084,-0.0670916355877664,28.51,-0.0699999999999967,-0.0024492652204337,27.461499999999997,-0.3494944825611952,0.12,-0.01,0.0,16.726038965450652,0.0,0,0.0,0.3829999999999999,0.6170000000000001,0,0,-0.016230117003082,-0.011434532665016,-0.0140297561421878,0.2958501621126741,0.2931459413489406,0.2539334745718936,28.58,26.46,23.27,0.13,0.12,0.12
2020-09-25,0.0087416333342067,0.2423718862430109,0.2661142411066917,0.2834071518554036,-0.05089188869582298,-0.0907578301205475,26.38,-2.1300000000000026,-0.0747106278498773,27.557,-0.4722093529111921,0.12,0.0,-0.01,16.402755736804775,0.0,0,0.0,0.454,0.5459999999999999,0,0,-0.0008626323124797,-0.0021306847656535,0.0328994432437805,0.2935756121772704,0.2898341394782405,0.2584623533878073,28.51,25.83,24.47,0.12,0.13,0.13
2020-09-28,0.0287792739423737,0.2810603877011303,0.2894875403243198,0.2891805758769972,0.008878687488702817,-0.0664800762052174,26.19,-0.1899999999999977,-0.0072024260803638,27.7185,-0.4394816184081865,0.12,0.0,0.0,16.854977428291523,0.0,0,0.0,0.4603333333333332,0.5396666666666667,0,0,0.0087416333342067,-0.0309098600592933,0.0041035712112615,0.2661142411066917,0.3112121109771323,0.2573119844465211,26.38,27.78,22.96,0.12,0.12,0.12
2020-09-29,-0.0084234584628116,0.2743677010914885,0.2783585225706819,0.2852564961538808,0.011391166016479217,-0.0495142351381005,26.27,0.0799999999999983,0.0030546009927452,27.7115,-0.3705651046951981,0.12,0.0,0.0,16.368714359504587,0.0,0,0.0,0.4576666666666666,0.5423333333333333,0,0,0.0287792739423737,-0.0109116461640841,-0.0251044845338708,0.2894875403243198,0.2935258441727951,0.2751781245137246,26.19,26.86,26.41,0.12,0.12,0.12
2020-09-30,0.0096486795154935,0.2197025422920517,0.2816004924148088,0.279541687558893,0.037356862316769116,-0.0394124608152674,26.37,0.1000000000000014,0.0038066235249334,27.724,-0.3652134228908647,0.12,0.0,0.0,16.61282853846443,0.0,0,0.0,0.4543333333333332,0.5456666666666667,0,0,-0.0084234584628116,-0.016230117003082,-0.0004992213921292,0.2783585225706819,0.2958501621126741,0.2738274256850956,26.27,28.58,26.12,0.12,0.13,0.12
2020-10-01,0.0072713794257046,0.2075283171420363,0.2767327637198797,0.279124546883318,0.04546493731520882,-0.0471337880588187,26.7,0.3299999999999983,0.012514220705347,27.7305,-0.3778269558512852,0.12,0.0,-0.01,16.57417155060194,0.0,0,0.0,0.4433333333333333,0.5566666666666666,0,0,0.0096486795154935,-0.0008626323124797,0.015078955002437,0.2816004924148088,0.2935756121772704,0.2723134262978309,26.37,28.51,26.57,0.12,0.12,0.13
2020-10-02,0.0094872099824867,0.207507276533452,0.2798462279144643,0.2756864797995876,0.046203779874778514,-0.0345383436850731,27.63,0.9299999999999996,0.0348314606741573,27.432,-0.5561538654659824,0.12,0.0,0.0,16.533484752939174,0.0,0,0.0,0.4123333333333333,0.5876666666666667,0,0,0.0072713794257046,0.0087416333342067,-0.0031479899952229,0.2767327637198797,0.2661142411066917,0.2729143968992275,26.7,26.38,33.6,0.12,0.12,0.12
2020-10-05,0.0211363897929317,0.1669907759945844,0.2793405589368782,0.2569417009627163,0.038746966212401215,-0.035004087417201,27.96,0.3300000000000018,0.011943539630836,27.2925,-0.4496676236182301,0.12,0.0,-0.01,16.445375841298794,0.9,1,0.0,0.4013333333333333,0.5986666666666667,0,0,0.0094872099824867,0.0287792739423737,0.0216120884343569,0.2798462279144643,0.2894875403243198,0.2725469769526112,27.63,26.19,30.75,0.12,0.12,0.13
2020-10-06,-0.0102990072010338,0.1786985171477103,0.252157970766815,0.2563203624440622,0.03685369354771152,-0.009961995798379598,29.48,1.5199999999999996,0.0543633762517883,27.1935,-0.4559043778311553,0.14,0.02,-0.0099999999999999,16.77148282497244,0.0,0,0.0,0.3506666666666667,0.6493333333333333,0,0,0.0211363897929317,-0.0084234584628116,-0.0347754404981807,0.2793405589368782,0.2783585225706819,0.2997711164282015,27.96,26.27,31.46,0.12,0.12,0.15
2020-10-07,0.0174456793802497,0.1925590155156733,0.2577328023282241,0.2584706934568784,0.044546515820528314,-0.0021293775978260994,28.06,-1.4200000000000017,-0.048168249660787,27.156,-0.4751593184864173,0.13,-0.01,-0.01,16.610258259024093,0.0,0,0.0,0.398,0.602,0,0,-0.0102990072010338,0.0096486795154935,0.009507544606925,0.252157970766815,0.2816004924148088,0.2787433804237109,29.48,26.37,28.81,0.14,0.12,0.14
2020-10-08,0.020555236893224,0.2073236347843618,0.2644876370693796,0.2599010706181106,0.05764827450276942,0.0285814276499285,26.36,-1.6999999999999993,-0.0605844618674269,26.988500000000005,-0.5033709571633347,0.13,0.0,-0.0199999999999999,16.566556453388618,0.0,0,0.0,0.4546666666666666,0.5453333333333333,0,0,0.0174456793802497,0.0072713794257046,-0.0103104552161615,0.2577328023282241,0.2767327637198797,0.2794429657952582,28.06,26.7,29.71,0.13,0.12,0.15
2020-10-09,-0.0056985578452036,0.2419676973857328,0.2623622724563548,0.2601637986610007,0.04249092889310031,0.010521751119694004,25.0,-1.3599999999999994,-0.0515933232169953,26.895000000000003,-0.4483461004920133,0.15,0.0199999999999999,0.0199999999999999,16.432110526737297,0.0,0,0.0,0.5,0.5,0,0,0.020555236893224,0.0094872099824867,0.0124213317624806,0.2644876370693796,0.2798462279144643,0.283225119519765,26.36,27.63,26.87,0.13,0.12,0.13
2020-10-12,0.012253172974713,0.2207373018664792,0.2613648075322231,0.2582042176835525,0.03375352461551222,0.008943864214469506,25.07,0.0700000000000002,0.0027999999999999,26.856,-0.4170466274002417,0.15,0.0,0.0099999999999999,16.59171778800102,0.0,0,0.0,0.4976666666666667,0.5023333333333333,0,0,-0.0056985578452036,0.0211363897929317,0.0138516547812286,0.2623622724563548,0.2793405589368782,0.2878063624821854,25.0,27.96,25.85,0.15,0.12,0.14
2020-10-13,-0.016204617905153,0.2518486816734574,0.2413490657275191,0.2598660388393044,0.02776858498527902,0.02423253454482561,26.07,1.0,0.0398883127243716,26.880000000000003,-0.5269222691409257,0.13,-0.0199999999999999,0.0,16.892698432894935,0.0,0,0.0,0.4643333333333334,0.5356666666666666,0,0,0.012253172974713,-0.0102990072010338,-0.0311311470359425,0.2613648075322231,0.252157970766815,0.2943090496013845,25.07,29.48,25.59,0.15,0.14,0.13
2020-10-14,-0.005556833301555,0.2365421366458539,0.2422312616563052,0.2565460613032799,0.004901004499719218,0.014438484559599112,26.4,0.3299999999999983,0.0126582278481011,26.898,-0.5364862910469567,0.13,0.0,0.01,16.5370757520579,0.0,0,0.0,0.4533333333333333,0.5466666666666666,0,0,-0.016204617905153,0.0174456793802497,0.0042306440646038,0.2413490657275191,0.2577328023282241,0.2900412965417043,26.07,28.06,26.04,0.13,0.13,0.12
2020-10-15,0.0149672488980696,0.2099372727063861,0.2426596753437455,0.2577661496149086,-0.000589479709459783,0.04079523903364731,26.97,0.5700000000000003,0.0215909090909089,26.9235,-0.4959898306220306,0.12,-0.01,0.0,16.658744178010434,0.0,0,0.0,0.4343333333333333,0.5656666666666667,0,0,-0.005556833301555,0.020555236893224,-0.011434532665016,0.2422312616563052,0.2644876370693796,0.2931459413489406,26.4,26.36,26.46,0.13,0.13,0.12
2020-10-16,-0.0020645667103537,0.2053574749592211,0.2426446775982823,0.2577812742677099,0.0030586759993833173,0.040861496071439116,27.41,0.4400000000000013,0.0163144234334446,27.0025,-0.5140746561899172,0.12,0.0,-0.01,16.40139320042184,0.0,0,0.0,0.4196666666666666,0.5803333333333334,0,0,0.0149672488980696,-0.0056985578452036,-0.0021306847656535,0.2426596753437455,0.2623622724563548,0.2898341394782405,26.97,25.0,25.83,0.12,0.15,0.13
2020-10-19,-0.0168457064517072,0.2062520694315225,0.2207059156091219,0.2598276841662201,-0.02610924375359018,0.05526993456302601,29.18,1.7699999999999996,0.0645749726377233,27.0725,-0.4603654322925934,0.13,0.01,0.01,16.277293657289842,0.0,0,0.0,0.3606666666666667,0.6393333333333333,0,0,-0.0020645667103537,0.012253172974713,-0.0309098600592933,0.2426446775982823,0.2613648075322231,0.3112121109771323,27.41,25.07,27.78,0.12,0.15,0.12
2020-10-20,0.005711596005308,0.1901265843196436,0.214799330757139,0.2582584533439079,-0.004076548490058882,0.07193689605941081,29.35,0.1700000000000017,0.0058259081562714,27.197,-0.5363458293232601,0.13,0.0,0.01,16.23650968749177,0.0,0,0.0,0.355,0.645,0,0,-0.0168457064517072,-0.016204617905153,-0.0109116461640841,0.2207059156091219,0.2413490657275191,0.2935258441727951,29.18,26.07,26.86,0.13,0.13,0.12
2020-10-21,-0.0099631934323292,0.1995089423440721,0.2080496382893293,0.2590787864146579,-0.008517376748949281,0.07828700588806731,28.65,-0.7000000000000028,-0.0238500851788757,27.2005,-0.4115256192271371,0.13,0.0,0.0,16.18860080503597,0.0,0,0.0,0.3783333333333334,0.6216666666666666,0,0,0.005711596005308,-0.005556833301555,-0.016230117003082,0.214799330757139,0.2422312616563052,0.2958501621126741,29.35,26.4,28.58,0.13,0.13,0.13
2020-10-22,0.0353223762406433,0.3179731456756925,0.2339302541708943,0.2641251913288551,0.011339131221213421,0.11386286332973182,28.11,-0.5399999999999991,-0.0188481675392669,27.1805,-0.4200926431822441,0.13,0.0,0.01,16.512648166054216,0.0,0,0.0,0.3963333333333333,0.6036666666666667,1,0,-0.0099631934323292,0.0149672488980696,-0.0008626323124797,0.2080496382893293,0.2426596753437455,0.2935756121772704,28.65,26.97,28.51,0.13,0.12,0.12
2020-10-23,0.0090396618159409,0.3181742896726542,0.2339830195119724,0.2582269804864758,0.022404880729808424,0.1141582654970705,27.55,-0.5599999999999987,-0.0199217360369974,27.239000000000004,-0.4531702436772011,0.12,-0.01,0.0,16.529383838648865,0.0,0,0.0,0.4149999999999999,0.5850000000000001,0,0,0.0353223762406433,-0.0020645667103537,0.0087416333342067,0.2339302541708943,0.2426446775982823,0.2661142411066917,28.11,27.41,26.38,0.13,0.12,0.12
2020-10-26,-0.0247567934381329,0.3555007999587714,0.2420813549808644,0.2636268703544166,0.014325693519032623,0.06071694059335582,32.46,4.91,0.1782214156079855,27.5525,-0.5989688887222083,0.12,0.0,0.0,16.334069642289748,0.0,0,0.0,0.2513333333333333,0.7486666666666667,0,0,0.0090396618159409,-0.0168457064517072,0.0287792739423737,0.2339830195119724,0.2207059156091219,0.2894875403243198,27.55,29.18,26.19,0.12,0.13,0.12
2020-10-27,-0.0188658721104935,0.3852397783450615,0.2514832248335655,0.2664736789547399,-0.010415756250989276,0.050129973791942326,33.35,0.8900000000000006,0.0274183610597658,27.9065,-0.6036739436559831,0.12,0.0,0.0,16.156518064786237,0.0,0,0.0,0.2216666666666665,0.7783333333333334,0,0,-0.0247567934381329,0.005711596005308,-0.0084234584628116,0.2420813549808644,0.214799330757139,0.2783585225706819,32.46,29.35,26.27,0.12,0.13,0.12
2020-10-28,-0.0280881097373307,0.42904311838513,0.2726844921602433,0.2728269170844434,-0.028892724565950177,0.012037419005348018,40.28,6.93,0.2077961019490255,28.602,-0.6797270625000745,0.12,0.0,0.0,16.61215150486301,0.0,0,0.0,0.0,1.0,0,1,-0.0188658721104935,-0.0099631934323292,0.0096486795154935,0.2514832248335655,0.2080496382893293,0.2816004924148088,33.35,28.65,26.37,0.12,0.13,0.12
2020-10-29,0.0065254845692683,0.2833102654700651,0.2724577139427219,0.2708684557080825,-0.05710129164727048,0.01129663436725252,37.59,-2.6899999999999977,-0.0667825223435948,29.1465,-0.6719399603869846,0.12,0.0,0.0,16.469372119314173,0.0,0,0.0,0.0803333333333332,0.9196666666666669,0,1,-0.0280881097373307,0.0353223762406433,0.0072713794257046,0.2726844921602433,0.2339302541708943,0.2767327637198797,40.28,28.11,26.7,0.12,0.13,0.12
2020-10-30,0.0089535049424731,0.2829229281004772,0.2722355502771625,0.2714637937735902,-0.05718668031452608,0.010767805307765919,38.02,0.4299999999999997,0.011439212556531,29.666,-0.6821447222735247,0.13,0.01,0.01,16.536444144043877,0.0,0,0.0,0.0659999999999999,0.934,0,1,0.0065254845692683,0.0090396618159409,0.0094872099824867,0.2724577139427219,0.2339830195119724,0.2798462279144643,37.59,27.55,27.63,0.12,0.12,0.12
2020-11-02,0.0225420182673805,0.3342901534228322,0.273641380325706,0.2716425540738981,-0.009826582101624282,0.012143392279330319,37.13,-0.8900000000000006,-0.0234087322461862,30.1245,-0.7062543765956149,0.13,0.0,0.01,16.524333860146818,0.0,0,0.0,0.0956666666666665,0.9043333333333334,0,1,0.0089535049424731,-0.0247567934381329,0.0211363897929317,0.2722355502771625,0.2420813549808644,0.2793405589368782,38.02,32.46,27.96,0.13,0.12,0.12
2020-11-03,0.031521203485141,0.3610739008818781,0.2905684768626423,0.277766383157376,0.04025413027379722,0.053530410518028024,35.55,-1.5800000000000054,-0.0425531914893618,30.428000000000004,-0.7072600905772226,0.14,0.01,0.0,16.676716715749247,0.0,0,0.0,0.1483333333333334,0.8516666666666666,0,1,0.0225420182673805,-0.0188658721104935,-0.0102990072010338,0.273641380325706,0.2514832248335655,0.252157970766815,37.13,33.35,29.48,0.13,0.12,0.14
2020-11-04,-0.0305579792045401,0.3773802819282759,0.308414340511578,0.2778155672178068,0.03770964749225382,0.005200550677073517,29.57,-5.979999999999997,-0.1682137834036567,30.503499999999995,-0.3642678021643535,0.12,-0.02,-0.01,16.753957992039872,0.0,0,0.0,0.3476666666666667,0.6523333333333333,0,0,0.031521203485141,-0.0280881097373307,0.0174456793802497,0.2905684768626423,0.2726844921602433,0.2577328023282241,35.55,40.28,28.06,0.14,0.12,0.13
2020-11-05,0.0408974953490186,0.4414229702321574,0.3324810378977931,0.2893863741358189,0.07128867902621153,0.024937038890694617,27.58,-1.990000000000002,-0.0672979370984105,30.5645,-0.3851017756115965,0.12,0.0,-0.01,16.69680799064671,0.0,0,0.0,0.414,0.586,1,0,-0.0305579792045401,0.0065254845692683,0.020555236893224,0.308414340511578,0.2724577139427219,0.2644876370693796,29.57,37.59,26.36,0.12,0.12,0.13
2020-11-06,-0.0133206059532022,0.4847710143745002,0.3357243642389708,0.2905202816211896,0.04896489800740472,0.017241774422070318,24.86,-2.719999999999999,-0.0986221899927483,30.5575,-0.3375612280924639,0.12,0.0,-0.03,16.345454385890495,0.0,0,0.0,0.5046666666666667,0.4953333333333333,0,0,0.0408974953490186,0.0089535049424731,-0.0056985578452036,0.3324810378977931,0.2722355502771625,0.2623622724563548,27.58,38.02,25.0,0.12,0.13,0.15
2020-11-09,0.1353924542729103,0.975815647532536,0.5596671038519947,0.3896884910176253,0.15365156211373993,0.13204142977755803,25.75,0.8900000000000006,0.0358004827031375,30.591500000000003,-0.1314249618620758,0.12,0.0,-0.03,17.68237720992844,0.0,0,0.0,0.475,0.525,1,0,-0.0133206059532022,0.0225420182673805,0.012253172974713,0.3357243642389708,0.273641380325706,0.2613648075322231,24.86,37.13,25.07,0.12,0.13,0.15
2020-11-10,-0.0032505643136707,1.0050689419449337,0.5544577374120006,0.3851508128126182,0.11936109394931613,0.14512291948206513,24.8,-0.9499999999999992,-0.0368932038834951,30.528,-0.1098252308193234,0.12,0.0,-0.01,16.8378507307269,0.0,0,0.0,0.5066666666666666,0.4933333333333334,0,0,0.1353924542729103,0.031521203485141,-0.016204617905153,0.5596671038519947,0.2905684768626423,0.2413490657275191,25.75,35.55,26.07,0.12,0.14,0.13
2020-11-11,-0.0149330368990786,0.955213292130885,0.5583707151503831,0.3853438587182133,0.135350045962035,0.13564959213938935,23.45,-1.3500000000000014,-0.0544354838709677,30.3805,-0.0841550065004891,0.12,0.0,-0.01,16.485748190012774,0.0,0,0.0,0.5516666666666667,0.4483333333333332,0,0,-0.0032505643136707,-0.0305579792045401,-0.005556833301555,0.5544577374120006,0.308414340511578,0.2422312616563052,24.8,29.57,26.4,0.12,0.12,0.13
2020-11-12,-0.0122844061505924,0.9823743179641264,0.5615000911640295,0.3865837184742663,0.08290624551121913,0.10843276411137354,25.35,1.900000000000002,0.0810234541577825,30.2995,-0.1112444247260965,0.13,0.01,0.01,16.90941260061526,0.0,0,0.0,0.4883333333333333,0.5116666666666667,0,0,-0.0149330368990786,0.0408974953490186,0.0149672488980696,0.5583707151503831,0.3324810378977931,0.2426596753437455,23.45,27.58,26.97,0.12,0.12,0.12
2020-11-13,0.0062626961245251,0.9540745931910424,0.5608045788355948,0.385462100166767,0.10255953349244933,0.11674263191513634,23.1,-2.25,-0.0887573964497041,30.084000000000003,-0.1072011814196991,0.12,-0.01,0.0,16.287661279054213,0.0,0,0.0,0.5633333333333332,0.4366666666666667,0,0,-0.0122844061505924,-0.0133206059532022,-0.0020645667103537,0.5615000911640295,0.3357243642389708,0.2426446775982823,25.35,24.86,27.41,0.13,0.12,0.12
2020-11-16,0.0282257921952715,0.2750888486509216,0.5591750210063725,0.3887870763012508,0.0034159527640388113,0.16156662629518703,22.45,-0.6500000000000021,-0.0281385281385282,29.7475,-0.0873683059215555,0.12,0.0,-0.01,16.804147770998355,0.0,0,0.0,0.585,0.415,0,0,0.0062626961245251,0.1353924542729103,-0.0168457064517072,0.5608045788355948,0.5596671038519947,0.2207059156091219,23.1,25.75,29.18,0.12,0.12,0.13
2020-11-17,-0.010144901559461,0.285564007663765,0.5629062928788925,0.3863461132450133,-0.003524900138969188,0.14567456783315483,22.71,0.2600000000000015,0.0115812917594655,29.4155,-0.0925615927909533,0.12,0.0,-0.01,16.493321527385323,0.0,0,0.0,0.5763333333333334,0.4236666666666666,0,0,0.0282257921952715,-0.0032505643136707,0.005711596005308,0.5591750210063725,0.5544577374120006,0.214799330757139,22.45,24.8,29.35,0.12,0.12,0.13
2020-11-18,-0.0074069521195314,0.2659204538987781,0.5619289447369776,0.3868761658567059,0.004086237336156113,0.14825320622449473,23.84,1.129999999999999,0.0497578159401144,29.175,-0.1107813499364953,0.11,-0.0099999999999999,-0.02,16.34691912095059,0.0,0,0.0,0.5386666666666666,0.4613333333333334,0,0,-0.010144901559461,-0.0149330368990786,-0.0099631934323292,0.5629062928788925,0.5583707151503831,0.2080496382893293,22.71,23.45,28.65,0.12,0.12,0.13
2020-11-19,0.002689984481315,0.2390417001712884,0.5527161769027591,0.3853326200230373,0.01913309343476881,0.11622672632492893,23.11,-0.7300000000000004,-0.0306208053691274,28.925,-0.1045634550532049,0.11,0.0,-0.02,16.138143444277286,0.0,0,0.0,0.563,0.437,0,0,-0.0074069521195314,-0.0122844061505924,0.0353223762406433,0.5619289447369776,0.5615000911640295,0.2339302541708943,23.84,25.35,28.11,0.11,0.13,0.13
2020-11-20,-0.0085669563871154,0.2524482615871433,0.5548972592224592,0.3809899951159322,0.004286062799077811,0.09862381398440573,23.7,0.5899999999999999,0.0255300735612289,28.7325,-0.1102183610771516,0.11,0.0,-0.0099999999999999,16.35859971277254,0.0,0,0.0,0.5433333333333333,0.4566666666666666,0,0,0.002689984481315,0.0062626961245251,0.0090396618159409,0.5527161769027591,0.5608045788355948,0.2339830195119724,23.11,23.1,27.55,0.11,0.12,0.12
2020-11-23,0.0288033033822716,0.2562316378558311,0.5489823973086817,0.3847877247255052,0.004847563074805612,0.15208849585096001,22.66,-1.0399999999999991,-0.0438818565400843,28.2425,-0.0270031465257062,0.1,-0.0099999999999999,-0.0199999999999999,16.396424190187794,0.0,0,0.0,0.5780000000000001,0.4219999999999999,0,0,-0.0085669563871154,0.0282257921952715,-0.0247567934381329,0.5548972592224592,0.5591750210063725,0.2420813549808644,23.7,22.45,32.46,0.11,0.12,0.12
2020-11-24,0.0462375981715652,0.37733792694895,0.5549515621358625,0.3901289112933237,0.06024476400415051,0.21633508808829463,21.64,-1.0199999999999996,-0.0450132391879964,27.657,-0.0223451552015408,0.11,0.0099999999999999,-0.0099999999999999,16.817304472594696,0.0,0,0.0,0.612,0.388,1,0,0.0288033033822716,-0.010144901559461,-0.0188658721104935,0.5489823973086817,0.5629062928788925,0.2514832248335655,22.66,22.71,33.35,0.1,0.12,0.12
2020-11-25,-0.0104608107701664,0.3878492171617042,0.5415725541738602,0.3911190066132334,0.057163374165657116,0.23430930495610203,21.25,-0.3900000000000005,-0.0180221811460259,26.7055,0.216127757979731,0.11,0.0,-0.0099999999999999,16.276431930358036,0.0,0,0.0,0.625,0.375,0,0,0.0462375981715652,-0.0074069521195314,-0.0280881097373307,0.5549515621358625,0.5619289447369776,0.2726844921602433,21.64,23.84,40.28,0.11,0.11,0.12
2020-11-27,-0.0066376166553654,0.4063609091598721,0.5452559168914831,0.3909100281691019,0.04781725761679881,0.22114527558899824,20.84,-0.4100000000000001,-0.0192941176470587,25.868,0.2073822217747242,0.11,0.0,-0.0099999999999999,15.6045331186059,0.0,0,0.0,0.6386666666666667,0.3613333333333333,0,0,-0.0104608107701664,0.002689984481315,0.0065254845692683,0.5415725541738602,0.5527161769027591,0.2724577139427219,21.25,23.11,37.59,0.11,0.11,0.12
2020-11-30,-0.0275532922967881,0.4777395373071087,0.5625947129650655,0.3958695256337068,0.028481117046868114,0.1842916113457999,20.57,-0.2699999999999996,-0.0129558541266794,24.9955,0.1891012963201031,0.11,0.0,-0.02,16.48355794281696,0.0,0,0.0,0.6476666666666666,0.3523333333333334,0,0,-0.0066376166553654,-0.0085669563871154,0.0089535049424731,0.5452559168914831,0.5548972592224592,0.2722355502771625,20.84,23.7,38.02,0.11,0.11,0.13
2020-12-01,0.0157785394613709,0.4471854768267874,0.5610398028665782,0.3948864740576607,0.015740184068325114,0.17765526202090942,20.77,0.1999999999999993,0.0097228974234322,24.1775,0.1924220190406168,0.12,0.0099999999999999,-0.01,16.35466080820367,0.0,0,0.0,0.641,0.359,0,0,-0.0275532922967881,0.0288033033822716,0.0225420182673805,0.5625947129650655,0.5489823973086817,0.273641380325706,20.57,22.66,37.13,0.11,0.1,0.13
2020-12-02,0.0192084894217008,0.3095425571301798,0.5563509854898124,0.3882273843642901,-0.010433969787047585,0.16564698802744982,21.17,0.4000000000000021,0.0192585459797787,23.4585,0.2137752140102504,0.11,-0.0099999999999999,-0.03,16.196102533900092,0.0,0,0.0,0.6276666666666666,0.3723333333333334,0,0,0.0157785394613709,0.0462375981715652,0.031521203485141,0.5610398028665782,0.5549515621358625,0.2905684768626423,20.77,21.64,35.55,0.12,0.11,0.14
2020-12-03,-0.0065553528680049,0.3039985440712853,0.5399589961488118,0.3885643559884747,-0.006494993704488484,0.19010466375935972,21.28,0.1099999999999994,0.0051960321209258,23.044,0.0598919227553226,0.1,-0.0099999999999999,-0.0199999999999999,16.373078973939805,0.0,0,0.0,0.6239999999999999,0.3760000000000001,0,0,0.0192084894217008,-0.0104608107701664,-0.0305579792045401,0.5563509854898124,0.5415725541738602,0.308414340511578,21.17,21.25,29.57,0.11,0.11,0.12
2020-12-04,0.0090729966496831,0.3069628246470003,0.5277480233265527,0.387700513969468,0.009196834190598416,0.1590534307533851,20.79,-0.490000000000002,-0.0230263157894737,22.704500000000003,0.1229886711358524,0.11,0.0099999999999999,-0.0099999999999999,16.42438117610138,0.0,0,0.0,0.6403333333333334,0.3596666666666666,0,0,-0.0065553528680049,-0.0066376166553654,0.0408974953490186,0.5399589961488118,0.5452559168914831,0.3324810378977931,21.28,20.84,27.58,0.1,0.11,0.12
2020-12-07,-0.0037599085483316,0.181589218536464,0.5236650825552998,0.3875442275824258,0.033369843686148516,0.16869655702454373,21.3,0.5100000000000016,0.0245310245310246,22.5265,0.0441479150899208,0.1,-0.0099999999999999,-0.0199999999999999,16.090138568278853,0.0,0,0.0,0.6233333333333333,0.3766666666666667,0,0,0.0090729966496831,-0.0275532922967881,-0.0133206059532022,0.5277480233265527,0.5625947129650655,0.3357243642389708,20.79,20.57,24.86,0.11,0.11,0.12
2020-12-08,0.0009846009453067,0.1649855528228919,0.2793789610476522,0.3869522054931897,0.018698607804242016,0.042702307711411515,20.68,-0.620000000000001,-0.0291079812206572,22.273,-0.3216622500874363,0.1,0.0,-0.0199999999999999,16.076450505242057,0.0,0,0.0,0.644,0.356,0,0,-0.0037599085483316,0.0157785394613709,0.1353924542729103,0.5236650825552998,0.5610398028665782,0.5596671038519947,21.3,20.77,25.75,0.1,0.12,0.12
2020-12-09,-0.0077869518962492,0.1087828992242678,0.2810108545037115,0.380864767548588,-0.008145156014829683,0.03814073806330402,22.27,1.59,0.0768858800773695,22.1465,-0.3581837392978565,0.1,0.0,-0.0199999999999999,16.38612851084528,0.0,0,0.0,0.591,0.409,0,0,0.0009846009453067,0.0192084894217008,-0.0032505643136707,0.2793789610476522,0.5563509854898124,0.5544577374120006,20.68,21.17,24.8,0.1,0.11,0.12
2020-12-10,-0.0064436792881072,0.1084632619415025,0.2757463360729658,0.3814025456089976,-0.008032751862217384,0.04672186593510732,22.52,0.25,0.0112258643915581,22.1,-0.4519831461382633,0.1,0.0,-0.0199999999999999,16.430597230388063,0.0,0,0.0,0.5826666666666667,0.4173333333333333,0,0,-0.0077869518962492,-0.0065553528680049,-0.0149330368990786,0.2810108545037115,0.5399589961488118,0.5583707151503831,22.27,21.28,23.45,0.1,0.1,0.12
2020-12-11,-0.0059032533638221,0.054674315430778,0.2721177331840792,0.3806496604534702,-0.022985582598684887,0.05316160264348112,23.31,0.7899999999999991,0.0350799289520424,21.998,-0.4276222720946094,0.1,0.0,-0.03,16.116254056263283,0.0,0,0.0,0.5563333333333333,0.4436666666666666,0,0,-0.0064436792881072,0.0090729966496831,-0.0122844061505924,0.2757463360729658,0.5277480233265527,0.5615000911640295,22.52,20.79,25.35,0.1,0.11,0.13
2020-12-14,-0.0105386612730854,0.0680043614238025,0.2757154872809764,0.3815663451970466,-0.029813174053177884,0.03632384947891652,24.72,1.41,0.0604890604890604,22.079,-0.4962490732947414,0.1,0.0,-0.0199999999999999,16.309740361773144,0.0,0,0.0,0.5093333333333334,0.4906666666666666,0,0,-0.0059032533638221,-0.0037599085483316,0.0062626961245251,0.2721177331840792,0.5236650825552998,0.5608045788355948,23.31,21.3,23.1,0.1,0.1,0.12
2020-12-15,0.0170750990379424,0.1771991059111022,0.26455909027604,0.3756408269297798,-0.013866332561672485,0.02542002238570022,22.89,-1.8299999999999983,-0.0740291262135921,22.101,-0.4993978720160968,0.09,-0.01,-0.03,16.348429370944718,0.0,0,0.0,0.5703333333333334,0.4296666666666666,0,0,-0.0105386612730854,0.0009846009453067,0.0282257921952715,0.2757154872809764,0.2793789610476522,0.5591750210063725,24.72,20.68,22.45,0.1,0.1,0.12
2020-12-16,0.0029088462652855,0.1742959365168622,0.2610916755032771,0.3743469077516133,-0.003144280280640185,0.03852135792163302,22.5,-0.3900000000000005,-0.0170380078636959,22.0905,-0.495640258556934,0.09,0.0,-0.03,16.22868854382412,0.0,0,0.0,0.5833333333333333,0.4166666666666667,0,0,0.0170750990379424,-0.0077869518962492,-0.010144901559461,0.26455909027604,0.2810108545037115,0.5629062928788925,22.89,22.27,22.71,0.09,0.1,0.12
2020-12-17,-0.0082869674980525,0.1786568956839166,0.261532050549671,0.3728134646468898,-0.005001246174612085,0.03763438242433911,21.93,-0.5700000000000003,-0.0253333333333333,21.995,-0.4518371681452816,0.09,0.0,-0.02,16.268066263607945,0.0,0,0.0,0.6023333333333334,0.3976666666666666,0,0,0.0029088462652855,-0.0064436792881072,-0.0074069521195314,0.2610916755032771,0.2757463360729658,0.5619289447369776,22.5,22.52,23.84,0.09,0.1,0.11
2020-12-18,-0.0049300668333776,0.1770872563617259,0.2626203612800557,0.3731531422367816,-0.004022759436448885,0.03000574977226342,21.57,-0.3599999999999994,-0.0164158686730505,21.918,-0.4450317661292205,0.09,0.0,-0.02,17.181246585884857,0.0,0,0.0,0.6143333333333334,0.3856666666666666,0,0,-0.0082869674980525,-0.0059032533638221,0.002689984481315,0.261532050549671,0.2721177331840792,0.5527161769027591,21.93,23.31,23.11,0.09,0.1,0.11
2020-12-21,0.037537648505288,0.2937441968020863,0.2877831586804804,0.3789736831003978,0.043422086970741215,0.0754598736505799,25.16,3.59,0.1664348632359757,21.991,0.0462432641147165,0.09,0.0,-0.02,17.159205972661216,0.0,0,0.0,0.4946666666666667,0.5053333333333333,1,0,-0.0049300668333776,-0.0105386612730854,-0.0085669563871154,0.2626203612800557,0.2757154872809764,0.5548972592224592,21.57,24.72,23.7,0.09,0.1,0.11
2020-12-22,-0.0152163671443456,0.3243864726876167,0.2799128416795838,0.3779477188473409,0.011157804920731316,0.03173026423162592,24.23,-0.9299999999999996,-0.0369634340222575,22.0695,0.1616208130377022,0.09,0.0,-0.01,16.2826096739329,0.0,0,0.0,0.5256666666666667,0.4743333333333333,0,0,0.037537648505288,0.0170750990379424,0.0288033033822716,0.2877831586804804,0.26455909027604,0.5489823973086817,25.16,22.89,22.66,0.09,0.09,0.1
2020-12-23,0.0279443535776031,0.3714265725007808,0.2487253291490529,0.3800485116783917,0.03581421596907401,0.014090809886556512,23.31,-0.9200000000000016,-0.0379694593479158,22.153,0.2520526341077975,0.09,0.0,-0.02,16.52177256119325,0.0,0,0.0,0.5563333333333333,0.4436666666666666,0,0,-0.0152163671443456,0.0029088462652855,0.0462375981715652,0.2799128416795838,0.2610916755032771,0.5549515621358625,24.23,22.5,21.64,0.09,0.09,0.11
2020-12-24,-0.0043975417778092,0.3620677833157786,0.2460006129457443,0.3803572347616395,0.03972847186286611,0.02019948012154811,21.53,-1.7799999999999976,-0.0763620763620762,22.167,0.2521506255545485,0.1,0.01,-0.0099999999999999,15.242203063792777,0.0,0,0.0,0.6156666666666666,0.3843333333333334,0,0,0.0279443535776031,-0.0082869674980525,-0.0104608107701664,0.2487253291490529,0.261532050549671,0.5415725541738602,23.31,21.93,21.25,0.09,0.09,0.11
2020-12-28,0.0065853314263051,0.3450812176730496,0.245008643346179,0.3803383545560787,0.05123447442474822,0.03342296658021281,21.7,0.1699999999999981,0.0078959591267997,22.21,0.2448841154235725,0.11,0.0099999999999999,0.0,15.903986293149801,0.0,0,0.0,0.6100000000000001,0.3899999999999999,0,0,-0.0043975417778092,-0.0049300668333776,-0.0066376166553654,0.2460006129457443,0.2626203612800557,0.5452559168914831,21.53,21.57,20.84,0.1,0.09,0.11
2020-12-29,-0.0026329958472623,0.2555471603224777,0.2195935663771708,0.3804641338604159,0.011747745967044615,0.058726502570756414,23.08,1.379999999999999,0.0635944700460828,22.335500000000003,0.2089841533274135,0.11,0.0,0.0,15.942455841488947,0.0,0,0.0,0.5640000000000001,0.4359999999999999,0,0,0.0065853314263051,0.037537648505288,-0.0275532922967881,0.245008643346179,0.2877831586804804,0.5625947129650655,21.7,25.16,20.57,0.11,0.09,0.11
2020-12-30,0.0027998560323725,0.2036579640724082,0.2143975362123164,0.3788787669183738,0.02987701371816511,0.04586709388146591,22.77,-0.3099999999999987,-0.0134315424610051,22.4355,0.2102892960224579,0.12,0.0099999999999999,0.0,15.816720386546196,0.0,0,0.0,0.5743333333333334,0.4256666666666666,0,0,-0.0026329958472623,-0.0152163671443456,0.0157785394613709,0.2195935663771708,0.2799128416795838,0.5610398028665782,23.08,24.23,20.77,0.11,0.09,0.12
2020-12-31,0.0136406356329725,0.1151583146861302,0.2095541780819658,0.3781967614178993,0.015864418536079318,0.04038919820968341,22.75,-0.0199999999999995,-0.0008783487044355,22.5145,0.1937593298407073,0.1,-0.0199999999999999,-0.0099999999999999,15.964967897763174,0.0,0,0.0,0.575,0.425,0,0,0.0027998560323725,0.0279443535776031,0.0192084894217008,0.2143975362123164,0.2487253291490529,0.5563509854898124,22.77,23.31,21.17,0.12,0.09,0.11
2021-01-04,-0.0094435864856443,0.1393404317230643,0.2113851480195193,0.3782571071801447,0.010783198059168816,0.03747767188520541,26.97,4.219999999999999,0.1854945054945054,22.799,0.0386669340255172,0.1,0.0,0.0,16.638073326641575,0.0,0,0.0,0.4343333333333333,0.5656666666666667,0,0,0.0136406356329725,-0.0043975417778092,-0.0065553528680049,0.2095541780819658,0.2460006129457443,0.5399589961488118,22.75,21.53,21.28,0.1,0.1,0.1
2021-01-05,0.0054412022860637,0.1372931646510779,0.210149585416457,0.3767155561321016,0.009645907626471316,0.033872040016085715,25.34,-1.629999999999999,-0.0604375231738968,23.0265,0.0377077463243884,0.1,0.0,-0.0099999999999999,16.435181246606188,0.9,1,0.0,0.4886666666666667,0.5113333333333333,0,0,-0.0094435864856443,0.0065853314263051,0.0090729966496831,0.2113851480195193,0.245008643346179,0.5277480233265527,26.97,21.7,20.79,0.1,0.11,0.11
2021-01-06,0.0469558821256677,0.3310626754628176,0.2608367395831946,0.3859772019878502,0.058169169488705416,0.08352582837331332,25.07,-0.2699999999999996,-0.010655090765588,23.215,-0.008360777762149,0.11,0.0099999999999999,0.0099999999999999,17.03074379666338,0.0,0,0.0,0.4976666666666667,0.5023333333333333,1,0,0.0054412022860637,-0.0026329958472623,-0.0037599085483316,0.210149585416457,0.2195935663771708,0.5236650825552998,25.34,23.08,21.3,0.1,0.11,0.1
2021-01-07,0.0328395357745736,0.347335914577638,0.2788351649852626,0.3898756177365279,0.08768506575450752,0.1148535518317314,22.37,-2.6999999999999997,-0.1076984443558036,23.2995,-0.1400876294207745,0.11,0.0,0.0099999999999999,16.90384028976375,0.0,0,0.0,0.5876666666666666,0.4123333333333334,0,0,0.0469558821256677,0.0027998560323725,0.0009846009453067,0.2608367395831946,0.2143975362123164,0.2793789610476522,25.07,22.77,20.68,0.11,0.12,0.1
2021-01-08,0.0011038407296755,0.3670188243165372,0.2748508246860649,0.387462818577527,0.0752398580752855,0.12377421229979861,21.56,-0.8100000000000023,-0.0362092087617346,23.264000000000003,-0.0951108177247424,0.1,-0.0099999999999999,0.0,16.303338021353543,0.0,0,0.0,0.6146666666666667,0.3853333333333333,0,0,0.0328395357745736,0.0136406356329725,-0.0077869518962492,0.2788351649852626,0.2095541780819658,0.2810108545037115,22.37,22.75,22.27,0.11,0.1,0.1
2021-01-11,0.0149240034715987,0.2988920497948522,0.2722239718575737,0.3873130150409551,0.09954205422137372,0.14505247796879653,24.08,2.52,0.1168831168831168,23.342,-0.0505579180241171,0.1,0.0,0.0,16.584210541350707,0.0,0,0.0,0.5306666666666667,0.4693333333333332,0,0,0.0011038407296755,-0.0094435864856443,-0.0064436792881072,0.2748508246860649,0.2113851480195193,0.2757463360729658,21.56,26.97,22.52,0.1,0.1,0.1
2021-01-12,0.0157191732106725,0.2756654488079325,0.2691108682350298,0.3873927417071165,0.10971250842538041,0.16657013104015103,23.33,-0.75,-0.0311461794019933,23.343,-0.0454509833872118,0.11,0.0099999999999999,0.0099999999999999,16.70774175270242,0.0,0,0.0,0.5556666666666668,0.4443333333333332,0,0,0.0149240034715987,0.0054412022860637,-0.0059032533638221,0.2722239718575737,0.210149585416457,0.2721177331840792,24.08,25.34,23.31,0.1,0.1,0.1
2021-01-13,0.0009271170123104,0.2054915695999287,0.2613617462852236,0.3871925448225877,0.06475240234535841,0.1780914047718496,22.21,-1.1199999999999974,-0.0480068581225888,23.2175,0.0157494888212255,0.12,0.0099999999999999,0.0199999999999999,16.511272297581684,0.0,0,0.0,0.593,0.407,0,0,0.0157191732106725,0.0469558821256677,-0.0105386612730854,0.2691108682350298,0.2608367395831946,0.2757154872809764,23.33,25.07,24.72,0.11,0.11,0.1
2021-01-14,0.0058426815594267,0.113883314049764,0.259806572130599,0.3843403312276076,0.03826624163248892,0.1669861260258928,23.25,1.0399999999999991,0.0468257541647905,23.2355,0.0365437107421378,0.1,-0.0199999999999999,0.01,16.736821017813742,0.0,0,0.0,0.5583333333333333,0.4416666666666666,0,0,0.0009271170123104,0.0328395357745736,0.0170750990379424,0.2613617462852236,0.2788351649852626,0.26455909027604,22.21,22.37,22.89,0.12,0.11,0.09
2021-01-15,-0.0179218620693244,0.2176247652953657,0.2758290044675852,0.3874712528506543,0.01907860608799182,0.14599709866843064,24.34,1.09,0.0468817204301075,23.3275,-0.0126140188025685,0.1,0.0,0.01,17.143456047085813,0.0,0,0.0,0.522,0.478,0,0,0.0058426815594267,0.0011038407296755,0.0029088462652855,0.259806572130599,0.2748508246860649,0.2610916755032771,23.25,21.56,22.5,0.1,0.1,0.09
2021-01-19,-0.0043277768902746,0.1982592618019866,0.273186109050809,0.3866742157503722,-7.229899954568162e-05,0.1499814251438629,23.24,-1.1000000000000014,-0.0451930977814297,23.393,-0.0084041595739131,0.1,0.0,0.01,16.803402224132675,0.0,0,0.0,0.5586666666666666,0.4413333333333333,0,0,-0.0179218620693244,0.0149240034715987,-0.0082869674980525,0.2758290044675852,0.2722239718575737,0.261532050549671,24.34,24.08,21.93,0.1,0.1,0.09
2021-01-20,-0.0149954559608401,0.1625639340337648,0.2815817612540631,0.3841236745580174,-0.030778230211880385,0.1398146602647195,21.58,-1.66,-0.0714285714285714,23.3935,0.0457857239474917,0.1,0.0,0.01,16.589897724533134,0.0,0,0.0,0.6140000000000001,0.3859999999999999,0,0,-0.0043277768902746,0.0157191732106725,-0.0049300668333776,0.273186109050809,0.2691108682350298,0.2626203612800557,23.24,23.33,21.57,0.1,0.11,0.09
2021-01-21,-0.0083842683851085,0.149964145290386,0.2631608629076691,0.384961908419864,-0.04012453178372718,0.09454478601738121,21.32,-0.259999999999998,-0.0120481927710842,23.2015,-0.1748954253177152,0.1,0.0,0.01,16.411638092851216,0.0,0,0.0,0.6226666666666667,0.3773333333333333,0,0,-0.0149954559608401,0.0009271170123104,0.037537648505288,0.2815817612540631,0.2613617462852236,0.2877831586804804,21.58,22.21,25.16,0.1,0.12,0.09
2021-01-22,-0.0077135020182766,0.0899360053611735,0.2567890986327645,0.380898524599368,-0.05369361601808548,0.10213470508707602,21.91,0.5899999999999999,0.0276735459662289,23.0855,-0.2291080813982269,0.1,0.0,0.01,16.375308283914283,0.0,0,0.0,0.603,0.397,0,0,-0.0083842683851085,0.0058426815594267,-0.0152163671443456,0.2631608629076691,0.259806572130599,0.2799128416795838,21.32,23.25,24.23,0.1,0.1,0.09
2021-01-25,-0.0124821815514797,0.0671846209153188,0.2496514570611486,0.3793957613968379,-0.04816995079019448,0.062012931909162114,23.19,1.2800000000000011,0.0584208124144227,23.0795,-0.2377853821655111,0.1,0.0,0.01,16.469653595356682,0.0,0,0.0,0.5603333333333333,0.4396666666666666,0,0,-0.0077135020182766,-0.0179218620693244,0.0279443535776031,0.2567890986327645,0.2758290044675852,0.2487253291490529,21.91,24.34,23.31,0.1,0.1,0.09
2021-01-26,-0.0040872399130712,0.0683953696268439,0.2495295807113292,0.3734807684373786,-0.04792839747421508,0.06232455580678171,23.02,-0.1700000000000017,-0.0073307460112117,23.154,-0.2720462402617724,0.09,-0.01,-0.01,16.241003399480174,0.0,0,0.0,0.5660000000000001,0.4339999999999999,0,0,-0.0124821815514797,-0.0043277768902746,-0.0043975417778092,0.2496514570611486,0.273186109050809,0.2460006129457443,23.19,23.24,21.53,0.1,0.1,0.1
2021-01-27,-0.0282717271427327,0.1529798863338914,0.273298304637079,0.3798935909221108,-0.06149844116923468,0.02708174467073661,37.21,14.19,0.6164205039096438,23.9295,-0.4784254895450912,0.09,0.0,-0.02,16.683631083175424,0.0,0,0.0,0.0929999999999999,0.907,0,1,-0.0040872399130712,-0.0149954559608401,0.0065853314263051,0.2495295807113292,0.2815817612540631,0.245008643346179,23.02,21.58,21.7,0.09,0.1,0.11
2021-01-28,0.0175972870521319,0.2641248846399616,0.2786522695548586,0.380699696561935,-0.03563457952781668,0.047162460522519906,30.21,-7.0,-0.1881214727223864,24.286,-0.5070746846366644,0.08,-0.0099999999999999,-0.03,16.43740726853247,0.0,0,0.0,0.3263333333333332,0.6736666666666667,0,0,-0.0282717271427327,-0.0083842683851085,-0.0026329958472623,0.273298304637079,0.2631608629076691,0.2195935663771708,37.21,21.32,23.08,0.09,0.1,0.11
2021-01-29,-0.011067505639672,0.2657117302863797,0.2827165140313959,0.3803157648478804,-0.03902038073248158,0.03323731063642931,33.09,2.8800000000000026,0.0953326713008937,24.802,-0.5142903034667189,0.1,0.02,-0.0199999999999999,16.510684953849704,0.0,0,0.0,0.2303333333333331,0.7696666666666668,0,0,0.0175972870521319,-0.0077135020182766,0.0027998560323725,0.2786522695548586,0.2567890986327645,0.2143975362123164,30.21,21.91,22.77,0.08,0.1,0.12
2021-02-01,0.007383049428375,0.2804607450689036,0.2801058008589692,0.3762752837100084,-0.01910371423226858,0.02704479914081421,30.24,-2.850000000000005,-0.0861287398005441,25.1765,-0.5189043186660739,0.08,-0.02,-0.02,16.220715504430146,0.0,0,0.0,0.3253333333333333,0.6746666666666666,0,0,-0.011067505639672,-0.0124821815514797,0.0136406356329725,0.2827165140313959,0.2496514570611486,0.2095541780819658,33.09,23.19,22.75,0.1,0.1,0.1
2021-02-02,0.030782639151089,0.3703459776890832,0.2949203300769366,0.3729496939946909,0.01531025881806762,0.0668516165656805,25.56,-4.68,-0.1547619047619047,25.106,-0.540792151276122,0.08,0.0,-0.02,16.321330410941147,0.0,0,0.0,0.4813333333333334,0.5186666666666666,0,0,0.007383049428375,-0.0040872399130712,-0.0094435864856443,0.2801058008589692,0.2495295807113292,0.2113851480195193,30.24,23.02,26.97,0.08,0.09,0.1
2021-02-03,0.0114510508509906,0.2404646198271049,0.2962345869246681,0.3659605813701999,0.05537531091703082,0.07281114796129612,22.91,-2.6499999999999986,-0.103677621283255,24.9845,-0.5470637258192987,0.08,0.0,-0.02,16.176440122265063,0.0,0,0.0,0.5696666666666667,0.4303333333333333,0,0,0.030782639151089,-0.0282717271427327,0.0054412022860637,0.2949203300769366,0.273298304637079,0.210149585416457,25.56,37.21,25.34,0.08,0.09,0.1
2021-02-04,0.0230133779049903,0.2519988728976387,0.2618650096933832,0.3659356460755663,0.06068362735764012,0.04967691839145462,21.77,-1.1400000000000006,-0.0497599301615016,24.8195,-0.6254490262668508,0.07,-0.0099999999999999,-0.0399999999999999,16.334778456528827,0.0,0,0.0,0.6076666666666667,0.3923333333333333,0,0,0.0114510508509906,0.0175972870521319,0.0469558821256677,0.2962345869246681,0.2786522695548586,0.2608367395831946,22.91,30.21,25.07,0.08,0.08,0.11
2021-02-05,-0.0019531005320678,0.2021167210443166,0.2371825623750135,0.2634714094858231,0.06985782318739442,0.015410068069316215,20.87,-0.8999999999999986,-0.0413412953605879,24.7445,-0.6193430095767294,0.06,-0.01,-0.05,16.123212636827393,0.0,0,0.0,0.6376666666666666,0.3623333333333334,0,0,0.0230133779049903,-0.011067505639672,0.0328395357745736,0.2618650096933832,0.2827165140313959,0.2788351649852626,21.77,33.09,22.37,0.07,0.1,0.11
2021-02-08,0.0156543664782435,0.1934036596657313,0.2429125621905065,0.2644137388990332,0.07803499586254523,0.029839936928073914,21.24,0.3699999999999974,0.0177287973167223,24.7285,-0.6029188514149474,0.07,0.01,-0.03,16.131643562157937,0.0,0,0.0,0.6253333333333334,0.3746666666666666,0,0,-0.0019531005320678,0.007383049428375,0.0011038407296755,0.2371825623750135,0.2801058008589692,0.2748508246860649,20.87,30.24,21.56,0.06,0.08,0.1
2021-02-09,-0.0039958322704183,0.1820882849095123,0.238366304138833,0.2621184669926532,0.04371280138132562,0.011022363725632416,21.63,0.3900000000000005,0.0183615819209039,24.606,-0.6562309030742328,0.07,0.0,-0.03,15.968992328431874,0.0,0,0.0,0.6123333333333334,0.3876666666666666,0,0,0.0156543664782435,0.030782639151089,0.0149240034715987,0.2429125621905065,0.2949203300769366,0.2722239718575737,21.24,25.56,24.08,0.07,0.08,0.1
2021-02-10,0.0005731590961433,0.1882749353036033,0.231660003797204,0.2601338151980927,0.03289981246355002,-0.004001548000534285,21.99,0.3599999999999994,0.0166435506241331,24.539,-0.6632289302728697,0.07,0.0,-0.0399999999999999,16.149904444342155,0.0,0,0.0,0.6003333333333334,0.3996666666666666,0,0,-0.0039958322704183,0.0114510508509906,0.0157191732106725,0.238366304138833,0.2962345869246681,0.2691108682350298,21.63,22.91,23.33,0.07,0.08,0.11
2021-02-11,-0.0027925656762131,0.1276076917343493,0.2317967564424149,0.2604003698303375,0.00735077628640592,-0.007724707667497886,21.25,-0.7399999999999984,-0.0336516598453842,24.491,-0.6599590885085914,0.07,0.0,-0.0499999999999999,16.03482284044833,0.0,0,0.0,0.625,0.375,0,0,0.0005731590961433,0.0230133779049903,0.0009271170123104,0.231660003797204,0.2618650096933832,0.2613617462852236,21.99,21.77,22.21,0.07,0.07,0.12
2021-02-12,0.0142169188355991,0.1495529367332386,0.2365631009588552,0.2563993130100706,0.023422592797916718,0.0005664192347440145,19.97,-1.2800000000000011,-0.0602352941176471,24.327,-0.6710326335444851,0.06,-0.01,-0.04,15.934725664754273,0.0,0,0.0,0.6676666666666666,0.3323333333333333,0,0,-0.0027925656762131,-0.0019531005320678,0.0058426815594267,0.2317967564424149,0.2371825623750135,0.259806572130599,21.25,20.87,23.25,0.07,0.06,0.1
2021-02-16,0.024070645621786,0.1925586614788494,0.2406949374606795,0.2582578388713991,0.03167500609635262,0.04243633693643471,21.46,1.490000000000002,0.0746119178768154,24.183,-0.6041096413229189,0.08,0.02,-0.02,16.311241826271573,0.0,0,0.0,0.618,0.382,0,0,0.0142169188355991,0.0156543664782435,-0.0179218620693244,0.2365631009588552,0.2429125621905065,0.2758290044675852,19.97,21.24,24.34,0.06,0.07,0.1
2021-02-17,0.0031111243072792,0.1742539388777983,0.2394928937739281,0.2572036945594139,0.038785137809505224,0.04987980053468331,21.5,0.0399999999999991,0.0018639328984155,24.096,-0.6159316769536337,0.07,-0.0099999999999999,-0.03,16.195991532772485,0.0,0,0.0,0.6166666666666667,0.3833333333333333,0,0,0.024070645621786,-0.0039958322704183,-0.0043277768902746,0.2406949374606795,0.238366304138833,0.273186109050809,21.46,21.63,23.24,0.08,0.07,0.1
2021-02-18,0.003376911407392,0.1680063951155591,0.2302841027129208,0.2571930588664974,0.04158336535218092,0.06836004756352701,22.49,0.9899999999999984,0.0460465116279069,24.1415,-0.6764569867685941,0.06,-0.01,-0.04,16.175213047290395,0.0,0,0.0,0.5836666666666668,0.4163333333333332,0,0,0.0031111243072792,0.0005731590961433,-0.0149954559608401,0.2394928937739281,0.231660003797204,0.2815817612540631,21.5,21.99,21.58,0.07,0.07,0.1
2021-02-19,0.0166906869710936,0.1414275556312891,0.2303191096007888,0.2571074914304782,0.06093276571541582,0.09333258983164511,22.05,-0.4399999999999977,-0.0195642507781235,24.178,-0.6916008893041772,0.07,0.01,-0.03,16.29789745250039,0.0,0,0.0,0.5983333333333334,0.4016666666666666,0,0,0.003376911407392,-0.0027925656762131,-0.0083842683851085,0.2302841027129208,0.2317967564424149,0.2631608629076691,22.49,21.25,21.32,0.06,0.07,0.1
2021-02-22,0.0093905846901818,0.1413802964253138,0.2260554535634012,0.252431591626897,0.05616272677432102,0.11042276202715051,23.45,1.3999999999999986,0.0634920634920634,24.255000000000003,-0.6933661829544978,0.06,-0.01,-0.04,16.2568484756498,0.0,0,0.0,0.5516666666666667,0.4483333333333332,0,0,0.0166906869710936,0.0142169188355991,-0.0077135020182766,0.2303191096007888,0.2365631009588552,0.2567890986327645,22.05,19.97,21.91,0.07,0.06,0.1
2021-02-23,0.0080317480910327,0.0870611793293988,0.2157910149902339,0.2376214965296167,0.04037687794691152,0.1309831656735407,23.11,-0.3399999999999998,-0.0144989339019189,24.251,-0.707576663301686,0.08,0.02,-0.02,16.60264306724249,0.0,0,0.0,0.563,0.437,0,0,0.0093905846901818,0.024070645621786,-0.0124821815514797,0.2260554535634012,0.2406949374606795,0.2496514570611486,23.45,21.46,23.19,0.06,0.08,0.1
2021-02-24,0.0175946852374535,0.0946656108886229,0.2152415517644465,0.2375101408133179,0.05471227392212992,0.15252047193102833,21.34,-1.7699999999999996,-0.0765902206836867,24.167,-0.7295433681703998,0.08,0.0,-0.0099999999999999,16.52764580389764,0.0,0,0.0,0.622,0.378,0,0,0.0080317480910327,0.0031111243072792,-0.0040872399130712,0.2157910149902339,0.2394928937739281,0.2495295807113292,23.11,21.5,23.02,0.08,0.07,0.09
2021-02-25,-0.0135716349348345,0.1996003629652872,0.1863057755848527,0.2392698581325411,0.03767648007958602,0.16753496881234772,28.89,7.550000000000001,0.3537956888472353,23.751,-0.613956631446679,0.09,0.0099999999999999,0.0,16.71295176829219,0.0,0,0.0,0.3703333333333333,0.6296666666666667,0,0,0.0175946852374535,0.003376911407392,-0.0282717271427327,0.2152415517644465,0.2302841027129208,0.273298304637079,21.34,22.49,37.21,0.08,0.06,0.09
2021-02-26,-0.0265244300397978,0.2925314805436871,0.2209192917154001,0.2386797909025169,-0.005758997665093579,0.12320817169436821,27.95,-0.9400000000000012,-0.0325372101073035,23.638,-0.4532323711551217,0.08,-0.0099999999999999,0.0,16.802666207198083,0.0,0,0.0,0.4016666666666667,0.5983333333333333,0,0,-0.0135716349348345,0.0166906869710936,0.0175972870521319,0.1863057755848527,0.2303191096007888,0.2786522695548586,28.89,22.05,30.21,0.09,0.07,0.08
2021-03-01,0.0226269640405205,0.3337105035713797,0.2181355533826238,0.2404934929188357,0.007269006521594621,0.15671214928122673,23.35,-4.599999999999998,-0.1645796064400715,23.151,-0.4648099745498207,0.08,0.0,-0.02,16.51320741434747,0.0,0,0.0,0.5549999999999999,0.445,0,0,-0.0265244300397978,0.0093905846901818,-0.011067505639672,0.2209192917154001,0.2260554535634012,0.2827165140313959,27.95,23.45,33.09,0.08,0.06,0.1
2021-03-02,-0.0032560370828577,0.3293419197934037,0.2216722133830057,0.2388499475720231,-0.003992008260012578,0.14609487164579674,24.1,0.75,0.032119914346895,22.844,-0.4782273880222815,0.08,0.0,0.0,16.4702795954386,0.0,0,0.0,0.53,0.47,0,0,0.0226269640405205,0.0080317480910327,0.007383049428375,0.2181355533826238,0.2157910149902339,0.2801058008589692,23.35,23.11,30.24,0.08,0.08,0.08
2021-03-03,0.0193321623020443,0.3354602095583208,0.2095030371066986,0.2400028069424683,-0.00228602899219478,0.1349241841207659,26.67,2.5700000000000003,0.1066390041493776,22.8995,-0.3327718152398117,0.08,0.0,0.0,16.477454061178644,0.0,0,0.0,0.4443333333333332,0.5556666666666668,0,0,-0.0032560370828577,0.0175946852374535,0.030782639151089,0.2216722133830057,0.2152415517644465,0.2949203300769366,24.1,21.34,25.56,0.08,0.08,0.08
2021-03-04,-0.0153681457236029,0.3401978056894967,0.222898039440104,0.2430428344376618,-0.004108917271925281,0.10805074062339161,28.57,1.8999999999999984,0.0712410948631421,23.1825,-0.3458561265030743,0.08,0.0,0.0,16.815926894148426,0.0,0,0.0,0.381,0.619,0,0,0.0193321623020443,-0.0135716349348345,0.0114510508509906,0.2095030371066986,0.1863057755848527,0.2962345869246681,26.67,28.89,22.91,0.08,0.09,0.08
2021-03-05,0.0023243651307582,0.250645961648526,0.2134012391770246,0.2425766870694666,0.02509530024447372,0.08761984458120181,24.66,-3.91,-0.136856842842142,23.327,-0.2891334585222153,0.08,0.0,0.0099999999999999,16.731393076061586,0.0,0,0.0,0.5113333333333333,0.4886666666666667,0,0,-0.0153681457236029,-0.0265244300397978,0.0230133779049903,0.222898039440104,0.2209192917154001,0.2618650096933832,28.57,27.95,21.77,0.08,0.08,0.07
2021-03-08,0.0132528423499271,0.2167007335051188,0.2141951693210316,0.2432819900184816,0.015886320510980118,0.10274064660481241,25.47,0.8099999999999987,0.032846715328467,23.557,-0.2971490707265035,0.09,0.0099999999999999,0.03,16.65653455459597,0.0,0,0.0,0.4843333333333334,0.5156666666666666,0,0,0.0023243651307582,0.0226269640405205,-0.0019531005320678,0.2134012391770246,0.2181355533826238,0.2371825623750135,24.66,23.35,20.87,0.08,0.08,0.06
2021-03-09,-0.0070628302782422,0.2253919368711839,0.2146833246381879,0.2431366746410552,0.012059779887973118,0.08011965567122462,24.03,-1.4399999999999975,-0.0565371024734981,23.6965,-0.2653728694589709,0.1,0.01,0.03,16.602914059922973,0.0,0,0.0,0.5323333333333333,0.4676666666666667,0,0,0.0132528423499271,-0.0032560370828577,0.0156543664782435,0.2141951693210316,0.2216722133830057,0.2429125621905065,25.47,24.1,21.24,0.09,0.08,0.07
2021-03-10,0.0217351126547935,0.2367405788472195,0.2210581319168929,0.2447966162978223,0.014414382788550121,0.10562576552799041,22.56,-1.4700000000000024,-0.0611735330836455,23.743,-0.2937145645606929,0.08,-0.02,0.0099999999999999,16.47871686810821,0.0,0,0.0,0.5813333333333334,0.4186666666666666,0,0,-0.0070628302782422,0.0193321623020443,-0.0039958322704183,0.2146833246381879,0.2095030371066986,0.238366304138833,24.03,26.67,21.63,0.1,0.08,0.07
2021-03-11,-0.0052219076760408,0.1939421718587514,0.2236454175056864,0.2446776927956131,0.02466625297812852,0.0998171811379701,21.91,-0.6499999999999986,-0.0288120567375885,23.739,-0.2753948020360501,0.08,0.0,0.0099999999999999,16.28119199871808,0.0,0,0.0,0.603,0.397,0,0,0.0217351126547935,-0.0153681457236029,0.0005731590961433,0.2210581319168929,0.222898039440104,0.231660003797204,22.56,28.57,21.99,0.08,0.08,0.07
2021-03-12,0.0118586659508108,0.1975235722452086,0.2229009226258978,0.2431244898481341,0.03413348796614942,0.11440255626094531,20.69,-1.2199999999999989,-0.0556823368324965,23.711,-0.2990447252761645,0.09,0.0099999999999999,0.0199999999999999,16.36881553586667,0.0,0,0.0,0.6436666666666666,0.3563333333333334,0,0,-0.0052219076760408,0.0023243651307582,-0.0027925656762131,0.2236454175056864,0.2134012391770246,0.2317967564424149,21.91,24.66,21.25,0.08,0.08,0.07
2021-03-15,-0.0049952099268734,0.2028444054079668,0.2236818719502199,0.2425849695976575,0.01595996857124142,0.09527802237813711,20.03,-0.6600000000000001,-0.0318994683421942,23.714,-0.2670584275577931,0.08,-0.0099999999999999,0.02,16.30880699816301,0.0,0,0.0,0.6656666666666666,0.3343333333333333,0,0,0.0118586659508108,0.0132528423499271,0.0142169188355991,0.2229009226258978,0.2141951693210316,0.2365631009588552,20.69,25.47,19.97,0.09,0.09,0.06
2021-03-16,-0.0119714024004733,0.2209132288739522,0.2193857787634468,0.2448967552215731,0.01100422198624122,0.05944887156111321,19.79,-0.240000000000002,-0.0119820269595607,23.6305,-0.3178347615316215,0.07,-0.0099999999999999,-0.0099999999999999,16.365393211305456,0.0,0,0.0,0.6736666666666666,0.3263333333333333,0,0,-0.0049952099268734,-0.0070628302782422,0.024070645621786,0.2236818719502199,0.2146833246381879,0.2406949374606795,20.03,24.03,21.46,0.08,0.1,0.08
2021-03-17,0.0102924894969653,0.1667499774331663,0.220899610727952,0.243817391363163,-0.00025816844128408005,0.0665824592772011,19.23,-0.5599999999999987,-0.0282971197574531,23.517,-0.3222095816265942,0.07,0.0,0.0,16.451162166116955,0.0,0,0.0,0.6923333333333332,0.3076666666666667,0,0,-0.0119714024004733,0.0217351126547935,0.0031111243072792,0.2193857787634468,0.2210581319168929,0.2394928937739281,19.79,22.56,21.5,0.07,0.08,0.07
2021-03-18,0.0165065266729533,0.1929319867770964,0.2257005477718816,0.2442264253134382,0.02134919584207672,0.07958301162786591,21.58,2.349999999999998,0.1222048881955277,23.4715,-0.2541995181180898,0.08,0.0099999999999999,0.02,16.90192874495551,0.0,0,0.0,0.6140000000000001,0.3859999999999999,0,0,0.0102924894969653,-0.0052219076760408,0.003376911407392,0.220899610727952,0.2236454175056864,0.2302841027129208,19.23,21.91,22.49,0.07,0.08,0.06
2021-03-19,-0.0159214460911194,0.2233999030171991,0.2312129994364699,0.2385681693163018,-0.006489261026729681,0.04698052951879981,20.95,-0.629999999999999,-0.0291936978683966,23.416500000000003,-0.2176423878305372,0.07,-0.0099999999999999,0.0,17.812220258735607,0.0,0,0.0,0.635,0.365,0,0,0.0165065266729533,0.0118586659508108,0.0166906869710936,0.2257005477718816,0.2229009226258978,0.2303191096007888,21.58,20.69,22.05,0.08,0.09,0.07
2021-03-22,-0.0268789516303362,0.2919412341878535,0.2520700653718308,0.2438640986048989,-0.028728330500913783,0.01038696510290231,18.88,-2.0700000000000003,-0.0988066825775656,23.188,-0.1293044181833231,0.06,-0.01,0.0,16.808479065833914,0.0,0,0.0,0.704,0.296,0,0,-0.0159214460911194,-0.0049952099268734,0.0093905846901818,0.2312129994364699,0.2236818719502199,0.2260554535634012,20.95,20.03,23.45,0.07,0.08,0.06
2021-03-23,-0.0100020232560887,0.2895675650822305,0.253107443556904,0.2403123984218873,-0.026737073335148784,-0.007665079720947092,20.3,1.4200000000000017,0.0752118644067798,23.047500000000003,-0.147800300798008,0.08,0.02,0.0,16.653202153783575,0.0,0,0.0,0.6566666666666666,0.3433333333333334,0,0,-0.0268789516303362,-0.0119714024004733,0.0080317480910327,0.2520700653718308,0.2193857787634468,0.2157910149902339,18.88,19.79,23.11,0.06,0.07,0.08
2021-03-24,0.0077612502838468,0.2814954065496787,0.2462926817300303,0.239982519586948,-0.02924566910805268,-0.01737548375298149,21.2,0.8999999999999986,0.0443349753694579,23.0405,-0.0992969159411827,0.07,-0.0099999999999999,-0.0099999999999999,16.386579689810315,0.0,0,0.0,0.6266666666666667,0.3733333333333333,0,0,-0.0100020232560887,0.0102924894969653,0.0175946852374535,0.253107443556904,0.220899610727952,0.2152415517644465,20.3,19.23,21.34,0.08,0.07,0.08
2021-03-25,0.0128141142139741,0.2640422637204289,0.245926951052913,0.2406738514716247,-0.03288473575864348,0.00902179578963641,19.81,-1.3900000000000006,-0.0655660377358491,22.5865,0.035218110797553,0.07,0.0,-0.0199999999999999,16.563313446081192,0.0,0,0.0,0.673,0.3269999999999999,0,0,0.0077612502838468,0.0165065266729533,-0.0135716349348345,0.2462926817300303,0.2257005477718816,0.1863057755848527,21.2,21.58,28.89,0.07,0.08,0.09
2021-03-26,0.0166500534634743,0.2903332111908622,0.2296598138634002,0.2418213722907921,-0.0003222208885321799,0.052417306295361205,18.86,-0.9499999999999992,-0.0479555779909136,22.132,-0.0069531511787691,0.06,-0.01,-0.02,16.63417152799225,0.0,0,0.0,0.7046666666666667,0.2953333333333333,0,0,0.0128141142139741,-0.0159214460911194,-0.0265244300397978,0.245926951052913,0.2312129994364699,0.2209192917154001,19.81,20.95,27.95,0.07,0.07,0.08
2021-03-29,-0.0155394826489313,0.2266685129377422,0.2259243912658289,0.2450572007377021,0.011263090304744521,0.014381048886052211,20.74,1.879999999999999,0.0996818663838812,22.0015,0.0588470585581005,0.06,0.0,-0.02,16.68172059149064,0.0,0,0.0,0.6420000000000001,0.3579999999999999,0,0,0.0166500534634743,-0.0268789516303362,0.0226269640405205,0.2296598138634002,0.2520700653718308,0.2181355533826238,18.86,18.88,23.35,0.06,0.06,0.08
2021-03-30,0.0117895364025941,0.203749565725736,0.2286659821041778,0.2447625172928973,0.03303605110866122,0.02936297964772671,19.61,-1.129999999999999,-0.0544840887174541,21.777,0.0400120434184662,0.06,0.0,-0.02,16.394537361574656,0.0,0,0.0,0.6796666666666666,0.3203333333333333,0,0,-0.0155394826489313,-0.0100020232560887,-0.0032560370828577,0.2259243912658289,0.253107443556904,0.2216722133830057,20.74,20.3,24.1,0.06,0.08,0.08
2021-03-31,-0.0145650902597558,0.2522645057935105,0.2254755304857737,0.2461527242055114,0.01063256186543762,-0.004456892895349087,19.4,-0.2100000000000008,-0.0107088220295767,21.4135,-0.0754663311213854,0.07,0.01,-0.0099999999999999,16.63311453072486,0.0,0,0.0,0.6866666666666668,0.3133333333333332,0,0,0.0117895364025941,0.0077612502838468,0.0193321623020443,0.2286659821041778,0.2462926817300303,0.2095030371066986,19.61,21.2,26.67,0.06,0.07,0.08
2021-04-01,0.0097219180024819,0.2449944914544129,0.2205181548874636,0.2464641129888682,0.0075748179523294195,0.020705531013891113,17.33,-2.0700000000000003,-0.1067010309278351,20.8515,-0.0436715036980739,0.06,-0.01,-0.02,16.62259134291044,0.0,0,0.0,0.7556666666666667,0.2443333333333333,0,0,-0.0145650902597558,0.0128141142139741,-0.0153681457236029,0.2254755304857737,0.245926951052913,0.222898039440104,19.4,19.81,28.57,0.07,0.07,0.08
2021-04-05,0.0053008812039232,0.2125076372957815,0.2209982457343703,0.2300398392516399,-0.003651262022750781,0.023670744028136712,17.91,0.5800000000000018,0.0334679746105022,20.514,-0.0251433890115572,0.06,0.0,-0.02,16.418792734517798,0.9,1,0.0,0.7363333333333333,0.2636666666666667,0,0,0.0097219180024819,0.0166500534634743,0.0023243651307582,0.2205181548874636,0.2296598138634002,0.2134012391770246,17.33,18.86,24.66,0.06,0.06,0.08
2021-04-06,-0.0070305733709957,0.1808353601985781,0.2180942835071781,0.2224038223040471,0.0049548196452424195,0.003449548020314514,18.12,0.2100000000000008,0.0117252931323283,20.1465,-0.0746171379842296,0.06,0.0,-0.03,16.385952572360264,0.0,0,0.0,0.7293333333333333,0.2706666666666667,0,0,0.0053008812039232,-0.0155394826489313,0.0132528423499271,0.2209982457343703,0.2259243912658289,0.2141951693210316,17.91,20.74,25.47,0.06,0.06,0.09
2021-04-07,0.0156681013596329,0.1964987575156378,0.2228478510783537,0.2241108968400168,0.00878086228721452,0.026084062046968115,17.16,-0.9600000000000009,-0.0529801324503311,19.803,-0.1267255375761903,0.06,0.0,-0.04,16.643031318201995,0.0,0,0.0,0.7613333333333333,0.2386666666666667,0,0,-0.0070305733709957,0.0117895364025941,-0.0070628302782422,0.2180942835071781,0.2286659821041778,0.2146833246381879,18.12,19.61,24.03,0.06,0.06,0.1
2021-04-08,0.0012262898859933,0.1358007179244789,0.2097086726282668,0.2225867382782389,0.02467860341962292,0.005807327735723714,16.95,-0.2100000000000008,-0.0122377622377622,19.5225,-0.0727081623776384,0.05,-0.0099999999999999,-0.03,16.327991923253737,0.0,0,0.0,0.7683333333333333,0.2316666666666667,0,0,0.0156681013596329,-0.0145650902597558,0.0217351126547935,0.2228478510783537,0.2254755304857737,0.2210581319168929,17.16,19.4,22.56,0.06,0.07,0.08
2021-04-09,0.0074783372079789,0.1317683733664822,0.2101094141704966,0.2210887361579834,0.02245415226377462,0.018493430299537213,16.69,-0.259999999999998,-0.0153392330383479,19.2615,-0.0805076890273279,0.06,0.0099999999999999,-0.02,16.310565621296004,0.0,0,0.0,0.7769999999999999,0.2230000000000001,0,0,0.0012262898859933,0.0097219180024819,-0.0052219076760408,0.2097086726282668,0.2205181548874636,0.2236454175056864,16.95,17.33,21.91,0.05,0.06,0.08
2021-04-12,-0.0021118888200766,0.1392164440703236,0.2063365847097418,0.2212339959273948,0.01505314927477722,0.0045904053367645135,16.91,0.2199999999999988,0.0131815458358297,19.0725,-0.0527823385583936,0.06,0.0,-0.03,16.322944958393883,0.0,0,0.0,0.7696666666666667,0.2303333333333332,0,0,0.0074783372079789,0.0053008812039232,0.0118586659508108,0.2101094141704966,0.2209982457343703,0.2229009226258978,16.69,17.91,20.69,0.06,0.06,0.09
2021-04-13,-0.0119268616751225,0.1639580179311585,0.2101470196276075,0.2228770379053934,0.01010999624948452,-0.0024004243014423866,16.65,-0.2600000000000015,-0.0153755174452987,18.9035,-0.0540956882437363,0.06,0.0,-0.02,16.595174255935394,0.0,0,0.0,0.7783333333333333,0.2216666666666666,0,0,-0.0021118888200766,-0.0070305733709957,-0.0049952099268734,0.2063365847097418,0.2180942835071781,0.2236818719502199,16.91,18.12,20.03,0.06,0.06,0.08
2021-04-14,-0.0186901122284524,0.1671120599593484,0.2165792074436387,0.2231771779877852,-0.02430360727182848,-0.009223767211101588,16.99,0.3399999999999998,0.0204204204204203,18.7635,-0.0882915014417459,0.06,0.0,-0.01,16.808218312267673,0.0,0,0.0,0.767,0.2329999999999999,0,0,-0.0119268616751225,0.0156681013596329,-0.0119714024004733,0.2101470196276075,0.2228478510783537,0.2193857787634468,16.65,17.16,19.79,0.06,0.06,0.07
2021-04-15,0.006348541799896,0.1820772822515194,0.214450529814887,0.2230469961383513,-0.01920067118364838,-0.01313517500664059,16.57,-0.4199999999999981,-0.0247204237786932,18.6305,-0.0819986165521972,0.06,0.0,-0.01,16.688741865158832,0.0,0,0.0,0.781,0.2189999999999999,0,0,-0.0186901122284524,0.0012262898859933,0.0102924894969653,0.2165792074436387,0.2097086726282668,0.220899610727952,16.99,16.95,19.23,0.06,0.05,0.07
2021-04-16,0.0074261590065507,0.1818752076552534,0.2072446883343303,0.2205483174459776,-0.019252463416518883,-0.02210822895905839,16.25,-0.3200000000000003,-0.0193120096560048,18.364,-0.278568013180587,0.06,0.0,-0.02,16.438249826410654,0.0,0,0.0,0.7916666666666666,0.2083333333333333,0,0,0.006348541799896,0.0074783372079789,0.0165065266729533,0.214450529814887,0.2101094141704966,0.2257005477718816,16.57,16.69,21.58,0.06,0.06,0.08
2021-04-19,-0.0042399691143555,0.1812214808447012,0.2000676246345909,0.219863436507729,-0.02138732468679768,-0.010307658323303489,17.29,1.0399999999999991,0.064,18.181,-0.316368673817162,0.08,0.02,0.0099999999999999,16.29206584869541,0.0,0,0.0,0.757,0.243,0,0,0.0074261590065507,-0.0021118888200766,-0.0159214460911194,0.2072446883343303,0.2063365847097418,0.2312129994364699,16.25,16.91,20.95,0.06,0.06,0.07
2021-04-20,-0.022142220907687,0.2199886745245496,0.1920442466706948,0.2246799252084384,-0.03177980703016858,-0.005451900830697187,18.68,1.3900000000000006,0.0803932909196067,18.171,-0.6902058375097831,0.07,-0.0099999999999999,0.01,16.43412469945378,0.0,0,0.0,0.7106666666666667,0.2893333333333333,0,0,-0.0042399691143555,-0.0119268616751225,-0.0268789516303362,0.2000676246345909,0.2101470196276075,0.2520700653718308,17.29,16.65,18.88,0.08,0.06,0.06
2021-04-21,0.0085077785237197,0.2072869547660592,0.1907853440199296,0.2230175278976692,-0.004441036060221278,0.013072270063825914,17.5,-1.1799999999999995,-0.063169164882227,18.031,-0.6857306206587626,0.07,0.0,-0.0099999999999999,16.319950272575966,0.0,0,0.0,0.75,0.25,0,0,-0.022142220907687,-0.0186901122284524,-0.0100020232560887,0.1920442466706948,0.2165792074436387,0.253107443556904,18.68,16.99,20.3,0.07,0.06,0.08
2021-04-22,-0.0210573221004201,0.2372421351232146,0.2038587134697307,0.2278430047892654,-0.032051700606746475,-0.01594120650533439,18.71,1.2100000000000009,0.0691428571428571,17.9065,-0.7724561454105481,0.06,-0.01,-0.01,16.54049004658657,0.0,0,0.0,0.7096666666666667,0.2903333333333333,0,0,0.0085077785237197,0.006348541799896,0.0077612502838468,0.1907853440199296,0.214450529814887,0.2462926817300303,17.5,16.57,21.2,0.07,0.06,0.07
2021-04-23,0.0191353335409614,0.2883064167191122,0.2104260627654524,0.2212781834374849,-0.02049586588062638,-0.009719359081041289,17.33,-1.3800000000000026,-0.0737573490112241,17.7825,-0.7802630695399386,0.07,0.01,0.0,16.45755634625674,0.0,0,0.0,0.7556666666666667,0.2443333333333333,0,0,-0.0210573221004201,0.0074261590065507,0.0128141142139741,0.2038587134697307,0.2072446883343303,0.245926951052913,18.71,16.25,19.81,0.06,0.06,0.07
2021-04-26,0.0024639777294765,0.2919984594942764,0.20107409839112,0.2191576855502446,-0.01378593549479158,-0.02377137292956289,17.64,0.3100000000000023,0.0178880553952685,17.7215,-0.7630083259370944,0.06,-0.01,0.0,16.194973447889005,0.0,0,0.0,0.7453333333333333,0.2546666666666667,0,0,0.0191353335409614,-0.0042399691143555,0.0166500534634743,0.2104260627654524,0.2000676246345909,0.2296598138634002,17.33,17.29,18.86,0.07,0.08,0.06
2021-04-27,0.0045826985801395,0.234949574400762,0.194476949779266,0.2173323310409514,0.01317733416582532,-0.003537656969616389,17.56,-0.0800000000000018,-0.0045351473922903,17.5625,-0.7412153974060115,0.06,0.0,0.0,16.36661068681621,0.0,0,0.0,0.748,0.252,0,0,0.0024639777294765,-0.022142220907687,-0.0155394826489313,0.20107409839112,0.1920442466706948,0.2259243912658289,17.64,18.68,20.74,0.06,0.07,0.06
2021-04-28,0.0064793284201374,0.232217623329842,0.1910745070827818,0.2172596123116895,0.011163970624383217,-0.008799810420452088,17.28,-0.2799999999999976,-0.0159453302961274,17.446,-0.726417008380743,0.05,-0.0099999999999999,-0.0099999999999999,16.00646004358566,0.0,0,0.0,0.7573333333333333,0.2426666666666667,0,0,0.0045826985801395,0.0085077785237197,0.0117895364025941,0.194476949779266,0.1907853440199296,0.2286659821041778,17.56,17.5,19.61,0.06,0.07,0.06
2021-04-29,0.0194443507461528,0.1290016529400858,0.1954624979716968,0.2123991477292359,0.05170388516932862,0.02513011679855661,17.61,0.3299999999999983,0.0190972222222221,17.3565,-0.6743695812469113,0.05,0.0,-0.02,16.3786814888084,0.0,0,0.0,0.7463333333333333,0.2536666666666667,0,0,0.0064793284201374,-0.0210573221004201,-0.0145650902597558,0.1910745070827818,0.2038587134697307,0.2254755304857737,17.28,18.71,19.4,0.05,0.06,0.07
2021-04-30,-0.0088925144257229,0.1599052924797911,0.195992055918666,0.2128877127464801,0.023817040795229723,0.006522863761859012,18.61,1.0,0.056785917092561,17.420499999999997,-0.7081486088472813,0.05,0.0,-0.0099999999999999,16.275535287661036,0.0,0,0.0,0.7130000000000001,0.2869999999999999,0,0,0.0194443507461528,0.0191353335409614,0.0097219180024819,0.1954624979716968,0.2104260627654524,0.2205181548874636,17.61,17.33,17.33,0.05,0.07,0.06
2021-05-03,-0.0029257871130582,0.16911083406485,0.1954030383519488,0.2087928132370232,0.01842601808664652,-0.0016940928201655881,18.31,-0.3000000000000007,-0.0161203653949489,17.4405,-0.7256990220419612,0.06,0.0099999999999999,0.0,16.28370339016799,0.0,0,0.0,0.7230000000000001,0.2769999999999999,0,0,-0.0088925144257229,0.0024639777294765,0.0053008812039232,0.195992055918666,0.20107409839112,0.2209982457343703,18.61,17.64,17.91,0.05,0.06,0.06
2021-05-04,0.0138240413050774,0.183978578531947,0.1994552096358621,0.2100499199923731,0.02758314892500332,0.01909067231014451,19.48,1.1700000000000017,0.0638995084653195,17.5085,-0.5947069904713433,0.06,0.0,0.0,16.37874313490879,0.0,0,0.0,0.6839999999999999,0.316,0,0,-0.0029257871130582,0.0045826985801395,-0.0070305733709957,0.1954030383519488,0.194476949779266,0.2180942835071781,18.31,17.56,18.12,0.06,0.06,0.06
2021-05-05,0.0131204306853465,0.1918553697638935,0.1972047484997818,0.2094284472091613,0.034159824498826624,0.016579151791160013,19.15,-0.3300000000000018,-0.0169404517453799,17.607999999999997,-0.5683370954227175,0.06,0.0,0.0,16.167523802047,0.0,0,0.0,0.6950000000000001,0.3049999999999999,0,0,0.0138240413050774,0.0064793284201374,0.0156681013596329,0.1994552096358621,0.1910745070827818,0.2228478510783537,19.48,17.28,17.16,0.06,0.05,0.06
2021-05-06,0.0201245609517932,0.1946155529044755,0.2085476977192772,0.2121989418409527,0.03482683822604942,0.03527835160498311,18.39,-0.759999999999998,-0.0396866840731069,17.68,-0.6017015361617893,0.05,-0.0099999999999999,0.0,16.421336136168105,0.0,0,0.0,0.7203333333333333,0.2796666666666667,0,0,0.0131204306853465,0.0194443507461528,0.0012262898859933,0.1972047484997818,0.1954624979716968,0.2097086726282668,19.15,17.61,16.95,0.06,0.05,0.05
2021-05-07,0.0034224224573082,0.1443082205903126,0.2075781318556877,0.2121718043724459,0.047175706327516324,0.031244417825600716,16.69,-1.6999999999999993,-0.0924415443175639,17.68,-0.5480389770898348,0.05,0.0,-0.0099999999999999,16.47281475348558,0.0,0,0.0,0.7769999999999999,0.2230000000000001,0,0,0.0201245609517932,-0.0088925144257229,0.0074783372079789,0.2085476977192772,0.195992055918666,0.2101094141704966,18.39,18.61,16.69,0.05,0.05,0.06
2021-05-10,-0.0001237193510116,0.1298054415869496,0.207230535655772,0.2119578260302689,0.049982054917641024,0.03323481282269822,19.66,2.969999999999999,0.1779508687837028,17.8175,-0.4441324631646463,0.05,0.0,-0.0099999999999999,16.455588866203435,0.0,0,0.0,0.6779999999999999,0.322,0,0,0.0034224224573082,-0.0029257871130582,-0.0021118888200766,0.2075781318556877,0.1954030383519488,0.2063365847097418,16.69,18.31,16.91,0.05,0.06,0.06
2021-05-11,-0.0166230556829699,0.2221887387147338,0.2120302653132518,0.2141879527843473,0.01948992494462332,0.028470601005283317,21.84,2.18,0.11088504577823,18.077,-0.5394797534737638,0.05,0.0,-0.0099999999999999,16.55322965233517,0.0,0,0.0,0.6053333333333333,0.3946666666666667,0,0,-0.0001237193510116,0.0138240413050774,-0.0119268616751225,0.207230535655772,0.1994552096358621,0.2101470196276075,19.66,19.48,16.65,0.05,0.06,0.06
2021-05-12,-0.006875687478245,0.2155131229209358,0.2007986823988619,0.2100630333652421,-0.0004446123624454812,0.040438146700543014,27.59,5.75,0.2632783882783882,18.607,-0.5391709029815757,0.05,0.0,-0.0099999999999999,16.48146719255223,0.0,0,0.0,0.4136666666666666,0.5863333333333334,0,0,-0.0166230556829699,0.0131204306853465,-0.0186901122284524,0.2120302653132518,0.1972047484997818,0.2165792074436387,21.84,19.15,16.99,0.05,0.06,0.06
2021-05-13,0.0257225563140708,0.2485067376869975,0.2169794801784878,0.2156784029917812,0.00502794644820722,0.05950696923683871,23.13,-4.460000000000001,-0.1616527727437477,18.935,-0.6141709741770534,0.05,0.0,-0.0099999999999999,16.54955340429689,0.0,0,0.0,0.5623333333333334,0.4376666666666666,0,0,-0.006875687478245,0.0201245609517932,0.006348541799896,0.2007986823988619,0.2085476977192772,0.214450529814887,27.59,18.39,16.57,0.05,0.05,0.06
2021-05-14,0.0155420014169389,0.2695691365298714,0.2209813563416756,0.2174405675803637,0.01703382866537522,0.06753070990749481,18.81,-4.32,-0.1867704280155642,19.063,-0.6270241627610211,0.06,0.0099999999999999,0.0,16.174854079259163,0.0,0,0.0,0.7063333333333334,0.2936666666666666,0,0,0.0257225563140708,0.0034224224573082,0.0074261590065507,0.2169794801784878,0.2075781318556877,0.2072446883343303,23.13,16.69,16.25,0.05,0.05,0.06
2021-05-17,0.004024068977223,0.2677493541737619,0.2191384261488814,0.2153855157159934,0.02117354973732812,0.07579568724682402,19.72,0.91,0.0483785220627326,19.1845,-0.6191785918026312,0.06,0.0,-0.02,16.106711193236638,0.0,0,0.0,0.676,0.3239999999999999,0,0,0.0155420014169389,-0.0001237193510116,-0.0042399691143555,0.2209813563416756,0.207230535655772,0.2000676246345909,18.81,19.66,17.29,0.06,0.05,0.08
2021-05-18,-0.0140889444291651,0.2553713553176687,0.2077816220339969,0.2172904519555521,0.02374718310399812,0.08399759113945002,21.34,1.620000000000001,0.0821501014198784,19.317500000000003,-0.6325524080889173,0.06,0.0,-0.01,16.222284570565446,0.0,0,0.0,0.622,0.378,0,0,0.004024068977223,-0.0166230556829699,-0.022142220907687,0.2191384261488814,0.2120302653132518,0.1920442466706948,19.72,21.84,18.68,0.06,0.05,0.07
2021-05-19,-0.0076377583382281,0.2576255813196608,0.2112491682588211,0.21765518272276,0.022979541645233623,0.06785872440599791,22.18,0.8399999999999999,0.0393626991565136,19.5515,-0.6272580927675953,0.05,-0.0099999999999999,-0.02,16.401686942563998,0.0,0,0.0,0.5940000000000001,0.4059999999999999,0,0,-0.0140889444291651,-0.006875687478245,0.0085077785237197,0.2077816220339969,0.2007986823988619,0.1907853440199296,21.34,27.59,17.5,0.06,0.05,0.07
2021-05-20,-0.0017380021179876,0.1798914258941145,0.1914337699817973,0.2150842718890351,-0.0041572697818404785,0.08740140006174472,20.67,-1.509999999999998,-0.0680793507664562,19.6495,-0.6095657767643464,0.05,0.0,-0.0099999999999999,16.159813340224243,0.0,0,0.0,0.6443333333333332,0.3556666666666668,0,0,-0.0076377583382281,0.0257225563140708,-0.0210573221004201,0.2112491682588211,0.2169794801784878,0.2038587134697307,22.18,23.13,18.71,0.05,0.05,0.06
2021-05-21,0.0113785373418071,0.1574738693552081,0.1855440276262945,0.2139479735952992,-0.008265442599778478,0.07976113318834271,20.15,-0.5200000000000031,-0.0251572327044026,19.7905,-0.5947443971751644,0.04,-0.01,-0.03,16.14269079538419,0.0,0,0.0,0.6616666666666667,0.3383333333333332,0,0,-0.0017380021179876,0.0155420014169389,0.0191353335409614,0.1914337699817973,0.2209813563416756,0.2104260627654524,20.67,18.81,17.33,0.05,0.06,0.07
2021-05-24,0.0054100278937523,0.1608703635924963,0.185516080054766,0.2058492268034163,-0.0068859904062832785,0.08269563233533231,18.4,-1.75,-0.086848635235732,19.8285,-0.586750969163076,0.04,0.0,-0.0199999999999999,16.060498423206568,0.0,0,0.0,0.72,0.28,0,0,0.0113785373418071,0.004024068977223,0.0024639777294765,0.1855440276262945,0.2191384261488814,0.20107409839112,20.15,19.72,17.64,0.04,0.06,0.06
2021-05-25,-0.0103336832131086,0.1430755541895012,0.1925159828028669,0.202828532938454,-0.0030843010455435796,0.06773595592808111,18.84,0.4400000000000013,0.0239130434782608,19.8925,-0.5740044327791549,0.04,0.0,-0.0199999999999999,16.349929412774763,0.0,0,0.0,0.7053333333333334,0.2946666666666666,0,0,0.0054100278937523,-0.0140889444291651,0.0045826985801395,0.185516080054766,0.2077816220339969,0.194476949779266,18.4,21.34,17.56,0.04,0.06,0.06
2021-05-26,-0.0001240052181051,0.1289866504331887,0.1925409364015072,0.2026283533088189,0.00445876143460622,0.061153515216220915,17.36,-1.4800000000000004,-0.078556263269639,19.8965,-0.5505178018471375,0.04,0.0,-0.01,16.38493458146626,0.0,0,0.0,0.7546666666666667,0.2453333333333333,0,0,-0.0103336832131086,-0.0076377583382281,0.0064793284201374,0.1925159828028669,0.2112491682588211,0.1910745070827818,18.84,22.18,17.28,0.04,0.05,0.05
2021-05-27,0.0155722153453243,0.160729007542203,0.188730365285837,0.2013806026736584,0.02165048823280382,0.05734800312521991,16.74,-0.620000000000001,-0.0357142857142858,19.853,-0.5901303379343449,0.04,0.0,-0.01,16.56964892692309,0.0,0,0.0,0.7753333333333334,0.2246666666666665,0,0,-0.0001240052181051,-0.0017380021179876,0.0194443507461528,0.1925409364015072,0.1914337699817973,0.1954624979716968,17.36,20.67,17.61,0.04,0.05,0.05
2021-05-28,-0.0006693260516302,0.150086653555769,0.1841008763982752,0.1983717211284765,0.009666649385644219,0.06561074177875721,16.76,0.0200000000000031,0.0011947431302272,19.7605,-0.5811459817218244,0.05,0.01,0.0,16.146809533248714,0.0,0,0.0,0.7746666666666666,0.2253333333333333,0,0,0.0155722153453243,0.0113785373418071,-0.0088925144257229,0.188730365285837,0.1855440276262945,0.195992055918666,16.74,20.15,18.61,0.04,0.04,0.05
2021-06-01,0.0110206204675205,0.162832256922307,0.1844880752008065,0.199303573147938,0.015231539065721517,0.07950115331440731,17.9,1.139999999999997,0.0680190930787587,19.74,-0.5596837852986284,0.04,-0.01,-0.0199999999999999,16.061038514342602,0.0,0,0.0,0.7366666666666667,0.2633333333333333,0,0,-0.0006693260516302,0.0054100278937523,-0.0029257871130582,0.1841008763982752,0.185516080054766,0.1954030383519488,16.76,18.4,18.31,0.05,0.04,0.06
2021-06-02,6.0015598566387496e-05,0.1197144506183189,0.181254759877998,0.197885551601096,0.025678999282922423,0.06583180628600023,17.48,-0.4199999999999981,-0.0234636871508379,19.64,-0.5964112917922871,0.05,0.01,-0.0099999999999999,16.16675256815553,0.0,0,0.0,0.7506666666666666,0.2493333333333334,0,0,0.0110206204675205,-0.0103336832131086,0.0138240413050774,0.1844880752008065,0.1925159828028669,0.1994552096358621,17.9,18.84,19.48,0.04,0.04,0.06
2021-06-03,0.0006623289912941,0.1176507722822658,0.1777197693440161,0.1970893271708843,0.026465121938560123,0.05345881265595442,18.04,0.5599999999999987,0.0320366132723111,19.5845,-0.6025954749012342,0.04,-0.01,-0.0199999999999999,16.407356551404998,0.0,0,0.0,0.732,0.268,0,0,6.0015598566387496e-05,-0.0001240052181051,0.0131204306853465,0.181254759877998,0.1925409364015072,0.1972047484997818,17.48,17.36,19.15,0.05,0.04,0.06
2021-06-04,0.0016248974692314,0.0760151493067181,0.1656181363571063,0.1926774544709932,0.012636488087947524,0.03515765298711802,16.42,-1.6199999999999974,-0.0898004434589798,19.486,-0.6014418691987816,0.05,0.01,0.0,15.95684662067946,0.0,0,0.0,0.7859999999999999,0.214,0,0,0.0006623289912941,0.0155722153453243,0.0201245609517932,0.1777197693440161,0.188730365285837,0.2085476977192772,18.04,16.74,18.39,0.04,0.04,0.05
2021-06-07,-0.0046862196281829,0.0906546545641916,0.1670385421191696,0.1926029524949076,0.008608803857705823,0.027043839308946716,16.42,0.0,0.0,19.472500000000004,-0.599517833420962,0.05,0.0,0.0,15.798881768497946,0.0,0,0.0,0.7859999999999999,0.214,0,0,0.0016248974692314,-0.0006693260516302,0.0034224224573082,0.1656181363571063,0.1841008763982752,0.2075781318556877,16.42,16.76,16.69,0.05,0.05,0.05
2021-06-08,-0.0039840938603757,0.0456169627386265,0.1680531692976479,0.191638060970591,-0.006343583588292977,0.023175514808473317,17.07,0.6499999999999986,0.0395858708891594,19.343,-0.6388770201928254,0.05,0.0,0.0,16.154495176763827,0.0,0,0.0,0.7643333333333333,0.2356666666666667,0,0,-0.0046862196281829,0.0110206204675205,-0.0001237193510116,0.1670385421191696,0.1844880752008065,0.207230535655772,16.42,17.9,19.66,0.05,0.04,0.05
2021-06-09,-0.0124850614165772,0.0894373814333335,0.1626893057625544,0.1932712641750162,-0.01896725202786218,0.027374629313514715,17.89,0.8200000000000003,0.0480374926772115,19.1455,-0.6075311985066821,0.05,0.0,0.0,16.331382867801562,0.0,0,0.0,0.737,0.263,0,0,-0.0039840938603757,6.0015598566387496e-05,-0.0166230556829699,0.1680531692976479,0.181254759877998,0.2120302653132518,17.07,17.48,21.84,0.05,0.05,0.05
2021-06-10,-0.0155883454854607,0.1109886104901201,0.1714023394197019,0.1944620656871128,-0.03534048310527578,0.01856294191312412,16.1,-1.7899999999999991,-0.1000558971492453,18.571,-0.5020151589834377,0.05,0.0,0.0,16.310318114941868,0.0,0,0.0,0.7966666666666666,0.2033333333333333,0,0,-0.0124850614165772,0.0006623289912941,-0.006875687478245,0.1626893057625544,0.1777197693440161,0.2007986823988619,17.89,18.04,27.59,0.05,0.04,0.05
2021-06-11,-0.0006858088103824,0.1002892681246571,0.1449861142676863,0.1934905233405413,-0.03765010594176128,-0.00752039940285048,15.65,-0.450000000000001,-0.0279503105590063,18.197,-0.3575084584685971,0.05,0.0,0.0,16.431723282442466,0.0,0,0.0,0.8116666666666666,0.1883333333333333,0,0,-0.0155883454854607,0.0016248974692314,0.0257225563140708,0.1714023394197019,0.1656181363571063,0.2169794801784878,16.1,16.42,23.13,0.05,0.05,0.05
2021-06-14,-0.016969060026071,0.1157458124752121,0.1439605577624616,0.1940366995081156,-0.050067555841729686,-0.040057545198158184,16.39,0.7400000000000002,0.0472843450479232,18.076,-0.2305804199290087,0.05,0.0,-0.0099999999999999,16.807129433082817,0.0,0,0.0,0.7869999999999999,0.213,0,0,-0.0006858088103824,-0.0046862196281829,0.0155420014169389,0.1449861142676863,0.1670385421191696,0.2209813563416756,15.65,16.42,18.81,0.05,0.05,0.06
2021-06-15,-0.0151681534451166,0.1060961589532977,0.149454760080835,0.1937710176362323,-0.06135987087722188,-0.05935790580607668,17.02,0.629999999999999,0.0384380719951189,17.941000000000003,-0.3138891558583489,0.08,0.03,0.02,17.013591704416267,0.0,0,0.0,0.766,0.2339999999999999,0,0,-0.016969060026071,-0.0039840938603757,0.004024068977223,0.1439605577624616,0.1680531692976479,0.2191384261488814,16.39,17.07,19.72,0.05,0.05,0.06
2021-06-16,0.0070242282864105,0.1727040479621593,0.1472639472024397,0.185666961278392,-0.04179654292102468,-0.03816909671150808,18.15,1.129999999999999,0.0663924794359576,17.7815,-0.1493422516750557,0.08,0.0,0.02,17.047152586974747,0.0,0,0.0,0.7283333333333334,0.2716666666666666,0,0,-0.0151681534451166,-0.0124850614165772,-0.0140889444291651,0.149454760080835,0.1626893057625544,0.2077816220339969,17.02,17.89,21.34,0.08,0.05,0.06
2021-06-17,-0.028860284002395,0.2273468964879215,0.1757193372240763,0.1943909563171239,-0.055370353861676685,-0.05978695359378618,17.75,-0.3999999999999986,-0.0220385674931128,17.56,-0.0732204286624249,0.08,0.0,0.03,17.207411561899296,0.0,0,0.0,0.7416666666666667,0.2583333333333333,0,0,0.0070242282864105,-0.0155883454854607,-0.0076377583382281,0.1472639472024397,0.1714023394197019,0.2112491682588211,18.15,16.1,22.18,0.08,0.05,0.05
2021-06-18,-0.025303280783505,0.224488976427034,0.193070276547042,0.2008960833482287,-0.08031322336332808,-0.08367635298433808,20.7,2.9499999999999997,0.1661971830985915,17.561500000000002,-0.2956186866144983,0.09,0.0099999999999999,0.0399999999999999,17.590469102540442,0.0,0,0.0,0.6433333333333333,0.3566666666666667,0,0,-0.028860284002395,-0.0006858088103824,-0.0017380021179876,0.1757193372240763,0.1449861142676863,0.1914337699817973,17.75,15.65,20.67,0.08,0.05,0.05
2021-06-21,0.0169685048165162,0.322422087274919,0.1998121484898832,0.2021928916557428,-0.04637239121124478,-0.07816449380962448,17.89,-2.8099999999999987,-0.1357487922705313,17.4485,-0.4005066641604327,0.09,0.0,0.0499999999999999,16.742150008607766,0.0,0,0.0,0.737,0.263,0,0,-0.025303280783505,-0.016969060026071,0.0113785373418071,0.193070276547042,0.1439605577624616,0.1855440276262945,20.7,16.39,20.15,0.09,0.05,0.04
2021-06-22,-0.0014620618309023,0.3211193949926768,0.197040495554409,0.1992050682392241,-0.03255115635662198,-0.08502307175641538,16.66,-1.2300000000000004,-0.0687534935718278,17.3615,-0.374725494924439,0.09,0.0,0.0499999999999999,16.472351741829268,0.0,0,0.0,0.778,0.2219999999999999,0,0,0.0169685048165162,-0.0151681534451166,0.0054100278937523,0.1998121484898832,0.149454760080835,0.185516080054766,17.89,17.02,18.4,0.09,0.08,0.04
2021-06-23,0.0060578111086038,0.3186373118588368,0.1988746848280557,0.1970733897796373,-0.033511293333790784,-0.06859608899975528,16.32,-0.3399999999999998,-0.0204081632653061,17.2355,-0.3713103072302087,0.08,-0.0099999999999999,0.04,16.359731245638454,0.0,0,0.0,0.7893333333333333,0.2106666666666666,0,0,-0.0014620618309023,0.0070242282864105,-0.0103336832131086,0.197040495554409,0.1472639472024397,0.1925159828028669,16.66,18.15,18.84,0.09,0.08,0.04
2021-06-24,0.0091980725743496,0.2581194175655826,0.2035927621532487,0.196487076490894,0.004929666863982319,-0.05931604816441008,15.97,-0.3499999999999996,-0.0214460784313724,17.166000000000004,-0.3727991154211627,0.08,0.0,0.04,16.43532688968289,0.0,0,0.0,0.8009999999999999,0.199,0,0,0.0060578111086038,-0.028860284002395,-0.0001240052181051,0.1988746848280557,0.1757193372240763,0.1925409364015072,16.32,17.75,17.36,0.08,0.08,0.04
2021-06-25,0.0100977007024496,0.1055232936337848,0.1979327601233046,0.1951918312970562,0.04060563999401272,-0.06472120122312919,15.62,-0.3500000000000014,-0.0219160926737633,17.110000000000003,-0.362572778701323,0.09,0.0099999999999999,0.0499999999999999,16.55537597808518,0.0,0,0.0,0.8126666666666666,0.1873333333333333,0,0,0.0091980725743496,-0.025303280783505,0.0155722153453243,0.2035927621532487,0.193070276547042,0.188730365285837,15.97,20.7,16.74,0.08,0.09,0.04
2021-06-28,0.0018176536620133,0.077633077000555,0.198555878009577,0.1942410982796047,0.025595495851085316,-0.06223564734418337,15.76,0.1400000000000005,0.0089628681177977,17.060000000000002,-0.3585326900386105,0.08,-0.0099999999999999,0.03,16.463513541353546,0.0,0,0.0,0.808,0.1919999999999999,0,0,0.0100977007024496,0.0169685048165162,-0.0006693260516302,0.1979327601233046,0.1998121484898832,0.1841008763982752,15.62,17.89,16.76,0.09,0.09,0.05
2021-06-29,-0.0012310573085124,0.0764051497558095,0.191693256212389,0.1939661362826699,0.025826811855284317,-0.07442779896685257,16.02,0.2599999999999998,0.0164974619289339,16.966,-0.4442044224414628,0.08,0.0,0.04,16.49163663031112,0.0,0,0.0,0.7993333333333333,0.2006666666666666,0,0,0.0018176536620133,-0.0014620618309023,0.0110206204675205,0.198555878009577,0.197040495554409,0.1844880752008065,15.76,16.66,17.9,0.08,0.09,0.04
2021-06-30,0.0090827349392383,0.0813799235173791,0.1966308468962453,0.1942504561441523,0.02882901049456662,-0.06544607778811108,15.83,-0.1899999999999995,-0.011860174781523,16.8835,-0.4362796788218107,0.07,-0.0099999999999999,0.02,16.34371621194951,0.0,0,0.0,0.8056666666666666,0.1943333333333333,0,0,-0.0012310573085124,0.0060578111086038,6.0015598566387496e-05,0.191693256212389,0.1988746848280557,0.181254759877998,16.02,16.32,17.48,0.08,0.08,0.05
2021-07-01,0.0099009900990099,0.0833339624963907,0.201710233911063,0.192688818100169,0.029525279009620917,-0.05625589109334928,15.48,-0.3499999999999996,-0.0221099178774478,16.7555,-0.4505799080903533,0.09,0.0199999999999999,0.0499999999999999,16.164922078735128,0.0,0,0.0,0.8173333333333334,0.1826666666666666,0,0,0.0090827349392383,0.0091980725743496,0.0006623289912941,0.1966308468962453,0.2035927621532487,0.1777197693440161,15.83,15.97,18.04,0.07,0.08,0.04
2021-07-02,-0.0009602743375236,0.0854792973005748,0.2011642266179545,0.1926926504353262,0.018517483769758616,-0.05884020554131808,15.07,-0.4100000000000001,-0.026485788113695,16.688,-0.4491159158432714,0.08,-0.0099999999999999,0.03,16.251227051096514,0.9,1,0.0,0.831,0.169,0,0,0.0099009900990099,0.0100977007024496,0.0016248974692314,0.201710233911063,0.1979327601233046,0.1656181363571063,15.48,15.62,16.42,0.09,0.09,0.05
2021-07-06,-0.0167918617072739,0.1717137559623846,0.2071802282339306,0.1952336111313816,-0.00023296337119828314,-0.07107741457308747,16.44,1.370000000000001,0.090909090909091,16.689,-0.4893284740226362,0.07,-0.0099999999999999,0.02,16.529105425619882,0.0,0,0.0,0.7853333333333333,0.2146666666666666,0,0,-0.0009602743375236,0.0018176536620133,-0.0046862196281829,0.2011642266179545,0.198555878009577,0.1670385421191696,15.07,15.76,16.42,0.08,0.08,0.05
2021-07-07,0.0011730683260731,0.17151645972552,0.2078453229315652,0.1952131110146182,0.0021712331298608164,-0.06591298224869878,16.2,-0.240000000000002,-0.0145985401459854,16.6455,-0.4943778179088298,0.08,0.0099999999999999,0.03,16.322814586681947,0.0,0,0.0,0.7933333333333333,0.2066666666666666,0,0,-0.0167918617072739,-0.0012310573085124,-0.0039840938603757,0.2071802282339306,0.191693256212389,0.1680531692976479,16.44,16.02,17.07,0.07,0.08,0.05
2021-07-08,-0.0172536338327808,0.1896978558404052,0.2113881282965599,0.1969203716292832,-0.024274714150254985,-0.07075353991050387,19.0,2.8000000000000007,0.1728395061728396,16.701,-0.5246952512470268,0.07,-0.0099999999999999,0.02,16.69665100478392,0.0,0,0.0,0.7,0.3,0,0,0.0011730683260731,0.0090827349392383,-0.0124850614165772,0.2078453229315652,0.1966308468962453,0.1626893057625544,16.2,15.83,17.89,0.08,0.07,0.05
2021-07-09,0.0319995976521767,0.3157729404242888,0.2398378724475144,0.2035219802133574,-0.0026287334058933826,-0.023544141393966884,16.18,-2.8200000000000003,-0.148421052631579,16.705,-0.7226742366063903,0.08,0.0099999999999999,0.03,16.432504923359772,0.0,0,0.0,0.794,0.2059999999999999,0,0,-0.0172536338327808,0.0099009900990099,-0.0155883454854607,0.2113881282965599,0.201710233911063,0.1714023394197019,19.0,15.48,16.1,0.07,0.09,0.05
2021-07-12,0.0143159204905194,0.3323961422361122,0.2459956053171855,0.2051070273169449,0.012546417604228621,-0.008643681995328185,16.17,-0.009999999999998,-0.0006180469715697,16.731,-0.710209215556485,0.08,0.0,0.03,16.80825843262675,0.0,0,0.0,0.7943333333333333,0.2056666666666666,0,0,0.0319995976521767,-0.0009602743375236,-0.0006858088103824,0.2398378724475144,0.2011642266179545,0.1449861142676863,16.18,15.07,15.65,0.08,0.08,0.05
2021-07-13,-0.0148733036359032,0.325427131141264,0.244189587470764,0.2071150450640024,0.014495840685275322,-0.006514018046082485,17.12,0.9499999999999992,0.0587507730364873,16.767500000000002,-0.7155416415117796,0.08,0.0,0.03,16.93662805275224,0.0,0,0.0,0.7626666666666666,0.2373333333333334,0,0,0.0143159204905194,-0.0167918617072739,-0.016969060026071,0.2459956053171855,0.2071802282339306,0.1439605577624616,16.17,16.44,16.39,0.08,0.07,0.05
2021-07-14,-0.0034051227266223,0.3285708056665243,0.2381040207527293,0.2070426833302356,0.009912526514884522,0.005359415143407615,16.33,-0.7900000000000027,-0.0461448598130842,16.732999999999997,-0.6997892473340396,0.08,0.0,0.0,16.49809258080279,0.0,0,0.0,0.789,0.2109999999999999,0,0,-0.0148733036359032,0.0011730683260731,-0.0151681534451166,0.244189587470764,0.2078453229315652,0.149454760080835,17.12,16.2,17.02,0.08,0.08,0.08
2021-07-15,0.0021919640100087,0.2818615062383597,0.2369095287179672,0.2015600662797306,0.029506303980274422,0.0005493069907952157,17.01,0.6800000000000033,0.0416411512553585,16.676,-0.7271287201296427,0.07,-0.0099999999999999,-0.0099999999999999,16.26126924528593,0.0,0,0.0,0.7663333333333333,0.2336666666666667,0,0,-0.0034051227266223,-0.0172536338327808,0.0070242282864105,0.2381040207527293,0.2113881282965599,0.1472639472024397,16.33,19.0,18.15,0.08,0.07,0.08
2021-07-16,-0.0228356412463097,0.2315084332707064,0.2275945533760833,0.2067284492308805,-0.025092386297559978,0.006733826170149816,18.45,1.4399999999999975,0.0846560846560844,16.711000000000002,-0.8562658900401986,0.08,0.0099999999999999,0.0,16.454760797542637,0.0,0,0.0,0.7183333333333334,0.2816666666666666,0,0,0.0021919640100087,0.0319995976521767,-0.028860284002395,0.2369095287179672,0.2398378724475144,0.1757193372240763,17.01,16.18,17.75,0.07,0.08,0.08
2021-07-19,-0.0325192393297515,0.2273121601850211,0.2400274173018449,0.21327265648173,-0.07236654149944688,-0.0006970001314469815,22.5,4.050000000000001,0.2195121951219512,16.801,-0.8720778603737382,0.07,-0.0099999999999999,-0.0199999999999999,16.914381425535435,0.0,0,0.0,0.5833333333333333,0.4166666666666667,0,0,-0.0228356412463097,0.0143159204905194,-0.025303280783505,0.2275945533760833,0.2459956053171855,0.193070276547042,18.45,16.17,20.7,0.08,0.08,0.09
2021-07-20,0.0186433188513113,0.3254671955890277,0.2416262638556896,0.2130920575890669,-0.038909858770477576,0.0009485143946847165,19.73,-2.77,-0.123111111111111,16.893,-0.8767906778033926,0.08,0.0099999999999999,-0.0099999999999999,16.54891663132632,0.0,0,0.0,0.6756666666666666,0.3243333333333333,0,0,-0.0325192393297515,-0.0148733036359032,0.0169685048165162,0.2400274173018449,0.244189587470764,0.1998121484898832,22.5,17.12,17.89,0.07,0.08,0.09
2021-07-21,0.0210408452098418,0.3858412596350422,0.2524838244738446,0.2172638891125449,-0.014676381934089173,0.02323418956594042,17.91,-1.8200000000000005,-0.0922453117080588,16.9555,-0.9088827812663132,0.07,-0.0099999999999999,-0.0199999999999999,16.329709064982055,0.0,0,0.0,0.7363333333333333,0.2636666666666667,0,0,0.0186433188513113,-0.0034051227266223,-0.0014620618309023,0.2416262638556896,0.2381040207527293,0.197040495554409,19.73,16.33,16.66,0.08,0.08,0.09
2021-07-22,-0.0126259629600259,0.3878632563795169,0.2564181742601908,0.2187100216962922,-0.029572294866682176,0.004488305457903819,17.69,-0.2199999999999988,-0.0122836404243439,17.024,-0.8808762178463273,0.07,0.0,-0.0099999999999999,16.109387948722315,0.0,0,0.0,0.7436666666666667,0.2563333333333333,0,0,0.0210408452098418,0.0021919640100087,0.0060578111086038,0.2524838244738446,0.2369095287179672,0.1988746848280557,17.91,17.01,16.32,0.07,0.07,0.08
2021-07-23,-0.0019214751282912,0.3566275924984563,0.2543069108956566,0.218336999296136,-0.008395205305997673,-0.006591045999830183,17.2,-0.490000000000002,-0.0276992651215377,17.0855,-0.8746607128819952,0.07,0.0,-0.0099999999999999,16.084135580329058,0.0,0,0.0,0.76,0.24,0,0,-0.0126259629600259,-0.0228356412463097,0.0091980725743496,0.2564181742601908,0.2275945533760833,0.2035927621532487,17.69,18.45,15.97,0.07,0.08,0.08
2021-07-26,0.0067045334405335,0.2228177167902029,0.2527616842448496,0.2150766800651732,0.03134669259380472,-0.009955947531654984,17.58,0.379999999999999,0.0220930232558138,17.183500000000002,-0.8666654179368289,0.08,0.0099999999999999,-0.0099999999999999,15.920619968225038,0.0,0,0.0,0.7473333333333334,0.2526666666666666,0,0,-0.0019214751282912,-0.0325192393297515,0.0100977007024496,0.2543069108956566,0.2400274173018449,0.1979327601233046,17.2,22.5,15.62,0.07,0.07,0.09
2021-07-27,-0.0013186124010455,0.1973832276546383,0.2526260032754966,0.2143345314105958,0.011555547660739022,-0.013091433795661583,19.36,1.7800000000000011,0.1012514220705347,17.3635,-0.8468080847570376,0.07,-0.0099999999999999,-0.0099999999999999,16.233092675955266,0.0,0,0.0,0.688,0.312,0,0,0.0067045334405335,0.0186433188513113,0.0018176536620133,0.2527616842448496,0.2416262638556896,0.198555878009577,17.58,19.73,15.76,0.08,0.08,0.08
2021-07-28,0.0016505559722415,0.1129927088891298,0.2527456544950696,0.2142873786849095,-0.007617800522523278,-0.010210422811867183,18.31,-1.0500000000000007,-0.0542355371900826,17.478,-0.8399201066803821,0.07,0.0,-0.0099999999999999,16.036592819489332,0.0,0,0.0,0.7230000000000001,0.2769999999999999,0,0,-0.0013186124010455,0.0210408452098418,-0.0012310573085124,0.2526260032754966,0.2524838244738446,0.191693256212389,19.36,17.91,16.02,0.07,0.07,0.08
2021-07-29,0.0085698649574583,0.0746769306855486,0.2524971389845262,0.2131179940326037,0.013621899371521123,-0.010718805665141683,17.7,-0.6099999999999994,-0.0333151283451665,17.5715,-0.8436675297613103,0.08,0.0099999999999999,0.0099999999999999,16.01976602721776,0.0,0,0.0,0.7433333333333334,0.2566666666666666,0,0,0.0016505559722415,-0.0126259629600259,0.0090827349392383,0.2527456544950696,0.2564181742601908,0.1966308468962453,18.31,17.69,15.83,0.07,0.07,0.07
2021-07-30,-0.0079742103717741,0.104898428477048,0.2507033113148404,0.2119076491481749,0.0075390484752002225,-0.028577276534250885,18.24,0.5399999999999991,0.0305084745762711,17.7095,-0.8436262363221931,0.07,-0.0099999999999999,-0.0199999999999999,16.098423517147495,0.0,0,0.0,0.7253333333333334,0.2746666666666666,0,0,0.0085698649574583,-0.0019214751282912,0.0099009900990099,0.2524971389845262,0.2543069108956566,0.201710233911063,17.7,17.2,15.48,0.08,0.07,0.09
2021-08-02,-0.0040188699473178,0.0990041255825582,0.2508635826428573,0.2076791934860932,-0.003170076843784577,-0.03164350814519819,19.46,1.2200000000000024,0.0668859649122808,17.929,-0.8442667280118041,0.07,0.0,-0.0099999999999999,16.13821205255161,0.0,0,0.0,0.6846666666666666,0.3153333333333333,0,0,-0.0079742103717741,0.0067045334405335,-0.0009602743375236,0.2507033113148404,0.2527616842448496,0.2011642266179545,18.24,17.58,15.07,0.07,0.08,0.08
2021-08-03,0.0113779714365067,0.1294389502898861,0.2479577848296728,0.2090102136496217,0.009463134849709424,-0.0033953355747538844,18.04,-1.4200000000000017,-0.0729701952723536,18.009,-0.8432731079228563,0.07,0.0,0.0,16.156816335271863,0.0,0,0.0,0.732,0.268,0,0,-0.0040188699473178,-0.0013186124010455,-0.0167918617072739,0.2508635826428573,0.2526260032754966,0.2071802282339306,19.46,19.36,16.44,0.07,0.07,0.07
2021-08-04,-0.0107921305519912,0.1581544345831289,0.2507517187148429,0.2100177729254285,-0.0030368484526178754,-0.015418504394345884,17.97,-0.0700000000000002,-0.003880266075388,18.0975,-0.8287129797771751,0.07,0.0,-0.0099999999999999,16.133476851470277,0.0,0,0.0,0.7343333333333334,0.2656666666666666,0,0,0.0113779714365067,0.0016505559722415,0.0011730683260731,0.2479577848296728,0.2527456544950696,0.2078453229315652,18.04,18.31,16.2,0.07,0.07,0.08
2021-08-05,0.0126286914099926,0.1745034362140742,0.2469115674397515,0.2091925447643263,0.0009794139730685252,0.014535322458181815,17.28,-0.6899999999999977,-0.0383973288814689,18.0115,-0.8244293234178258,0.08,0.0099999999999999,0.0099999999999999,16.029428467513853,0.0,0,0.0,0.7573333333333333,0.2426666666666667,0,0,-0.0107921305519912,0.0085698649574583,-0.0172536338327808,0.2507517187148429,0.2524971389845262,0.2113881282965599,17.97,17.7,19.0,0.07,0.08,0.07
2021-08-06,0.0284036660701978,0.24207745716578,0.241391147940749,0.2167147345669736,0.036993349631462225,0.011044806503104718,16.15,-1.1300000000000026,-0.0653935185185187,18.009999999999998,-0.7822179991294901,0.09,0.0099999999999999,0.0099999999999999,16.405437740622503,0.0,0,0.0,0.795,0.2049999999999999,0,0,0.0126286914099926,-0.0079742103717741,0.0319995976521767,0.2469115674397515,0.2507033113148404,0.2398378724475144,17.28,18.24,16.18,0.08,0.07,0.08
2021-08-09,-0.0010791461296049,0.2340861950105229,0.2359539266133469,0.2102098873728983,0.039940588111674835,-0.004249337637751982,16.72,0.5700000000000003,0.0352941176470589,18.0375,-0.796030394916319,0.08,-0.0099999999999999,0.0,16.068579828562633,0.0,0,0.0,0.776,0.2239999999999999,0,0,0.0284036660701978,-0.0040188699473178,0.0143159204905194,0.241391147940749,0.2508635826428573,0.2459956053171855,16.15,19.46,16.17,0.09,0.07,0.08
2021-08-10,0.0122669097011332,0.2349540061771484,0.233090007349127,0.2092775038874234,0.04081913980825923,0.02292796354823002,16.79,0.0700000000000002,0.0041866028708135,18.021,-0.7765546086774023,0.08,0.0,0.0,15.975033383496653,0.0,0,0.0,0.7736666666666667,0.2263333333333332,0,0,-0.0010791461296049,0.0113779714365067,-0.0148733036359032,0.2359539266133469,0.2479577848296728,0.244189587470764,16.72,18.04,17.12,0.08,0.07,0.08
2021-08-11,0.0119306320824554,0.163668073163423,0.2354213333430944,0.2105967648911181,0.06352995095168232,0.038198920042451914,16.06,-0.7300000000000004,-0.0434782608695653,18.0075,-0.8017466799602788,0.08,0.0,0.0,16.02997467677517,0.0,0,0.0,0.798,0.2019999999999999,0,0,0.0122669097011332,-0.0107921305519912,-0.0034051227266223,0.233090007349127,0.2507517187148429,0.2381040207527293,16.79,17.97,16.33,0.08,0.07,0.08
2021-08-12,0.0039089953353006,0.1752916324974958,0.2355266924072081,0.2087426158192864,0.05488171146780673,0.03991072994571412,15.59,-0.4699999999999988,-0.0292652552926524,17.936500000000002,-0.8074087847467888,0.09,0.0099999999999999,0.0199999999999999,15.99527254797394,0.0,0,0.0,0.8136666666666666,0.1863333333333333,0,0,0.0119306320824554,0.0126286914099926,0.0021919640100087,0.2354213333430944,0.2469115674397515,0.2369095287179672,16.06,17.28,17.01,0.08,0.08,0.07
2021-08-13,-0.0111874275682147,0.1554269708341609,0.2221566754451864,0.2094356098425865,0.015623472713937523,0.05176066551460222,15.45,-0.1400000000000005,-0.0089801154586273,17.786499999999997,-0.7706739686816889,0.08,-0.0099999999999999,0.0,16.01061076932098,0.0,0,0.0,0.8183333333333334,0.1816666666666666,0,0,0.0039089953353006,0.0284036660701978,-0.0228356412463097,0.2355266924072081,0.241391147940749,0.2275945533760833,15.59,16.15,18.45,0.09,0.09,0.08
2021-08-16,-0.0065634442679574,0.1691201048391973,0.1820727254052705,0.2098404154147348,0.010118123157857522,0.07823532701955242,16.12,0.6700000000000017,0.0433656957928803,17.4675,-0.6331908404314284,0.08,0.0,0.0099999999999999,15.985227010093896,0.0,0,0.0,0.7959999999999999,0.204,0,0,-0.0111874275682147,-0.0010791461296049,-0.0325192393297515,0.2221566754451864,0.2359539266133469,0.2400274173018449,15.45,16.72,22.5,0.08,0.08,0.07
2021-08-17,-0.0120806371026402,0.1651736141529155,0.1820445889045961,0.2098987258805501,-0.014228358762570977,0.047609463556136614,17.91,1.7899999999999991,0.1110421836228288,17.3765,-0.6330074832385483,0.07,-0.0099999999999999,-0.0099999999999999,16.050587498159462,0.0,0,0.0,0.7363333333333333,0.2636666666666667,0,0,-0.0065634442679574,0.0122669097011332,0.0186433188513113,0.1820727254052705,0.233090007349127,0.2416262638556896,16.12,16.79,19.73,0.08,0.08,0.08
2021-08-18,-0.0091075877771376,0.1029559264623841,0.17261729015834,0.210271990837721,-0.03523769731206128,0.017637604664479816,21.57,3.66,0.204355108877722,17.5595,-0.5625743901164694,0.07,0.0,0.0,15.903106387884845,0.0,0,0.0,0.6143333333333334,0.3856666666666666,0,0,-0.0120806371026402,0.0119306320824554,0.0210408452098418,0.1820445889045961,0.2354213333430944,0.2524838244738446,17.91,16.06,17.91,0.07,0.08,0.07
2021-08-19,-0.0083559174698238,0.0354594982960141,0.1687481160889687,0.2099201039488401,-0.04753009622603777,0.021952928586358514,21.67,0.1000000000000014,0.0046360686138156,17.758499999999998,-0.5961991922227822,0.06,-0.01,-0.01,16.06866388600712,0.0,0,0.0,0.611,0.389,0,0,-0.0091075877771376,0.0039089953353006,-0.0126259629600259,0.17261729015834,0.2355266924072081,0.2564181742601908,21.57,15.59,17.69,0.07,0.09,0.07
2021-08-20,0.0028519652388645,0.0904226384042177,0.1684648853428471,0.2100434096987877,-0.033431712602614974,0.02672415821798492,18.56,-3.110000000000003,-0.1435163820950624,17.8265,-0.5585320894958512,0.06,0.0,-0.01,15.757713988475928,0.0,0,0.0,0.7146666666666668,0.2853333333333332,0,0,-0.0083559174698238,-0.0111874275682147,-0.0019214751282912,0.1687481160889687,0.2221566754451864,0.2543069108956566,21.67,15.45,17.2,0.06,0.08,0.07
2021-08-23,0.0127970665770462,0.1649177755401791,0.1723216810220734,0.2092205158061332,-0.014130758165594974,0.03275787626015272,17.15,-1.41,-0.0759698275862069,17.805,-0.5929403391262253,0.07,0.01,-0.0099999999999999,15.886743627124511,0.0,0,0.0,0.7616666666666667,0.2383333333333332,0,0,0.0028519652388645,-0.0065634442679574,0.0067045334405335,0.1684648853428471,0.1820727254052705,0.2527616842448496,18.56,16.12,17.58,0.06,0.08,0.08
2021-08-24,0.0061902282124548,0.1502821033959663,0.1726676424341205,0.2096937399536817,0.0041945903522782255,0.040248506247675814,17.22,0.0700000000000002,0.0040816326530612,17.698,-0.5977894145383994,0.06,-0.01,-0.01,15.852944637109228,0.0,0,0.0,0.7593333333333334,0.2406666666666665,0,0,0.0127970665770462,-0.0120806371026402,-0.0013186124010455,0.1723216810220734,0.1820445889045961,0.2526260032754966,17.15,17.91,19.36,0.07,0.07,0.07
2021-08-25,0.0206127294996532,0.1714910752201625,0.1845670052114295,0.212784472303906,0.03374706789367403,0.05900247308067712,16.79,-0.4299999999999997,-0.0249709639953542,17.622,-0.592187933235011,0.07,0.01,0.0,16.243405930146082,0.0,0,0.0,0.7736666666666667,0.2263333333333332,0,0,0.0061902282124548,-0.0091075877771376,0.0016505559722415,0.1726676424341205,0.17261729015834,0.2527456544950696,17.22,21.57,18.31,0.06,0.07,0.07
2021-08-26,0.0051578006980614,0.1132312512285023,0.1835968061516885,0.2130891276091209,0.047282636548008725,0.05561366576284612,18.84,2.0500000000000007,0.1220964860035735,17.679,-0.5337021505745936,0.07,0.0,-0.0099999999999999,16.21590280164361,0.0,0,0.0,0.7053333333333334,0.2946666666666666,0,0,0.0206127294996532,-0.0083559174698238,0.0085698649574583,0.1845670052114295,0.1687481160889687,0.2524971389845262,16.79,21.67,17.7,0.07,0.06,0.08
2021-08-27,0.0080370737260235,0.099335342178556,0.1798791855015109,0.2137672673021942,0.052439678909089724,0.07162478865187442,16.39,-2.4499999999999997,-0.1300424628450105,17.5865,-0.5274913213223278,0.07,0.0,0.0,15.988009858287757,0.0,0,0.0,0.7869999999999999,0.213,0,0,0.0051578006980614,0.0028519652388645,-0.0079742103717741,0.1835968061516885,0.1684648853428471,0.2507033113148404,18.84,18.56,18.24,0.07,0.06,0.07
2021-08-30,-0.0160071820368477,0.2091040328628317,0.1914372086346394,0.2161978675050567,0.023587122080732624,0.059515075184669926,16.19,-0.1999999999999993,-0.012202562538133,17.423000000000002,-0.469264395675805,0.08,0.0099999999999999,0.0099999999999999,15.887121646511579,0.0,0,0.0,0.7936666666666666,0.2063333333333333,0,0,0.0080370737260235,0.0127970665770462,-0.0040188699473178,0.1798791855015109,0.1723216810220734,0.2508635826428573,16.39,17.15,19.46,0.07,0.07,0.07
2021-08-31,-0.0030539503200369,0.2152379996436769,0.1899265690185342,0.2160885692517514,0.014357351486132125,0.04514272288409852,16.48,0.2899999999999991,0.0179122915379863,17.345,-0.4551156727605238,0.07,-0.0099999999999999,0.0,16.328421485193893,0.0,0,0.0,0.784,0.2159999999999999,0,0,-0.0160071820368477,0.0061902282124548,0.0113779714365067,0.1914372086346394,0.1726676424341205,0.2479577848296728,16.19,17.22,18.04,0.08,0.06,0.07
2021-09-01,-0.0014380832821251,0.1487381691927944,0.1841622101628883,0.2159751017562797,-0.007484928964955475,0.05455439256833952,16.11,-0.370000000000001,-0.0224514563106796,17.252000000000002,-0.4655335387793279,0.07,0.0,0.0,15.982264587545298,0.0,0,0.0,0.7963333333333333,0.2036666666666666,0,0,-0.0030539503200369,0.0206127294996532,-0.0107921305519912,0.1899265690185342,0.1845670052114295,0.2507517187148429,16.48,16.79,17.97,0.07,0.07,0.07
2021-09-02,0.0046330269766394,0.1473084486333331,0.180671421061343,0.2147249597737266,-0.008007146228684476,0.046627105561093125,16.41,0.3000000000000007,0.0186219739292365,17.2085,-0.452693340777599,0.07,0.0,-0.0099999999999999,15.991772615589108,0.0,0,0.0,0.7863333333333333,0.2136666666666666,0,0,-0.0014380832821251,0.0051578006980614,0.0126286914099926,0.1841622101628883,0.1835968061516885,0.2469115674397515,16.11,18.84,17.28,0.07,0.07,0.08
2021-09-03,-0.0060451738670458,0.1210227798144506,0.1551223229624502,0.2126407658894878,-0.02207561459622747,0.012555824424184719,16.41,0.0,0.0,17.2215,-0.4147157779524162,0.08,0.0099999999999999,-0.0099999999999999,15.889901994300995,0.0,0,0.0,0.7863333333333333,0.2136666666666666,0,0,0.0046330269766394,0.0080370737260235,0.0284036660701978,0.180671421061343,0.1798791855015109,0.241391147940749,16.41,16.39,16.15,0.07,0.07,0.09
2021-09-07,-0.0017552461139334,0.0618901744799738,0.1552397433755869,0.2126668621078737,-0.007695722185115477,0.011878764887879619,18.14,1.7300000000000004,0.105423522242535,17.292499999999997,-0.4116877440519939,0.08,0.0,0.0,16.04397547873018,0.0,0,0.0,0.7286666666666666,0.2713333333333334,0,0,-0.0060451738670458,-0.0160071820368477,-0.0010791461296049,0.1551223229624502,0.1914372086346394,0.2359539266133469,16.41,16.19,16.72,0.08,0.08,0.08
2021-09-08,-0.0044598582885513,0.0648147222981626,0.1499038973130031,0.2098854217268296,-0.009106932167811777,-0.004783349091972481,17.96,-0.1799999999999997,-0.0099228224917309,17.351000000000003,-0.4184156250613185,0.08,0.0,0.0,15.876368107010991,0.0,0,0.0,0.7346666666666666,0.2653333333333334,0,0,-0.0017552461139334,-0.0030539503200369,0.0122669097011332,0.1552397433755869,0.1899265690185342,0.233090007349127,18.14,16.48,16.79,0.08,0.07,0.08
2021-09-09,0.0043533915771152,0.0785179044423279,0.1441204629115311,0.2075445948622232,-0.003323870871121977,-0.01229942925446478,18.8,0.8399999999999999,0.0467706013363029,17.488000000000003,-0.3792405242078736,0.07,-0.0099999999999999,-0.0099999999999999,15.882917599668547,0.0,0,0.0,0.7066666666666667,0.2933333333333333,0,0,-0.0044598582885513,-0.0014380832821251,0.0119306320824554,0.1499038973130031,0.1841622101628883,0.2354213333430944,17.96,16.11,16.06,0.08,0.07,0.08
2021-09-10,-0.0114958298301299,0.0926567263910043,0.1480916539544806,0.2085535537524873,-0.01950861610835078,-0.02776322201506438,20.95,2.1499999999999986,0.1143617021276595,17.756,-0.4138949539999443,0.08,0.0099999999999999,-0.0099999999999999,15.933162807721633,0.0,0,0.0,0.635,0.365,0,0,0.0043533915771152,0.0046330269766394,0.0039089953353006,0.1441204629115311,0.180671421061343,0.2355266924072081,18.8,16.41,15.59,0.07,0.07,0.09
2021-09-13,0.0158871986260267,0.1632455660974972,0.1551077168673246,0.201660300724071,0.0023172218144398224,-0.0007504264753129784,19.37,-1.5799999999999983,-0.0754176610978519,17.952,-0.4947802608125137,0.07,-0.0099999999999999,-0.0099999999999999,16.12336186010559,0.0,0,0.0,0.6876666666666666,0.3123333333333333,0,0,-0.0114958298301299,-0.0060451738670458,-0.0111874275682147,0.1480916539544806,0.1551223229624502,0.2221566754451864,20.95,16.41,15.45,0.08,0.08,0.08
2021-09-14,-0.0174525574645969,0.2091518435911933,0.1658410192446486,0.1977748574908471,-0.013532638658904979,-0.01177199692888288,19.46,0.0899999999999998,0.0046463603510582,18.119,-0.4439710962217053,0.07,0.0,-0.0099999999999999,16.273867958094144,0.0,0,0.0,0.6846666666666666,0.3153333333333333,0,0,0.0158871986260267,-0.0017552461139334,-0.0065634442679574,0.1551077168673246,0.1552397433755869,0.1820727254052705,19.37,18.14,16.12,0.07,0.08,0.08
2021-09-15,0.006939466577154,0.218513342008166,0.1619716976102723,0.1954372270397437,-0.002147306238572979,0.00729770343202552,18.18,-1.2800000000000011,-0.0657759506680371,18.1325,-0.4196277902855497,0.07,0.0,0.0,16.274372725547806,0.0,0,0.0,0.7273333333333334,0.2726666666666666,0,0,-0.0174525574645969,-0.0044598582885513,-0.0120806371026402,0.1658410192446486,0.1499038973130031,0.1820445889045961,19.46,17.96,17.91,0.07,0.08,0.07
2021-09-16,-0.0004424741993918,0.2145319017487808,0.1580905587156046,0.1953950172733424,-0.006933821338931579,0.016004446718664918,18.69,0.5100000000000016,0.0280528052805282,17.9885,-0.3677841036001184,0.07,0.0,0.0,16.202519608463305,0.0,0,0.0,0.7103333333333333,0.2896666666666667,0,0,0.006939466577154,0.0043533915771152,-0.0091075877771376,0.1619716976102723,0.1441204629115311,0.17261729015834,18.18,18.8,21.57,0.07,0.07,0.07
2021-09-17,-0.002593563137473,0.1964182948250227,0.1549289151078111,0.1952353640494987,0.002031664107744422,0.02179853831871782,20.81,2.119999999999997,0.113429641519529,17.945500000000003,-0.3765558323790494,0.07,0.0,0.01,17.05738394011577,0.0,0,0.0,0.6396666666666667,0.3603333333333333,0,0,-0.0004424741993918,-0.0114958298301299,-0.0083559174698238,0.1580905587156046,0.1480916539544806,0.1687481160889687,18.69,20.95,21.67,0.07,0.08,0.06
2021-09-20,-0.0299340749580689,0.2379902646783986,0.1907195227513337,0.2046070519488483,-0.04412189974383408,-0.011440613616532081,25.71,4.900000000000002,0.2354637193656896,18.303,-0.6092101930680752,0.07,0.0,0.01,16.57677926238281,0.0,0,0.0,0.4763333333333333,0.5236666666666667,0,0,-0.002593563137473,0.0158871986260267,0.0028519652388645,0.1549289151078111,0.1551077168673246,0.1684648853428471,20.81,19.37,18.56,0.07,0.07,0.06
2021-09-21,0.0001307997449122,0.2299313066966105,0.1842107448931297,0.2035638545303719,-0.026384459715775178,-0.024025698479063082,24.36,-1.3500000000000014,-0.0525087514585764,18.6635,-0.5731817069963624,0.07,0.0,0.0,16.012724135239992,0.0,0,0.0,0.5213333333333334,0.4786666666666666,0,0,-0.0299340749580689,-0.0174525574645969,0.0127970665770462,0.1907195227513337,0.1658410192446486,0.1723216810220734,25.71,19.46,17.15,0.07,0.07,0.07
2021-09-22,0.0191530439461315,0.280563755084374,0.1962182512206098,0.2072282327457091,-0.014328025717944975,-0.011224912638197686,20.87,-3.4899999999999984,-0.1432676518883414,18.846,-0.6369076162079633,0.08,0.0099999999999999,0.02,16.234651355974712,0.0,0,0.0,0.6376666666666666,0.3623333333333334,0,0,0.0001307997449122,0.006939466577154,0.0061902282124548,0.1842107448931297,0.1619716976102723,0.1726676424341205,24.36,18.18,17.22,0.07,0.07,0.06
2021-09-23,0.0338011144850447,0.3823452595346109,0.218446061534998,0.2179315642991592,0.019356958228316425,0.0016143370533073173,18.63,-2.240000000000002,-0.1073310972688069,18.938,-0.680136003727934,0.08,0.0,0.0099999999999999,16.328040562170667,0.0,0,0.0,0.7123333333333334,0.2876666666666666,0,0,0.0191530439461315,-0.0004424741993918,0.0206127294996532,0.1962182512206098,0.1580905587156046,0.1845670052114295,20.87,18.69,16.79,0.08,0.07,0.07
2021-09-24,0.0115400390454223,0.3803928143051006,0.2215257403775589,0.2183790690790309,0.033427851150865426,0.007943752921574516,17.75,-0.879999999999999,-0.0472356414385399,18.8835,-0.7407323997719121,0.08,0.0,0.0099999999999999,16.128283676332185,0.0,0,0.0,0.7416666666666667,0.2583333333333333,0,0,0.0338011144850447,-0.002593563137473,0.0051578006980614,0.218446061534998,0.1549289151078111,0.1835968061516885,18.63,20.81,18.84,0.08,0.07,0.07
2021-09-27,0.0241658723553463,0.1990131079254204,0.2354821560876143,0.2226896022921081,0.08769759520549114,0.02381730267986932,18.76,1.0100000000000016,0.0569014084507042,19.002,-0.6459209126618691,0.09,0.0099999999999999,0.0199999999999999,16.397309544377062,0.0,0,0.0,0.708,0.292,0,0,0.0115400390454223,-0.0299340749580689,0.0080370737260235,0.2215257403775589,0.1907195227513337,0.1798791855015109,17.75,25.71,16.39,0.08,0.07,0.07
2021-09-28,-0.0053898206475717,0.2308502212995836,0.2279697231685053,0.2230523799597621,0.08216240587962043,0.03454958531982472,23.25,4.489999999999998,0.2393390191897653,19.355,-0.6510004045450595,0.09,0.0,0.0099999999999999,16.40986194660421,0.0,0,0.0,0.5583333333333333,0.4416666666666666,0,0,0.0241658723553463,0.0001307997449122,-0.0160071820368477,0.2354821560876143,0.1842107448931297,0.1914372086346394,18.76,24.36,16.19,0.09,0.07,0.08
2021-09-29,-0.0007829822147463,0.2581477771663474,0.2274786926295418,0.2199272775191554,0.062407183681186924,0.036824919556857114,22.56,-0.6900000000000013,-0.0296774193548388,19.659,-0.643934456388731,0.09,0.0,0.0199999999999999,15.866694204605738,0.0,0,0.0,0.5813333333333334,0.4186666666666666,0,0,-0.0053898206475717,0.0191530439461315,-0.0030539503200369,0.2279697231685053,0.1962182512206098,0.1899265690185342,23.25,20.87,16.48,0.09,0.08,0.07
2021-09-30,-0.013618414917079,0.2343731036029534,0.2339067090791279,0.2220719125506194,0.015452775735709922,0.024552041753972718,23.14,0.5800000000000018,0.0257092198581561,20.0105,-0.6361400223546181,0.09,0.0,0.0199999999999999,16.392783741095553,0.0,0,0.0,0.562,0.4379999999999999,0,0,-0.0007829822147463,0.0338011144850447,-0.0014380832821251,0.2274786926295418,0.218446061534998,0.1841622101628883,22.56,18.63,16.11,0.09,0.08,0.07
2021-10-01,0.0210154306550158,0.2629843832344186,0.2438557108071916,0.2223046369592677,0.024776467406643722,0.04072736655690272,21.15,-1.990000000000002,-0.0859982713915299,20.2475,-0.6600928120631906,0.09,0.0,0.0199999999999999,16.23898505684697,0.0,0,0.0,0.6283333333333334,0.3716666666666666,0,0,-0.013618414917079,0.0115400390454223,0.0046330269766394,0.2339067090791279,0.2215257403775589,0.180671421061343,23.14,17.75,16.41,0.09,0.08,0.07
2021-10-04,-0.0010770793580896,0.2026001960990713,0.2422964418289525,0.2135034099530964,-0.0001796906394864791,0.04571322663661032,22.96,1.8100000000000025,0.0855791962174941,20.575,-0.6704105502797634,0.09,0.0,0.0099999999999999,16.4631028608509,0.0,0,0.0,0.568,0.432,0,0,0.0210154306550158,0.0241658723553463,-0.0060451738670458,0.2438557108071916,0.2354821560876143,0.1551223229624502,21.15,18.76,16.41,0.09,0.09,0.08
2021-10-05,0.0163302196586585,0.2235055617721804,0.2466663277038089,0.214059696126359,0.02142302319302962,0.06366833069796982,21.3,-1.66,-0.0722996515679442,20.733,-0.6842326229465255,0.09,0.0,0.0099999999999999,16.324532499253348,1.0,1,0.1111111111111111,0.6233333333333333,0.3766666666666667,0,0,-0.0010770793580896,-0.0053898206475717,-0.0017552461139334,0.2422964418289525,0.2279697231685053,0.1552397433755869,22.96,23.25,18.14,0.09,0.09,0.08
2021-10-06,0.0021342648465525,0.2202759935547527,0.245057511078116,0.2113936130567216,0.02433830263719312,0.07027015436186201,21.0,-0.3000000000000007,-0.0140845070422535,20.885,-0.6931108283094929,0.1,0.01,0.02,15.977982762008615,0.0,0,0.0,0.6333333333333333,0.3666666666666667,0,0,0.0163302196586585,-0.0007829822147463,-0.0044598582885513,0.2466663277038089,0.2274786926295418,0.1499038973130031,21.3,22.56,17.96,0.09,0.09,0.08
2021-10-07,0.0063306831332972,0.1478290170012203,0.2452452828153586,0.2113730471759972,0.044361027288449914,0.07223693991354461,19.54,-1.4600000000000009,-0.0695238095238095,20.922,-0.6924733803209407,0.1,0.0,0.03,16.137447294223545,0.0,0,0.0,0.682,0.3179999999999999,0,0,0.0021342648465525,-0.013618414917079,0.0043533915771152,0.245057511078116,0.2339067090791279,0.1441204629115311,21.0,23.14,18.8,0.1,0.09,0.07
2021-10-08,0.000764491149537,0.1094464399327351,0.2389520555388858,0.2113772766475024,0.02432757401893812,0.08456355668419162,18.77,-0.7699999999999996,-0.0394063459570112,20.813,-0.6662819863703622,0.09,-0.01,0.0099999999999999,15.918436787865545,0.0,0,0.0,0.7076666666666667,0.2923333333333333,0,0,0.0063306831332972,0.0210154306550158,-0.0114958298301299,0.2452452828153586,0.2438557108071916,0.1480916539544806,19.54,21.15,20.95,0.1,0.09,0.08
2021-10-11,-0.0210318330661425,0.2181981524913131,0.2510748992363991,0.2104882720206809,0.00414908096351942,0.04754508578568992,20.0,1.2300000000000004,0.0655301012253597,20.8445,-0.6557212530402425,0.09,0.0,0.0199999999999999,16.31322656649932,0.0,0,0.0,0.6666666666666667,0.3333333333333332,0,0,0.000764491149537,-0.0010770793580896,0.0158871986260267,0.2389520555388858,0.2422964418289525,0.1551077168673246,18.77,22.96,19.37,0.09,0.09,0.07
2021-10-12,-0.0076810589476352,0.1735597559807955,0.2429540854103591,0.1987200249784869,-0.019759944948415483,0.057441024408459315,19.85,-0.1499999999999985,-0.0074999999999999,20.864,-0.6736251979741453,0.1,0.01,0.03,16.3829645454505,0.0,0,0.0,0.6716666666666666,0.3283333333333333,0,0,-0.0210318330661425,0.0163302196586585,-0.0174525574645969,0.2510748992363991,0.2466663277038089,0.1658410192446486,20.0,21.3,19.46,0.09,0.09,0.07
2021-10-13,-0.0263668739334391,0.2235217218658793,0.2639593089253003,0.2042884132739886,-0.048612649066492285,0.02380481153394271,18.64,-1.2100000000000009,-0.0609571788413099,20.887,-0.5513077839859406,0.11,0.0099999999999999,0.0399999999999999,16.940229581631254,0.0,0,0.0,0.712,0.288,0,0,-0.0076810589476352,0.0021342648465525,0.006939466577154,0.2429540854103591,0.245057511078116,0.1619716976102723,19.85,21.0,18.18,0.1,0.1,0.07
2021-10-14,0.0153420108013189,0.268285257877432,0.2684940455507702,0.2023177824316206,-0.03969786540737188,0.039472895845104314,16.86,-1.7800000000000011,-0.0954935622317597,20.7955,-0.5683834900777162,0.1,-0.0099999999999999,0.03,16.535278569910513,0.0,0,0.0,0.7713333333333333,0.2286666666666666,0,0,-0.0263668739334391,0.0063306831332972,-0.0004424741993918,0.2639593089253003,0.2452452828153586,0.1580905587156046,18.64,19.54,18.69,0.11,0.1,0.07
2021-10-15,0.0192081521401397,0.3298671312700402,0.2745152506266428,0.2034379934123526,-0.021436060110985082,0.06109583246546211,16.3,-0.5599999999999987,-0.0332147093712928,20.57,-0.5702993514677002,0.12,0.0199999999999999,0.0499999999999999,16.473487842521898,0.0,0,0.0,0.79,0.2099999999999999,0,0,0.0153420108013189,0.000764491149537,-0.002593563137473,0.2684940455507702,0.2389520555388858,0.1549289151078111,16.86,18.77,20.81,0.1,0.09,0.07
2021-10-18,-0.0003602594982592,0.2934990138995018,0.245109309153381,0.2033427313923853,-0.0005402316379637807,0.0911267538915602,16.31,0.009999999999998,0.0006134969325151,20.1,-0.429834861034625,0.11,-0.0099999999999999,0.0399999999999999,16.354976492150158,0.0,0,0.0,0.7896666666666667,0.2103333333333332,0,0,0.0192081521401397,-0.0210318330661425,-0.0299340749580689,0.2745152506266428,0.2510748992363991,0.1907195227513337,16.3,20.0,25.71,0.12,0.09,0.07
2021-10-19,0.0121287729290229,0.2947857996548566,0.2459074027001883,0.2041932212363986,0.019226287323440817,0.10305177144767531,15.7,-0.6099999999999994,-0.0374003678724708,19.667,-0.4414375225388844,0.11,0.0,0.0399999999999999,15.901667128289183,0.0,0,0.0,0.81,0.1899999999999999,0,0,-0.0003602594982592,-0.0076810589476352,0.0001307997449122,0.245109309153381,0.2429540854103591,0.1842107448931297,16.31,19.85,24.36,0.11,0.1,0.07
2021-10-20,0.0134659345931695,0.1162072898219054,0.2425153465918985,0.2054321788449225,0.05932307559824622,0.09745591285013391,15.49,-0.209999999999999,-0.0133757961783439,19.398,-0.3989900414855546,0.1,-0.0099999999999999,0.02,15.917887193092353,0.0,0,0.0,0.817,0.183,0,0,0.0121287729290229,-0.0263668739334391,0.0191530439461315,0.2459074027001883,0.2639593089253003,0.1962182512206098,15.7,18.64,20.87,0.11,0.11,0.08
2021-10-21,-0.0078434635147809,0.1749733004051268,0.2217499673498498,0.2064476667036568,0.03622317813710252,0.05633911575389041,15.01,-0.4800000000000004,-0.0309877340219496,19.217,-0.3003653094452885,0.12,0.0199999999999999,0.0399999999999999,15.945550271239783,0.0,0,0.0,0.833,0.167,0,0,0.0134659345931695,0.0153420108013189,0.0338011144850447,0.2425153465918985,0.2684940455507702,0.218446061534998,15.49,16.86,18.63,0.1,0.1,0.08
2021-10-22,0.0134513763966808,0.1543513045133109,0.2228260512644171,0.2073405861475003,0.030558883596436826,0.05822686491103351,15.43,0.4199999999999999,0.027981345769487,19.101,-0.2644651223724186,0.13,0.01,0.05,15.992294417801387,0.0,0,0.0,0.819,0.181,0,0,-0.0078434635147809,0.0192081521401397,0.0115400390454223,0.2217499673498498,0.2745152506266428,0.2215257403775589,15.01,16.3,17.75,0.12,0.12,0.08
2021-10-25,-0.0048898351206594,0.1690188357009428,0.2099548485345558,0.2067956885929658,0.026017378523056123,0.02944653720912521,15.24,-0.1899999999999995,-0.0123136746597537,18.925,-0.3564002823132401,0.14,0.01,0.05,16.133890355289903,0.0,0,0.0,0.8253333333333334,0.1746666666666666,0,0,0.0134513763966808,-0.0003602594982592,0.0241658723553463,0.2228260512644171,0.245109309153381,0.2354821560876143,15.43,16.31,18.76,0.13,0.11,0.09
2021-10-26,0.0026907191356395,0.1578043853936386,0.2083986229958919,0.2064060155481648,0.016648675406974324,0.03753804097502921,15.98,0.7400000000000002,0.0485564304461942,18.5615,-0.3938052864245975,0.14,0.0,0.05,15.89683794531882,0.0,0,0.0,0.8006666666666666,0.1993333333333333,0,0,-0.0048898351206594,0.0121287729290229,-0.0053898206475717,0.2099548485345558,0.2459074027001883,0.2279697231685053,15.24,15.7,23.25,0.14,0.11,0.09
2021-10-27,-0.0208283776341087,0.2026142019563048,0.2236838535516927,0.2109047391718233,-0.017775747359503977,0.01727298180944301,16.98,1.0,0.062578222778473,18.2825,-0.4723701522674617,0.12,-0.02,0.03,16.102677499783706,0.0,0,0.0,0.7673333333333333,0.2326666666666667,0,0,0.0026907191356395,0.0134659345931695,-0.0007829822147463,0.2083986229958919,0.2425153465918985,0.2274786926295418,15.98,15.49,22.56,0.14,0.1,0.09
2021-10-28,0.0150748822970936,0.234326086455598,0.22205366464259,0.2110023049538676,0.005061023345085926,0.04594736336326641,16.53,-0.4499999999999993,-0.0265017667844522,17.952,-0.4502086421049571,0.15,0.03,0.06,15.791381786173263,0.0,0,0.0,0.7823333333333333,0.2176666666666666,0,0,-0.0208283776341087,-0.0078434635147809,-0.013618414917079,0.2236838535516927,0.2217499673498498,0.2339067090791279,16.98,15.01,23.14,0.12,0.12,0.09
2021-10-29,-0.0027589043122105,0.207177111304757,0.2115179845431525,0.2100900419600453,-0.011063403588740073,0.02238699391564971,16.26,-0.2699999999999996,-0.0163339382940108,17.7075,-0.3864828415013746,0.15,0.0,0.06,15.912313145764154,0.0,0,0.0,0.7913333333333332,0.2086666666666667,0,0,0.0150748822970936,0.0134513763966808,0.0210154306550158,0.22205366464259,0.2228260512644171,0.2438557108071916,16.53,15.43,21.15,0.15,0.13,0.09
2021-11-01,-0.0005298549541034,0.2059231088228001,0.2114514598748735,0.2029198463763686,-0.006691569484901474,0.02293465836371021,16.41,0.1499999999999985,0.0092250922509224,17.380000000000003,-0.4175115492208657,0.15,0.0,0.06,15.821776519600814,0.0,0,0.0,0.7863333333333333,0.2136666666666666,0,0,-0.0027589043122105,-0.0048898351206594,-0.0010770793580896,0.2115179845431525,0.2099548485345558,0.2422964418289525,16.26,15.24,22.96,0.15,0.14,0.09
2021-11-02,0.003945903265645,0.2076481024731973,0.2042317673752147,0.202923436784416,-0.005440536507930175,0.01067448127406941,16.03,-0.379999999999999,-0.0231566118220596,17.1165,-0.3684472207996037,0.15,0.0,0.06,15.785946197631922,0.0,0,0.0,0.7989999999999999,0.201,0,0,-0.0005298549541034,0.0026907191356395,0.0163302196586585,0.2114514598748735,0.2083986229958919,0.2466663277038089,16.41,15.98,21.3,0.15,0.14,0.09
2021-11-03,0.0003521018803378,0.1112563994196078,0.2041447315705219,0.2016901035409085,0.015959851470093624,0.008894530642343511,15.1,-0.9300000000000016,-0.058016219588272,16.8215,-0.3577899160739008,0.17,0.02,0.07,15.944063759747234,0.0,0,0.0,0.8300000000000001,0.1699999999999999,0,0,0.003945903265645,-0.0208283776341087,0.0021342648465525,0.2042317673752147,0.2236838535516927,0.245057511078116,16.03,16.98,21.0,0.15,0.12,0.1
2021-11-04,-0.0131354755398641,0.1030287282884222,0.2084301553061263,0.2025973822288761,-0.012225042852996675,-0.010638706778180188,15.44,0.3399999999999998,0.0225165562913907,16.6165,-0.3713463545326659,0.14,-0.03,0.04,16.07458264307394,0.0,0,0.0,0.8186666666666667,0.1813333333333333,0,0,0.0003521018803378,0.0150748822970936,0.0063306831332972,0.2041447315705219,0.22205366464259,0.2452452828153586,15.1,16.53,19.54,0.17,0.15,0.1
2021-11-05,-0.0014261414391577,0.1032053970711601,0.2083945606991032,0.2025457157623899,-0.010889485096681275,-0.012830065199969688,16.48,1.040000000000001,0.0673575129533678,16.502000000000002,-0.3490321338372674,0.14,0.0,0.05,15.89189756429729,0.0,0,0.0,0.784,0.2159999999999999,0,0,-0.0131354755398641,-0.0027589043122105,0.000764491149537,0.2084301553061263,0.2115179845431525,0.2389520555388858,15.44,16.26,18.77,0.14,0.15,0.09
2021-11-08,0.0060099474357178,0.1189510545428865,0.1946360186501416,0.2012669755228658,-0.004367529984101275,0.014418047416089513,17.22,0.7399999999999984,0.0449029126213591,16.363,-0.2039039699853023,0.16,0.0199999999999999,0.07,15.67394704137284,0.0,0,0.0,0.7593333333333334,0.2406666666666665,0,0,-0.0014261414391577,-0.0005298549541034,-0.0210318330661425,0.2083945606991032,0.2114514598748735,0.2510748992363991,16.48,16.41,20.0,0.14,0.15,0.09
2021-11-09,-0.0075713109659664,0.1177450971774584,0.1945728630504258,0.2014414731066418,-0.015905787434356874,0.014528638788128014,17.78,0.5600000000000023,0.0325203252032522,16.2595,-0.2325948595330199,0.14,-0.0199999999999999,0.04,15.893738989122994,0.0,0,0.0,0.7406666666666666,0.2593333333333334,0,0,0.0060099474357178,0.003945903265645,-0.0076810589476352,0.1946360186501416,0.2042317673752147,0.2429540854103591,17.22,16.03,19.85,0.16,0.15,0.1
2021-11-10,-0.0009535829074669,0.1156219648325475,0.1657227347683038,0.1996163176972901,-0.017211865198266372,0.04029531451056941,18.73,0.9499999999999992,0.0534308211473566,16.264,-0.482831050639585,0.17,0.03,0.06,15.761306557647654,0.0,0,0.0,0.709,0.291,0,0,-0.0075713109659664,0.0003521018803378,-0.0263668739334391,0.1945728630504258,0.2041447315705219,0.2639593089253003,17.78,15.1,18.64,0.14,0.17,0.11
2021-11-11,-5.968145484924747e-05,0.0766826551367183,0.1582764205870699,0.1984713327619504,-0.0040490395456557115,0.025010119083535978,17.66,-1.0700000000000005,-0.0571276027762946,16.304,-0.3641405676258363,0.17,0.0,0.07,15.576003105277978,0.0,0,0.0,0.7446666666666666,0.2553333333333334,0,0,-0.0009535829074669,-0.0131354755398641,0.0153420108013189,0.1657227347683038,0.2084301553061263,0.2684940455507702,18.73,15.44,16.86,0.17,0.14,0.1
2021-11-12,-0.0044747354451368,0.0811742644984059,0.1446734029247791,0.1978135417267517,-0.007106657239535212,0.0014993376714801786,16.29,-1.370000000000001,-0.0775764439411099,16.303500000000003,-0.2261370203812148,0.17,0.0,0.05,15.90902769700154,0.0,0,0.0,0.7903333333333333,0.2096666666666666,0,0,-5.968145484924747e-05,-0.0014261414391577,0.0192081521401397,0.1582764205870699,0.2083945606991032,0.2745152506266428,17.66,16.48,16.3,0.17,0.14,0.12
2021-11-15,-0.0017980836991222,0.0486934369486409,0.1448209871743649,0.1978981928048674,-0.01489831916730251,5.9959886750778546e-05,16.49,0.1999999999999993,0.0122774708410067,16.3125,-0.2282862590143694,0.18,0.0099999999999999,0.0699999999999999,15.686158376542902,0.0,0,0.0,0.7836666666666667,0.2163333333333332,0,0,-0.0044747354451368,0.0060099474357178,-0.0003602594982592,0.1446734029247791,0.1946360186501416,0.245109309153381,16.29,17.22,16.31,0.17,0.16,0.11
2021-11-16,-0.0072043617291128,0.0465050439194305,0.1396197381450691,0.1972169064656325,-0.014528638788127612,-0.019226287323440422,16.37,-0.1199999999999974,-0.0072771376591872,16.345999999999997,-0.1622403312000429,0.17,-0.0099999999999999,0.06,16.08826521482763,0.0,0,0.0,0.7876666666666666,0.2123333333333333,0,0,-0.0017980836991222,-0.0075713109659664,0.0121287729290229,0.1448209871743649,0.1945728630504258,0.2459074027001883,16.49,17.78,15.7,0.18,0.14,0.11
2021-11-17,-0.0053822692809603,0.0454421575057348,0.1295936340671953,0.1973454100611027,-0.01897140680687601,-0.03799916789455282,17.11,0.7399999999999984,0.0452046426389736,16.427,-0.1561490020184243,0.18,0.0099999999999999,0.0799999999999999,16.10901464313437,0.0,0,0.0,0.763,0.237,0,0,-0.0072043617291128,-0.0009535829074669,0.0134659345931695,0.1396197381450691,0.1657227347683038,0.2425153465918985,16.37,18.73,15.49,0.17,0.17,0.1
2021-11-18,-0.008633840167469,0.0418376017906903,0.1301107663956062,0.1939788585662542,-0.027583051266688974,-0.03879611032025552,17.59,0.4800000000000004,0.0280537697253069,16.556,-0.2138518935318191,0.18,0.0,0.06,15.91014866964019,0.0,0,0.0,0.747,0.253,0,0,-0.0053822692809603,-5.968145484924747e-05,-0.0078434635147809,0.1295936340671953,0.1582764205870699,0.2217499673498498,17.11,17.66,15.01,0.18,0.17,0.12
2021-11-19,-0.0130634956159664,0.0663915100183381,0.1225722578255985,0.1956511279646833,-0.036247847775160776,-0.06530739370011741,17.91,0.3200000000000003,0.0181921546333143,16.68,-0.2946259289858617,0.18,0.0,0.0499999999999999,16.31642186390422,0.0,0,0.0,0.7363333333333333,0.2636666666666667,0,0,-0.008633840167469,-0.0044747354451368,0.0134513763966808,0.1301107663956062,0.1446734029247791,0.2228260512644171,17.59,16.29,15.43,0.18,0.17,0.13
2021-11-22,0.021315042330789,0.2157207993608225,0.1496949056840722,0.1997294014246517,-0.013357091478311073,-0.039314510114616424,19.17,1.2600000000000016,0.0703517587939699,16.8765,-0.0569644245859748,0.2,0.02,0.06,16.493094747434917,0.0,0,0.0,0.6943333333333332,0.3056666666666667,0,0,-0.0130634956159664,-0.0017980836991222,-0.0048898351206594,0.1225722578255985,0.1448209871743649,0.2099548485345558,17.91,16.49,15.24,0.18,0.18,0.14
2021-11-23,0.0239122793201214,0.2771453702697313,0.1747007960972134,0.202418371740748,0.01750420520583343,-0.01837075752458132,19.38,0.2099999999999973,0.0109546165884193,17.0465,-0.0682818562223718,0.21,0.0099999999999999,0.0699999999999999,16.329522913833745,0.0,0,0.0,0.6873333333333334,0.3126666666666666,0,0,0.021315042330789,-0.0072043617291128,0.0026907191356395,0.1496949056840722,0.1396197381450691,0.2083986229958919,19.17,16.37,15.98,0.2,0.17,0.14
2021-11-24,-0.0078438889003855,0.282660825584435,0.1602271178591126,0.2030598174745058,0.01502619706293573,-0.0051972234721131185,18.58,-0.8000000000000007,-0.0412796697626419,17.1265,0.1048648597553057,0.24,0.03,0.12,16.080373118970968,0.0,0,0.0,0.7140000000000001,0.2859999999999999,0,0,0.0239122793201214,-0.0053822692809603,-0.0208283776341087,0.1747007960972134,0.1295936340671953,0.2236838535516927,19.38,17.11,16.98,0.21,0.18,0.12
2021-11-26,-0.0301270126870719,0.3692683197881239,0.1828236653618092,0.2129875571484477,-0.0068926322141187706,-0.050749765879460215,28.62,10.040000000000004,0.5403659849300324,17.731,-0.4910559365795906,0.2,-0.0399999999999999,0.05,16.42699853578274,0.0,0,0.0,0.3793333333333333,0.6206666666666667,0,0,-0.0078438889003855,-0.008633840167469,0.0150748822970936,0.1602271178591126,0.1301107663956062,0.22205366464259,18.58,17.59,16.53,0.24,0.18,0.15
2021-11-29,-0.0043229086832977,0.3566511416411188,0.1829341695245739,0.2130072221488666,0.0019246618661700318,-0.05231932824520732,22.96,-5.66,-0.1977638015373864,18.066,-0.4420721802028856,0.21,0.0099999999999999,0.06,16.30907966344551,0.0,0,0.0,0.568,0.432,0,0,-0.0301270126870719,-0.0130634956159664,-0.0027589043122105,0.1828236653618092,0.1225722578255985,0.2115179845431525,28.62,17.91,16.26,0.2,0.18,0.15
2021-11-30,-0.0148856885717177,0.3141437073847444,0.1878874561149523,0.2149041613438221,-0.03416398457077917,-0.06678692520049412,27.19,4.23,0.1842334494773518,18.605,-0.4740320405300117,0.24,0.03,0.09,16.75586758571232,0.0,0,0.0,0.4269999999999999,0.5730000000000001,0,0,-0.0043229086832977,0.021315042330789,-0.0005298549541034,0.1829341695245739,0.1496949056840722,0.2114514598748735,22.96,19.17,16.41,0.21,0.2,0.15
2021-12-01,-0.0059181497573478,0.1710441409519322,0.1860752858052249,0.2152230627423605,-0.06373057419938527,-0.07666079521603641,31.12,3.93,0.1445384332475174,19.3595,-0.4673103714357242,0.25,0.01,0.1,16.32131408907526,0.0,0,0.0,0.2959999999999999,0.7040000000000001,0,0,-0.0148856885717177,0.0239122793201214,0.003945903265645,0.1878874561149523,0.1747007960972134,0.2042317673752147,27.19,19.38,16.03,0.24,0.21,0.15
2021-12-02,0.0210274620273986,0.297204396940062,0.2053490888508872,0.219198644088082,-0.035046324173559074,-0.056203399115765815,27.95,-3.1700000000000017,-0.1018637532133677,20.002,-0.5045493340828888,0.27,0.02,0.1,16.378141923264266,0.0,0,0.0,0.4016666666666667,0.5983333333333333,0,0,-0.0059181497573478,-0.0078438889003855,0.0003521018803378,0.1860752858052249,0.1602271178591126,0.2041447315705219,31.12,18.58,15.1,0.25,0.24,0.17
2021-12-03,-0.0181130871639541,0.2437021339976237,0.2094924095408456,0.2223332856276819,-0.02273530450469147,-0.06126002753115502,30.67,2.7200000000000024,0.0973166368515205,20.7635,-0.5218322446178801,0.26,-0.01,0.12,16.355678531587696,0.0,0,0.0,0.3109999999999999,0.6890000000000001,0,0,0.0210274620273986,-0.0301270126870719,-0.0131354755398641,0.2053490888508872,0.1828236653618092,0.2084301553061263,27.95,28.62,15.44,0.27,0.2,0.14
2021-12-06,0.0118135853136298,0.2699112570220502,0.2159735542052064,0.2222845241322042,-0.006658675373820869,-0.04808851852234692,27.18,-3.490000000000002,-0.113791979132703,21.2985,-0.5508814832239075,0.28,0.02,0.14,16.23021834148873,0.0,0,0.0,0.4273333333333333,0.5726666666666667,0,0,-0.0181130871639541,-0.0043229086832977,-0.0014261414391577,0.2094924095408456,0.1829341695245739,0.2083945606991032,30.67,22.96,16.48,0.26,0.21,0.14
2021-12-07,0.015047814577852,0.2578149246636103,0.2228103702589599,0.2220467575113069,0.02327463630099063,-0.03914475891540222,21.89,-5.289999999999999,-0.1946284032376747,21.532,-0.5993344172482563,0.31,0.0299999999999999,0.15,16.103144538011456,0.0,0,0.0,0.6036666666666666,0.3963333333333334,0,0,0.0118135853136298,-0.0148856885717177,0.0060099474357178,0.2159735542052064,0.1878874561149523,0.1946360186501416,27.18,27.19,17.22,0.28,0.24,0.16
2021-12-08,-0.0114414530718355,0.2747145957127754,0.2245477379367974,0.2202812967363535,0.017702957633527833,-0.04305205014815172,19.9,-1.990000000000002,-0.090909090909091,21.638,-0.5612339818896654,0.29,-0.02,0.1499999999999999,16.275586546050228,0.0,0,0.0,0.67,0.3299999999999999,0,0,0.015047814577852,-0.0059181497573478,-0.0075713109659664,0.2228103702589599,0.1860752858052249,0.1945728630504258,21.89,31.12,17.78,0.31,0.25,0.14
2021-12-09,-0.0015556542389733,0.2280669175009655,0.2245152544115582,0.219908408548528,-0.004663343899180867,-0.043654877816680315,21.58,1.6799999999999995,0.0844221105527638,21.7805,-0.5595188826550036,0.28,-0.0099999999999999,0.11,16.230495422815927,0.0,0,0.0,0.6140000000000001,0.3859999999999999,0,0,-0.0114414530718355,0.0210274620273986,-0.0009535829074669,0.2245477379367974,0.2053490888508872,0.1657227347683038,19.9,27.95,18.73,0.29,0.27,0.17
2021-12-10,-0.0039885513130436,0.1762921003206178,0.224456393143088,0.2200830248060587,0.009619266606694031,-0.04759172137880528,18.69,-2.889999999999997,-0.1339202965708988,21.832,-0.5404746619899938,0.27,-0.01,0.1,16.15783555623112,0.0,0,0.0,0.7103333333333333,0.2896666666666667,0,0,-0.0015556542389733,-0.0181130871639541,-5.968145484924747e-05,0.2245152544115582,0.2094924095408456,0.1582764205870699,21.58,30.67,17.66,0.28,0.26,0.17
2021-12-13,-0.0118883822677708,0.1733974623555274,0.2269407227905263,0.2214383128073902,-0.014084697257449468,-0.055066558540261185,20.31,1.6199999999999974,0.0866773675762437,22.033,-0.5557662008698567,0.27,0.0,0.1,16.30615082245694,0.0,0,0.0,0.6563333333333334,0.3436666666666665,0,0,-0.0039885513130436,0.0118135853136298,-0.0044747354451368,0.224456393143088,0.2159735542052064,0.1446734029247791,18.69,27.18,16.29,0.27,0.28,0.17
2021-12-14,0.007662193860819,0.1281386028999718,0.2299169325500517,0.2125914118144757,-0.021387428256007566,-0.045633868004107285,21.89,1.5800000000000018,0.0777941900541605,22.303,-0.5345614753042758,0.26,-0.01,0.08,16.346314381734295,0.0,0,0.0,0.6036666666666666,0.3963333333333334,0,0,-0.0118883822677708,0.015047814577852,-0.0017980836991222,0.2269407227905263,0.2228103702589599,0.1448209871743649,20.31,21.89,16.49,0.27,0.31,0.18
2021-12-15,-0.0074783078520558,0.1165397450911326,0.2299977889092323,0.2132629347832,-0.017386428772552767,-0.04590984013257688,19.29,-2.6000000000000014,-0.1187756966651439,22.449,-0.5115131466696453,0.29,0.0299999999999999,0.1199999999999999,16.455581730609815,0.0,0,0.0,0.6903333333333334,0.3096666666666666,0,0,0.007662193860819,-0.0114414530718355,-0.0072043617291128,0.2299169325500517,0.2245477379367974,0.1396197381450691,21.89,19.9,16.37,0.26,0.29,0.17
2021-12-16,0.0156390357192219,0.1800204211158319,0.2380966315539342,0.2121086201642652,-0.00031155702157926665,-0.024995028031383582,20.57,1.2800000000000011,0.0663556246759979,22.622,-0.4746129628458861,0.26,-0.0299999999999999,0.08,16.788117541286265,0.0,0,0.0,0.6476666666666666,0.3523333333333334,0,0,-0.0074783078520558,-0.0015556542389733,-0.0053822692809603,0.2299977889092323,0.2245152544115582,0.1295936340671953,19.29,21.58,17.11,0.29,0.28,0.18
2021-12-17,-0.0227544924295814,0.2450929209240903,0.2492136886749235,0.2063582982675188,-0.019332401554830566,-0.03934107166694688,21.57,1.0,0.0486144871171609,22.821,-0.4639922065685017,0.27,0.01,0.09,17.150639395266722,0.0,0,0.0,0.6143333333333334,0.3856666666666666,0,0,0.0156390357192219,-0.0039885513130436,-0.008633840167469,0.2380966315539342,0.224456393143088,0.1301107663956062,20.57,18.69,17.59,0.26,0.27,0.18
2021-12-20,-0.0179892256094572,0.2613797887676667,0.2527984684868464,0.208025233147148,-0.025525786156131963,-0.04434449692123238,22.87,1.3000000000000007,0.0602688919796012,23.069,-0.4698006972679921,0.27,0.0,0.09,16.533379134019135,0.0,0,0.0,0.571,0.429,0,0,-0.0227544924295814,-0.0118883822677708,-0.0130634956159664,0.2492136886749235,0.2269407227905263,0.1225722578255985,21.57,20.31,17.91,0.27,0.27,0.18
2021-12-21,0.0139665503113144,0.283355301995469,0.2451517604994845,0.2039127260957079,-0.019288857734038663,-0.05156563425983489,21.01,-1.8599999999999997,-0.0813292522955837,23.161,-0.5385810371300546,0.29,0.0199999999999999,0.0899999999999999,16.239543164207827,0.0,0,0.0,0.633,0.367,0,0,-0.0179892256094572,0.007662193860819,0.021315042330789,0.2527984684868464,0.2299169325500517,0.1496949056840722,22.87,21.89,19.17,0.27,0.26,0.2
2021-12-22,0.0039079478307464,0.2856640620947381,0.2264667615938818,0.2039505953632865,-0.007882115504236063,-0.0712961608426464,18.63,-2.3800000000000026,-0.1132793907663018,23.1235,-0.5922685384753369,0.28,-0.0099999999999999,0.07,15.799679556631512,0.0,0,0.0,0.7123333333333334,0.2876666666666666,0,0,0.0139665503113144,-0.0074783078520558,0.0239122793201214,0.2451517604994845,0.2299977889092323,0.1747007960972134,21.01,19.29,19.38,0.29,0.29,0.21
2021-12-23,0.003573752074405,0.2511205427299374,0.2272194192628777,0.2041531849155192,-0.019832740333690566,-0.05985396542800988,17.96,-0.6699999999999982,-0.0359634997316156,23.0925,-0.6025896353697804,0.31,0.0299999999999999,0.07,15.901828527726945,0.0,0,0.0,0.7346666666666666,0.2653333333333334,0,0,0.0039079478307464,0.0156390357192219,-0.0078438889003855,0.2264667615938818,0.2380966315539342,0.1602271178591126,18.63,20.57,18.58,0.28,0.26,0.24
2021-12-27,0.0057232177901769,0.1889335908913592,0.2041011590121978,0.2027802164158936,0.008891533398202837,-0.023556906054625282,17.68,-0.2800000000000011,-0.0155902004454343,22.5455,-0.4412200382762282,0.33,0.02,0.13,15.638138812455274,0.0,0,0.0,0.744,0.256,0,0,0.003573752074405,-0.0227544924295814,-0.0301270126870719,0.2272194192628777,0.2492136886749235,0.1828236653618092,17.96,21.57,28.62,0.31,0.27,0.2
2021-12-28,0.003034969310685,0.0715081380114392,0.2042651178638816,0.1980337375347844,0.030074905290175338,-0.01619425349722708,17.54,-0.1400000000000005,-0.0079185520361991,22.2745,-0.4973725927946639,0.39,0.06,0.18,15.662752194322827,0.0,0,0.0,0.7486666666666667,0.2513333333333333,0,0,0.0057232177901769,-0.0179892256094572,-0.0043229086832977,0.2041011590121978,0.2527984684868464,0.1829341695245739,17.68,22.87,22.96,0.33,0.27,0.21
2021-12-29,-0.0005045866241529,0.0360649332856984,0.1972723002804489,0.1980334016020243,0.015700274553135937,-0.0017013751359197813,16.95,-0.5899999999999999,-0.0336374002280501,21.7625,-0.4423020753296706,0.38,-0.01,0.14,15.671636814834548,0.0,0,0.0,0.7683333333333333,0.2316666666666667,0,0,0.003034969310685,0.0139665503113144,-0.0148856885717177,0.2042651178638816,0.2451517604994845,0.1878874561149523,17.54,21.01,27.19,0.39,0.29,0.24
2021-12-30,-0.0005045161458174,0.0430889453123618,0.1960743050645359,0.1948574601742206,0.011295299457597338,0.003729712814336219,17.33,0.379999999999999,0.0224188790560471,21.073,-0.4348788997512187,0.38,0.0,0.13,15.753993335112947,0.0,0,0.0,0.7556666666666667,0.2443333333333333,0,0,-0.0005045866241529,0.0039079478307464,-0.0059181497573478,0.1972723002804489,0.2264667615938818,0.1860752858052249,16.95,18.63,31.12,0.38,0.28,0.25
2021-12-31,-0.0008199543038165,0.0458654551539589,0.1802981412868844,0.1947462480664259,0.006907627411280437,-0.01790001384317038,17.22,-0.1099999999999994,-0.0063473744950951,20.5365,-0.3942944083233364,0.39,0.01,0.12,15.574385372095122,0.0,0,0.0,0.7593333333333334,0.2406666666666665,0,0,-0.0005045161458174,0.003573752074405,0.0210274620273986,0.1960743050645359,0.2272194192628777,0.2053490888508872,17.33,17.96,27.95,0.38,0.31,0.27
2022-01-03,0.0211554649578515,0.148627030675634,0.1838473555049052,0.1993701568742481,0.02213551994528984,0.02131391839535602,16.6,-0.6199999999999974,-0.0360046457607431,19.833,-0.3006015146870917,0.4,0.01,0.14,16.389717012902768,0.0,0,0.0,0.7799999999999999,0.22,0,0,-0.0008199543038165,0.0057232177901769,-0.0181130871639541,0.1802981412868844,0.2041011590121978,0.2094924095408456,17.22,17.68,30.67,0.39,0.33,0.26
2022-01-04,0.0379096790491157,0.2737707032724869,0.221773165911604,0.2140731414944335,0.056313913410890745,0.046778335287484527,16.91,0.3099999999999987,0.0186746987951806,19.3195,-0.1440568262228352,0.38,-0.02,0.0999999999999999,16.820985269476076,0.0,0,0.0,0.7696666666666667,0.2303333333333332,1,0,0.0211554649578515,0.003034969310685,0.0118135853136298,0.1838473555049052,0.2042651178638816,0.2159735542052064,16.6,17.54,27.18,0.4,0.39,0.28
2022-01-05,-0.0182821776753151,0.3432097266513795,0.2281936384559416,0.212971145859254,0.03836726548626604,0.013391254049355619,19.73,2.8200000000000003,0.1667652276759315,19.2115,-0.1904271475376368,0.41,0.0299999999999999,0.0999999999999999,16.679960393812056,1.0,1,0.1111111111111111,0.6756666666666666,0.3243333333333333,0,0,0.0379096790491157,-0.0005045866241529,0.015047814577852,0.221773165911604,0.1972723002804489,0.2228103702589599,16.91,16.95,21.89,0.38,0.38,0.31
2022-01-06,0.0106241907684776,0.3355032724799386,0.2260134234693573,0.2135076374173045,0.049440059568258345,0.03546681474906672,19.61,-0.120000000000001,-0.0060821084642677,19.197,-0.2566734718126421,0.45,0.04,0.16,16.45795507315553,0.0,0,0.0,0.6796666666666666,0.3203333333333333,0,0,-0.0182821776753151,-0.0005045161458174,-0.0114414530718355,0.2281936384559416,0.1960743050645359,0.2245477379367974,19.73,17.33,19.9,0.41,0.38,0.29
2022-01-07,0.0099080024291544,0.322337354667728,0.2274108980384546,0.2069291247492348,0.06011959021919154,0.04688292027520202,18.76,-0.8499999999999979,-0.0433452320244771,19.056,-0.2624426634755614,0.43,-0.02,0.1499999999999999,16.4483558470326,0.0,0,0.0,0.708,0.292,0,0,0.0106241907684776,-0.0008199543038165,-0.0015556542389733,0.2260134234693573,0.1802981412868844,0.2245152544115582,19.61,17.22,21.58,0.45,0.39,0.28
2022-01-10,0.0009573453873399,0.3187259816590443,0.2262559084696174,0.2047128874488134,0.04014168270903014,0.05183633449769212,19.4,0.639999999999997,0.0341151385927502,19.0915,-0.3349858439855936,0.46,0.03,0.19,16.374480613436734,0.0,0,0.0,0.6866666666666668,0.3133333333333332,0,0,0.0099080024291544,0.0211554649578515,-0.0039885513130436,0.2274108980384546,0.1838473555049052,0.224456393143088,18.76,16.6,18.69,0.43,0.4,0.27
2022-01-11,0.0010161683193825,0.1858355284914297,0.2197831706012036,0.2010412246690048,0.003948568524709435,0.06481160106964343,18.41,-0.9899999999999984,-0.0510309278350514,18.9965,-0.2771336032058846,0.46,0.0,0.19,16.288184441624313,0.0,0,0.0,0.7196666666666667,0.2803333333333333,0,0,0.0009573453873399,0.0379096790491157,-0.0118883822677708,0.2262559084696174,0.221773165911604,0.2269407227905263,19.4,16.91,20.31,0.46,0.38,0.27
2022-01-12,0.0056717489813946,0.0733502199813215,0.2193707432783584,0.2013490386888357,0.028055655593426036,0.06283433789878921,17.62,-0.7899999999999991,-0.0429114611624117,18.783,-0.3136064749980514,0.48,0.0199999999999999,0.2199999999999999,16.346664538484745,0.0,0,0.0,0.746,0.254,0,0,0.0010161683193825,-0.0182821776753151,0.007662193860819,0.2197831706012036,0.2281936384559416,0.2299169325500517,18.41,19.73,21.89,0.46,0.41,0.26
2022-01-13,-0.0012466756162219,0.070969574042762,0.216446863710223,0.1998684323279202,0.016240051605610536,0.06909329512723002,20.31,2.6899999999999977,0.1526674233825198,18.834,-0.4082255098836355,0.47,-0.01,0.18,16.427299533828453,0.0,0,0.0,0.6563333333333334,0.3436666666666665,0,0,0.0056717489813946,0.0106241907684776,-0.0074783078520558,0.2193707432783584,0.2260134234693573,0.2299977889092323,17.62,19.61,19.29,0.48,0.45,0.29
2022-01-14,-0.0614632770014161,0.4633804069998057,0.3164250668528759,0.2366280109970319,-0.057052482655816764,-0.009858005359035471,19.19,-1.1199999999999974,-0.055145248645987,18.765,-0.174819574114474,0.51,0.04,0.25,17.50834221681803,0.0,0,0.0,0.6936666666666667,0.3063333333333333,1,0,-0.0012466756162219,0.0099080024291544,0.0156390357192219,0.216446863710223,0.2274108980384546,0.2380966315539342,20.31,18.76,20.57,0.47,0.43,0.26
2022-01-18,-0.0419281304091165,0.4930794051140072,0.3419231285415332,0.2512257975559509,-0.10084185345571947,-0.02967311740319677,22.79,3.599999999999998,0.1875977071391348,18.826,-0.342763381132914,0.58,0.0699999999999999,0.3099999999999999,17.291345326377414,0.0,0,0.0,0.5736666666666668,0.4263333333333332,1,0,-0.0614632770014161,0.0009573453873399,-0.0227544924295814,0.3164250668528759,0.2262559084696174,0.2492136886749235,19.19,19.4,21.57,0.51,0.46,0.27
2022-01-19,-0.0154692303460951,0.4611954756766879,0.3403835272439873,0.2507706244443648,-0.11744763312459316,-0.027110245898817772,23.85,1.0600000000000025,0.0465116279069768,18.875,-0.3359151871089683,0.57,-0.01,0.2999999999999999,16.923678305530803,0.0,0,0.0,0.5383333333333333,0.4616666666666666,0,0,-0.0419281304091165,0.0010161683193825,-0.0179892256094572,0.3419231285415332,0.2197831706012036,0.2527984684868464,22.79,18.41,22.87,0.58,0.46,0.27
2022-01-20,-0.0085271804306452,0.413126646685053,0.3363655042568331,0.2510463321072859,-0.13166710314083016,-0.04954390750800228,25.59,1.7399999999999984,0.0729559748427672,19.104000000000003,-0.3143046935730538,0.6,0.03,0.31,16.514237498896726,0.0,0,0.0,0.4803333333333334,0.5196666666666666,0,0,-0.0154692303460951,0.0056717489813946,0.0139665503113144,0.3403835272439873,0.2193707432783584,0.2451517604994845,23.85,17.62,21.01,0.57,0.48,0.29
2022-01-21,-0.0174727324125087,0.3638985449193346,0.3396161953065076,0.2527549044664807,-0.14804683213222106,-0.07107142150075497,28.85,3.2600000000000016,0.1273935130910513,19.615,-0.3404276891559476,0.58,-0.02,0.2999999999999999,16.845905142076845,0.0,0,0.0,0.3716666666666666,0.6283333333333334,0,0,-0.0085271804306452,-0.0012466756162219,0.0039079478307464,0.3363655042568331,0.216446863710223,0.2264667615938818,25.59,20.31,18.63,0.6,0.47,0.28
2022-01-24,-0.0008958858617622,0.2510163642864294,0.3387433433010376,0.2498568846967354,-0.08550982527885337,-0.07553509030419826,29.9,1.0499999999999972,0.0363951473136914,20.212,-0.3316182366758413,0.58,0.0,0.2699999999999999,17.16441066773788,0.0,0,0.0,0.3366666666666666,0.6633333333333333,0,0,-0.0174727324125087,-0.0614632770014161,0.003573752074405,0.3396161953065076,0.3164250668528759,0.2272194192628777,28.85,19.19,17.96,0.58,0.51,0.31
2022-01-25,0.010900190135358,0.1849115633618699,0.3411316796131023,0.2487781400833781,-0.031836130640371475,-0.07040078144177107,31.16,1.2600000000000016,0.0421404682274249,20.886,-0.312565004242436,0.65,0.07,0.32,16.755513449067585,0.0,0,0.0,0.2946666666666666,0.7053333333333334,0,0,-0.0008958858617622,-0.0419281304091165,0.0057232177901769,0.3387433433010376,0.3419231285415332,0.2041011590121978,29.9,22.79,17.68,0.58,0.58,0.33
2022-01-26,0.0094862335747578,0.1915285222446691,0.3435152235022645,0.2499590772414461,-0.006804481538509974,-0.06398963272750308,31.96,0.8000000000000007,0.0256739409499358,21.607000000000003,-0.3070237295015964,0.7,0.0499999999999999,0.3099999999999999,16.846083823448403,0.0,0,0.0,0.268,0.732,0,0,0.010900190135358,-0.0154692303460951,0.003034969310685,0.3411316796131023,0.3403835272439873,0.2042651178638816,31.16,23.85,17.54,0.65,0.57,0.39
2022-01-27,-0.0176449714886498,0.2221930709185729,0.3471833993155416,0.2519621443973093,-0.016043236499391874,-0.08128741856053007,30.49,-1.4700000000000024,-0.0459949937421777,22.284,-0.2590200025030593,0.75,0.05,0.37,16.679812145150198,0.0,0,0.0,0.317,0.6829999999999999,0,0,0.0094862335747578,-0.0085271804306452,-0.0005045866241529,0.3435152235022645,0.3363655042568331,0.1972723002804489,31.96,25.59,16.95,0.7,0.6,0.38
2022-01-28,0.0089466784455329,0.1914388879236171,0.3500586830232691,0.2527087689877152,0.010490839888810428,-0.07187588106954187,27.66,-2.8299999999999983,-0.0928173171531648,22.8005,-0.2863469166872734,0.75,0.0,0.37,16.462890373702916,0.0,0,0.0,0.4113333333333333,0.5886666666666667,0,0,-0.0176449714886498,-0.0174727324125087,-0.0005045161458174,0.3471833993155416,0.3396161953065076,0.1960743050645359,30.49,28.85,17.33,0.75,0.58,0.38
2022-01-31,0.0135733185526765,0.2040670962380379,0.3552051855211506,0.2547468706406559,0.024869153526054427,-0.057573564189424276,24.83,-2.830000000000002,-0.1023138105567607,23.181,-0.322697084208789,0.78,0.03,0.39,16.453546008496048,0.0,0,0.0,0.5056666666666667,0.4943333333333333,0,0,0.0089466784455329,-0.0008958858617622,-0.0008199543038165,0.3500586830232691,0.3387433433010376,0.1802981412868844,27.66,29.9,17.22,0.75,0.58,0.39
2022-02-01,0.0171602995084196,0.2193815270431089,0.3519774180962323,0.2566856204869741,0.031042666877616525,-0.06149363450944437,21.96,-2.869999999999997,-0.1155859846959322,23.449,-0.3453454007206897,0.78,0.0,0.38,16.49549737346524,0.0,0,0.0,0.6013333333333333,0.3986666666666667,0,0,0.0135733185526765,0.010900190135358,0.0211554649578515,0.3552051855211506,0.3411316796131023,0.1838473555049052,24.83,31.16,16.6,0.78,0.65,0.4
2022-02-02,-0.0080053853053736,0.2374999225917281,0.3183304429391575,0.2570139283433383,0.013563544627519223,-0.10674000151087458,22.09,0.129999999999999,0.0059198542805098,23.708,-0.3818556530734666,0.76,-0.02,0.38,16.336516146182138,0.0,0,0.0,0.597,0.403,0,0,0.0171602995084196,0.0094862335747578,0.0379096790491157,0.3519774180962323,0.3435152235022645,0.221773165911604,21.96,31.96,16.91,0.78,0.7,0.38
2022-02-03,-0.008270205710755,0.1907918128615688,0.3148042467518864,0.2568324289521343,0.02306145084156362,-0.09659323320523248,24.35,2.2600000000000016,0.1023087369850612,23.939,-0.3527632516346272,0.78,0.02,0.37,16.339229263698623,0.0,0,0.0,0.5216666666666666,0.4783333333333334,0,0,-0.0080053853053736,-0.0176449714886498,-0.0182821776753151,0.3183304429391575,0.3471833993155416,0.2281936384559416,22.09,30.49,19.73,0.76,0.75,0.41
2022-02-04,0.0259585825509698,0.2440079194244453,0.3288009210506426,0.2627194905138055,0.03978193485721352,-0.08153400578058669,23.22,-1.1300000000000026,-0.0464065708418892,24.1195,-0.378175811464726,0.89,0.1099999999999999,0.44,16.62818506378753,0.0,0,0.0,0.5593333333333333,0.4406666666666666,0,0,-0.008270205710755,0.0089466784455329,0.0106241907684776,0.3148042467518864,0.3500586830232691,0.2260134234693573,24.35,27.66,19.61,0.78,0.75,0.45
2022-02-07,0.0033428840573168,0.2401327408027056,0.3259371677819871,0.2629036941122195,0.029637217668687127,-0.08805593673992868,22.86,-0.3599999999999994,-0.0155038759689922,24.3245,-0.3674208132009383,0.88,-0.01,0.45,16.34700661870653,0.0,0,0.0,0.5713333333333334,0.4286666666666666,0,0,0.0259585825509698,0.0135733185526765,0.0099080024291544,0.3288009210506426,0.3552051855211506,0.2274108980384546,23.22,24.83,18.76,0.89,0.78,0.43
2022-02-08,0.0188150801486606,0.2450873035024064,0.3356920824373748,0.2660889913941892,0.031262758941096924,-0.07037255827737758,21.44,-1.4199999999999982,-0.0621172353455817,24.4265,-0.4012875129604737,0.91,0.03,0.45,16.831604175252362,0.0,0,0.0,0.6186666666666667,0.3813333333333333,0,0,0.0033428840573168,0.0171602995084196,0.0009573453873399,0.3259371677819871,0.3519774180962323,0.2262559084696174,22.86,21.96,19.4,0.88,0.78,0.46
2022-02-09,0.004167861509859,0.2135516965999904,0.3364398681657136,0.2662093041838082,0.04345955942164493,-0.06722901061393909,19.96,-1.4800000000000004,-0.0690298507462686,24.504,-0.4061584182726268,0.91,0.0,0.45,16.027196836757323,0.0,0,0.0,0.6679999999999999,0.3320000000000001,0,0,0.0188150801486606,-0.0080053853053736,0.0010161683193825,0.3356920824373748,0.3183304429391575,0.2197831706012036,21.44,22.09,18.41,0.91,0.76,0.46
2022-02-10,-0.0041505625400042,0.1938886471251135,0.334750536396838,0.2662850723809009,0.04760495297815873,-0.07704393582049979,23.91,3.9499999999999993,0.1978957915831662,24.8185,-0.3600183375946595,1.14,0.2299999999999998,0.6599999999999999,16.61617646354553,0.0,0,0.0,0.5363333333333333,0.4636666666666666,0,0,0.004167861509859,-0.008270205710755,0.0056717489813946,0.3364398681657136,0.3148042467518864,0.2193707432783584,19.96,24.35,17.62,0.91,0.78,0.48
2022-02-11,-0.0130172123547326,0.1859965470012291,0.336169121131404,0.267142727320541,0.008874896165167526,-0.08889916122102968,27.36,3.4499999999999997,0.1442910915934754,25.171,-0.3997496687792906,1.07,-0.0699999999999998,0.6000000000000001,16.638673625584694,0.0,0,0.0,0.4213333333333333,0.5786666666666667,0,0,-0.0041505625400042,0.0259585825509698,-0.0012466756162219,0.334750536396838,0.3288009210506426,0.216446863710223,23.91,23.22,20.31,1.14,0.89,0.47
2022-02-14,-0.0092904278172001,0.2004806547165381,0.2554114085075253,0.2675350566483897,-0.003796265886265174,-0.03479971997037709,28.33,0.9699999999999988,0.0354532163742689,25.628,-0.6984411005251381,1.13,0.0599999999999998,0.6199999999999999,16.650281570577615,0.0,0,0.0,0.389,0.611,0,0,-0.0130172123547326,0.0033428840573168,-0.0614632770014161,0.336169121131404,0.3259371677819871,0.3164250668528759,27.36,22.86,19.19,1.07,0.88,0.51
2022-02-15,0.0146239883665331,0.1759912147665786,0.2101511527131742,0.2689717233094972,-0.007918442726205076,0.02255085245213681,25.7,-2.629999999999999,-0.0928344511118954,25.7735,-0.6445362679152394,1.11,-0.0199999999999997,0.5300000000000001,16.066802461833923,0.0,0,0.0,0.4766666666666667,0.5233333333333333,0,0,-0.0092904278172001,0.0188150801486606,-0.0419281304091165,0.2554114085075253,0.3356920824373748,0.3419231285415332,28.33,21.44,22.79,1.13,0.91,0.58
2022-02-16,0.0018093401220398,0.1719012650529784,0.2006542332022532,0.2677764502686599,-0.010269937521552572,0.03994868498910151,24.29,-1.41,-0.054863813229572,25.7955,-0.639455864585663,1.09,-0.02,0.5200000000000001,16.021199323887245,0.0,0,0.0,0.5236666666666667,0.4763333333333333,0,0,0.0146239883665331,0.004167861509859,-0.0154692303460951,0.2101511527131742,0.3364398681657136,0.3403835272439873,25.7,19.96,23.85,1.11,0.91,0.57
2022-02-17,-0.0230319417074283,0.2304240235772584,0.2170887206791575,0.2679251745627911,-0.029412058623709974,0.025211108696620414,28.11,3.82,0.1572663647591601,25.9215,-0.6832431171290967,1.05,-0.04,0.45,16.24626905265139,0.0,0,0.0,0.3963333333333333,0.6036666666666667,0,0,0.0018093401220398,-0.0041505625400042,-0.0085271804306452,0.2006542332022532,0.334750536396838,0.3363655042568331,24.29,23.91,25.59,1.09,1.14,0.6
2022-02-18,0.0046884227596115,0.229897390609277,0.205477145769917,0.2631764837841837,-0.011631913522609774,0.04751575738858161,27.75,-0.3599999999999994,-0.0128068303094983,25.8665,-0.6508321809617862,1.03,-0.02,0.45,16.2779415962146,0.0,0,0.0,0.4083333333333333,0.5916666666666667,0,0,-0.0230319417074283,-0.0130172123547326,-0.0174727324125087,0.2170887206791575,0.336169121131404,0.3396161953065076,28.11,27.36,28.85,1.05,1.07,0.58
2022-02-22,-0.0017748859699778,0.2214918319074633,0.2056866903151999,0.2628501087023224,-0.004074523458875974,0.04663558184960031,28.81,1.0599999999999987,0.0381981981981982,25.812,-0.651591903909287,1.17,0.1399999999999999,0.59,16.24327358792054,0.0,0,0.0,0.373,0.627,0,0,0.0046884227596115,-0.0092904278172001,-0.0008958858617622,0.205477145769917,0.2554114085075253,0.3387433433010376,27.75,28.33,29.9,1.03,1.13,0.58
2022-02-23,-0.0209386809594045,0.2104453223381513,0.2190605776863332,0.2590729413745738,-0.039753616556868876,0.01463336653563941,31.02,2.210000000000001,0.0767094758764317,25.805,-0.6888597482967538,1.16,-0.01,0.5099999999999999,16.283525424835,0.0,0,0.0,0.2993333333333333,0.7006666666666667,0,0,-0.0017748859699778,0.0146239883665331,0.010900190135358,0.2056866903151999,0.2101511527131742,0.3411316796131023,28.81,25.7,31.16,1.17,1.11,0.65
2022-02-24,-0.0278432711836087,0.2298759079043419,0.2391046364714174,0.2648278573055793,-0.06979956567660738,-0.023046399148995887,30.32,-0.6999999999999993,-0.0225660863958736,25.722999999999995,-0.6128487483814006,1.08,-0.0799999999999998,0.3800000000000001,17.06025297920487,0.0,0,0.0,0.3226666666666666,0.6773333333333333,0,0,-0.0209386809594045,0.0018093401220398,0.0094862335747578,0.2190605776863332,0.2006542332022532,0.3435152235022645,31.02,24.29,31.96,1.16,1.09,0.7
2022-02-25,0.0236597633314448,0.3282407701292421,0.2456707667091771,0.2682683293139411,-0.023114035506849272,0.018140309689163015,27.59,-2.7300000000000004,-0.0900395778364115,25.578,-0.6919910648023403,1.13,0.0499999999999998,0.3799999999999999,16.726104299658832,0.0,0,0.0,0.4136666666666666,0.5863333333333334,0,0,-0.0278432711836087,-0.0230319417074283,-0.0176449714886498,0.2391046364714174,0.2170887206791575,0.3471833993155416,30.32,28.11,30.49,1.08,1.05,0.75
2022-02-28,-0.041697810172284,0.4061579761264617,0.2878241146199708,0.2813034479680101,-0.07038361436261847,-0.03335869686284729,30.15,2.5599999999999987,0.0927872417542587,25.7025,-0.6819610828364464,1.01,-0.1199999999999998,0.26,17.25961738590248,0.0,0,0.0,0.3283333333333333,0.6716666666666666,1,0,0.0236597633314448,0.0046884227596115,0.0089466784455329,0.2456707667091771,0.205477145769917,0.3500586830232691,27.59,27.75,27.66,1.13,1.03,0.75
2022-03-01,-0.0377290535678794,0.4194420627505734,0.3097779949248294,0.2872160208355261,-0.10706637029054587,-0.08529994196699998,33.32,3.1700000000000017,0.1051409618573797,26.127,-0.6828416193982874,0.91,-0.0999999999999999,0.13,17.42210565419985,0.0,0,0.0,0.2226666666666666,0.7773333333333333,1,0,-0.041697810172284,-0.0017748859699778,0.0135733185526765,0.2878241146199708,0.2056866903151999,0.3552051855211506,30.15,28.81,24.83,1.01,1.17,0.78
2022-03-02,0.0207401684395194,0.5146364698995064,0.3132109348618985,0.2892177067237342,-0.06537734677115886,-0.08178664711313599,30.74,-2.580000000000002,-0.0774309723889556,26.565999999999995,-0.6807996204162771,1.06,0.15,0.28,16.781072293704664,0.0,0,0.0,0.3086666666666667,0.6913333333333332,0,0,-0.0377290535678794,-0.0209386809594045,0.0171602995084196,0.3097779949248294,0.2190605776863332,0.3519774180962323,33.32,31.02,21.96,0.91,1.16,0.78
2022-03-03,-0.0071080676666155,0.4969693814834324,0.3130761819415045,0.2879616747049469,-0.044272553221612575,-0.08088249699812768,30.48,-0.259999999999998,-0.0084580351333766,26.9855,-0.6787878718427678,1.08,0.02,0.32,16.62736812921802,0.0,0,0.0,0.3173333333333333,0.6826666666666666,0,0,0.0207401684395194,-0.0278432711836087,-0.0080053853053736,0.3132109348618985,0.2391046364714174,0.3183304429391575,30.74,30.32,22.09,1.06,1.08,0.76
2022-03-04,-0.0281293072011292,0.4146494894374139,0.3247433943091599,0.2905859117871143,-0.09618927772710056,-0.10111041887950117,31.98,1.5,0.0492125984251967,27.367,-0.6800858291946884,1.05,-0.03,0.27,16.860794657930306,0.0,0,0.0,0.2673333333333333,0.7326666666666667,0,0,-0.0071080676666155,0.0236597633314448,-0.008270205710755,0.3130761819415045,0.2456707667091771,0.3148042467518864,30.48,27.59,24.35,1.08,1.13,0.78
2022-03-07,-0.0386158887928915,0.403739278499768,0.3252639025737529,0.2995195172771094,-0.09297841559246828,-0.16611904731252908,36.45,4.470000000000002,0.1397748592870544,28.0285,-0.7053144177262459,1.07,0.02,0.18,17.13187966883451,0.0,0,0.0,0.1183333333333332,0.8816666666666667,1,1,-0.0281293072011292,-0.041697810172284,0.0259585825509698,0.3247433943091599,0.2878241146199708,0.3288009210506426,31.98,30.15,23.22,1.05,1.01,0.89
2022-03-08,-0.0070427065701138,0.3662023118493891,0.3224083164176483,0.2995768690877907,-0.06158682020351177,-0.1765239798391989,35.13,-1.3200000000000005,-0.0362139917695473,28.642000000000003,-0.6953255461548333,1.12,0.05,0.2400000000000001,16.770827056563004,0.0,0,0.0,0.1623333333333332,0.8376666666666668,0,0,-0.0386158887928915,-0.0377290535678794,0.0033428840573168,0.3252639025737529,0.3097779949248294,0.3259371677819871,36.45,33.32,22.86,1.07,0.91,0.88
2022-03-09,0.0400621284273376,0.4789934822116061,0.3526372781183118,0.3122119977949062,-0.04283438943059807,-0.15588379548483097,32.45,-2.68,-0.0762880728721889,29.192500000000003,-0.6941439712483308,1.15,0.0299999999999998,0.2399999999999998,16.679777930799226,0.0,0,0.0,0.2516666666666666,0.7483333333333334,1,0,-0.0070427065701138,0.0207401684395194,0.0188150801486606,0.3224083164176483,0.3132109348618985,0.3356920824373748,35.13,30.74,21.44,1.12,1.06,0.91
2022-03-10,-0.0118403997445769,0.4792935108768984,0.3500164171579987,0.3122059999289795,-0.047611994658530374,-0.171954051078303,30.23,-2.2200000000000024,-0.0684129429892143,29.706,-0.660526488372393,1.19,0.04,0.2799999999999999,16.563050730838206,0.0,0,0.0,0.3256666666666666,0.6743333333333333,0,0,0.0400621284273376,-0.0071080676666155,0.004167861509859,0.3526372781183118,0.3130761819415045,0.3364398681657136,32.45,30.48,19.96,1.15,1.08,0.91
2022-03-11,-0.0225238930218744,0.466490964626274,0.353112569255381,0.3140374870712904,-0.04186090959783127,-0.1905762814554912,30.75,0.5199999999999996,0.0172014555077737,30.048,-0.7539039427411746,1.22,0.03,0.08,16.81432811712605,0.0,0,0.0,0.3083333333333333,0.6916666666666667,0,0,-0.0118403997445769,-0.0281293072011292,-0.0041505625400042,0.3500164171579987,0.3247433943091599,0.334750536396838,30.23,31.98,23.91,1.19,1.05,1.14
2022-03-14,0.0099308781662392,0.3839912737414991,0.359396682480014,0.3150895367926499,0.007402231837518028,-0.16759171164017858,31.77,1.0199999999999996,0.0331707317073171,30.2685,-0.7662529783937441,1.28,0.06,0.2099999999999999,16.574691103511746,0.0,0,0.0,0.2743333333333333,0.7256666666666667,0,0,-0.0225238930218744,-0.0386158887928915,-0.0130172123547326,0.353112569255381,0.3252639025737529,0.336169121131404,30.75,36.45,27.36,1.22,1.07,1.07
2022-03-15,0.0177461018581905,0.3892755193412476,0.3709695695661506,0.3156413758570581,0.03206033355990013,-0.14066738039303356,29.83,-1.9400000000000013,-0.0610638967579477,30.3435,-0.7783800225669228,1.28,0.0,0.1500000000000001,16.529980177108747,0.0,0,0.0,0.3390000000000001,0.6609999999999999,0,0,0.0099308781662392,-0.0070427065701138,-0.0092904278172001,0.359396682480014,0.3224083164176483,0.2554114085075253,31.77,35.13,28.33,1.28,1.12,1.13
2022-03-16,0.0446858734375408,0.4133975895851742,0.4062663505766911,0.3270673882290811,0.03649612396483753,-0.11146922879378839,26.67,-3.1599999999999966,-0.1059336238685885,30.392000000000003,-0.793781073995175,1.35,0.07,0.24,16.828832276237527,0.0,0,0.0,0.4443333333333332,0.5556666666666668,1,0,0.0177461018581905,0.0400621284273376,0.0146239883665331,0.3709695695661506,0.3526372781183118,0.2101511527131742,29.83,32.45,25.7,1.28,1.15,1.11
2022-03-17,0.0126445063066669,0.3766256703628229,0.4106296951293139,0.3266365319224047,0.060972411617908326,-0.10071170193884209,25.67,-1.0,-0.0374953130858642,30.461,-0.7999793632265811,1.3,-0.05,0.2099999999999999,16.65169014542632,0.0,0,0.0,0.4776666666666666,0.5223333333333334,0,0,0.0446858734375408,-0.0118403997445769,0.0018093401220398,0.4062663505766911,0.3500164171579987,0.2006542332022532,26.67,30.23,24.29,1.35,1.19,1.09
2022-03-18,-0.0003566595332727,0.2614699164924368,0.4051331830751508,0.3250813830396477,0.08339711887697783,-0.0777671039548034,23.87,-1.8000000000000007,-0.0701207635372029,30.249,-0.8124107683534767,1.29,-0.01,0.24,16.979148518849538,0.0,0,0.0,0.5376666666666666,0.4623333333333334,0,0,0.0126445063066669,-0.0225238930218744,-0.0230319417074283,0.4106296951293139,0.353112569255381,0.2170887206791575,25.67,30.75,28.11,1.3,1.22,1.05
2022-03-21,-0.003212056722452,0.2970416597246996,0.40388658828823,0.324884702596123,0.07029800137500893,-0.08566179674255989,23.53,-0.3399999999999998,-0.0142438206954336,30.038,-0.8132577832096752,1.4,0.1099999999999998,0.3699999999999999,16.355228967574394,0.0,0,0.0,0.5489999999999999,0.451,0,0,-0.0003566595332727,0.0099308781662392,0.0046884227596115,0.4051331830751508,0.359396682480014,0.205477145769917,23.87,31.77,27.75,1.29,1.28,1.03
2022-03-22,0.0212675209792936,0.3006188841836988,0.4137678419777054,0.3280812725861031,0.07375204658850303,-0.06284081034565459,22.94,-0.5899999999999999,-0.0250743731406715,29.7445,-0.8160638342420905,1.59,0.1900000000000001,0.4200000000000001,16.42179385272715,0.0,0,0.0,0.5686666666666667,0.4313333333333333,0,0,-0.003212056722452,0.0177461018581905,-0.0017748859699778,0.40388658828823,0.3709695695661506,0.2056866903151999,23.53,29.83,28.81,1.4,1.28,1.17
2022-03-23,-0.0199131742402296,0.250511150488642,0.4131794369337471,0.3299113847880786,0.009921692414125927,-0.061793919822793586,23.57,0.629999999999999,0.0274629468177853,29.372000000000003,-0.8173863816290279,1.52,-0.07,0.3600000000000001,16.308153951815093,0.0,0,0.0,0.5476666666666666,0.4523333333333333,0,0,0.0212675209792936,0.0446858734375408,-0.0209386809594045,0.4137678419777054,0.4062663505766911,0.2190605776863332,22.94,26.67,31.02,1.59,1.35,1.16
2022-03-24,0.0065102072884766,0.2377307812741253,0.4034180831183596,0.3302108285185214,0.0038455677370947275,-0.027066568525139986,21.67,-1.8999999999999984,-0.0806109461179465,28.9395,-0.8417222500472321,1.55,0.03,0.47,16.119854203797487,0.0,0,0.0,0.611,0.389,0,0,-0.0199131742402296,0.0126445063066669,-0.0278432711836087,0.4131794369337471,0.4106296951293139,0.2391046364714174,23.57,25.67,30.32,1.52,1.3,1.08
2022-03-25,0.0087425414627662,0.2436569459802167,0.3947513437264064,0.3309158435223454,0.012906837622068828,-0.041746230825885286,20.81,-0.860000000000003,-0.0396862021227505,28.6005,-0.8338755012652761,1.67,0.1199999999999998,0.54,15.941776165641915,0.0,0,0.0,0.6396666666666667,0.3603333333333333,0,0,0.0065102072884766,-0.0003566595332727,0.0236597633314448,0.4034180831183596,0.4051331830751508,0.2456707667091771,21.67,23.87,27.59,1.55,1.29,1.13
2022-03-28,-0.0073987867819659,0.251668128090137,0.3655496534578779,0.3311087205465731,0.008697770505223627,-0.006580411874717793,19.63,-1.1799999999999995,-0.0567035079288803,28.0745,-0.7880272100897512,1.69,0.02,0.6799999999999999,16.19673130766129,0.0,0,0.0,0.679,0.3209999999999999,0,0,0.0087425414627662,-0.003212056722452,-0.041697810172284,0.3947513437264064,0.40388658828823,0.2878241146199708,20.81,23.53,30.15,1.67,1.4,1.01
2022-03-29,0.0022008247422429,0.1881380766013689,0.3366475602509009,0.3312071265404879,-0.010148346470414075,0.03407721347447721,18.9,-0.7300000000000004,-0.0371879775853286,27.353500000000004,-0.7442232882012815,1.67,-0.02,0.7599999999999999,16.24177248401846,0.0,0,0.0,0.7033333333333334,0.2966666666666666,0,0,-0.0073987867819659,0.0212675209792936,-0.0377290535678794,0.3655496534578779,0.4137678419777054,0.3097779949248294,19.63,22.94,33.32,1.69,1.59,0.91
2022-03-30,-0.0045330982066995,0.110159988993911,0.3297462464826126,0.327831597661174,0.005422363205094427,0.009005790153459706,19.33,0.4299999999999997,0.0227513227513227,26.783,-0.7294841505529904,1.64,-0.03,0.5799999999999998,15.986961496945597,0.0,0,0.0,0.6890000000000001,0.3109999999999999,0,0,0.0022008247422429,-0.0199131742402296,0.0207401684395194,0.3366475602509009,0.4131794369337471,0.3132109348618985,18.9,23.57,30.74,1.67,1.52,1.06
2022-03-31,-0.0300268968079134,0.236354420289265,0.346846409839283,0.3223501689257968,-0.031553680747872875,-0.014347696051400297,20.56,1.2300000000000004,0.0636316606311433,26.287,-0.756320824681313,1.63,-0.01,0.5499999999999998,16.66932788058264,0.0,0,0.0,0.648,0.352,0,0,-0.0045330982066995,0.0065102072884766,-0.0071080676666155,0.3297462464826126,0.4034180831183596,0.3130761819415045,19.33,21.67,30.48,1.64,1.55,1.08
2022-04-01,-0.0074093065296942,0.1961033677050819,0.3321817352652176,0.3209358315506945,-0.04769511926562538,0.006747927635589908,19.63,-0.9299999999999996,-0.0452334630350194,25.6695,-0.7222804704828014,1.72,0.09,0.6699999999999999,16.570527102355097,0.0,0,0.0,0.679,0.3209999999999999,0,0,-0.0300268968079134,0.0087425414627662,-0.0281293072011292,0.346846409839283,0.3947513437264064,0.3247433943091599,20.56,20.81,31.98,1.63,1.67,1.05
2022-04-04,0.004434395488299,0.2206572834897377,0.2972711364220732,0.3200573119774614,-0.03584423317277767,0.05055377054497281,18.57,-1.0599999999999987,-0.0539989811512989,24.7755,-0.6338320670856179,1.72,0.0,0.6499999999999999,16.67292290643623,0.0,0,0.0,0.7143333333333333,0.2856666666666667,0,0,-0.0074093065296942,-0.0073987867819659,-0.0386158887928915,0.3321817352652176,0.3655496534578779,0.3252639025737529,19.63,19.63,36.45,1.72,1.69,1.07
2022-04-05,-0.0116372210291288,0.204993826909262,0.2997025365393957,0.3193250516255704,-0.049748103084784674,0.045915930593204306,21.03,2.460000000000001,0.1324717285945074,24.070500000000003,-0.5976863417407234,1.77,0.05,0.6499999999999999,16.30956697071171,1.0,1,0.1111111111111111,0.6323333333333333,0.3676666666666667,0,0,0.004434395488299,0.0022008247422429,-0.0070427065701138,0.2972711364220732,0.3366475602509009,0.3224083164176483,18.57,18.9,35.13,1.72,1.67,1.12
2022-04-06,-0.0138743371253918,0.2002004216186786,0.2707556088778591,0.3198713988841444,-0.059176184597986174,-0.007336005013928391,22.1,1.0700000000000005,0.0508796956728483,23.553,-0.5951476975310263,1.79,0.02,0.6400000000000001,16.37387683286971,0.0,0,0.0,0.5966666666666667,0.4033333333333333,0,0,-0.0116372210291288,-0.0045330982066995,0.0400621284273376,0.2997025365393957,0.3297462464826126,0.3526372781183118,21.03,19.33,32.45,1.77,1.64,1.15
2022-04-07,-0.0030420998918569,0.1163701900086008,0.2675521805337591,0.3197134264827551,-0.03173598454431617,0.0015283140628139093,21.55,-0.5500000000000007,-0.0248868778280543,23.119,-0.646847638323544,1.78,-0.01,0.5900000000000001,16.380013738980825,0.0,0,0.0,0.615,0.385,0,0,-0.0138743371253918,-0.0300268968079134,-0.0118403997445769,0.2707556088778591,0.346846409839283,0.3500164171579987,22.1,20.56,30.23,1.79,1.63,1.19
2022-04-08,0.0183079715083198,0.2073804938103378,0.2605237327933157,0.322331030212632,-0.006156694343963872,0.04245214288945731,21.16,-0.3900000000000005,-0.0180974477958236,22.6395,-0.6272905271659197,1.81,0.03,0.5900000000000001,16.390174194049177,0.0,0,0.0,0.628,0.372,0,0,-0.0030420998918569,-0.0074093065296942,-0.0225238930218744,0.2675521805337591,0.3321817352652176,0.353112569255381,21.55,19.63,30.75,1.78,1.72,1.22
2022-04-11,-0.0036706110712318,0.2013483871459621,0.2596118864930254,0.3222888266443758,-0.014258651164799473,0.028892887542655305,24.37,3.210000000000001,0.1517013232514177,22.2695,-0.5913395491600616,1.85,0.04,0.5700000000000001,16.163680779722636,0.0,0,0.0,0.5209999999999999,0.4790000000000001,0,0,0.0183079715083198,0.004434395488299,0.0099308781662392,0.2605237327933157,0.2972711364220732,0.359396682480014,21.16,18.57,31.77,1.81,1.72,1.28
2022-04-12,-0.0109774827863327,0.1995475201331489,0.2558592174249784,0.2978364382277061,-0.013591367688433774,0.0002642293448704043,24.26,-0.1099999999999994,-0.0045137464095198,21.991,-0.5696997676902373,1.77,-0.08,0.49,16.37968276737063,0.0,0,0.0,0.5246666666666666,0.4753333333333334,0,0,-0.0036706110712318,-0.0116372210291288,0.0177461018581905,0.2596118864930254,0.2997025365393957,0.3709695695661506,24.37,21.03,29.83,1.85,1.77,1.28
2022-04-13,-0.0322335267385338,0.2902859787435978,0.2247276587677413,0.2927449706032647,-0.03238434976365327,-0.07621647874241919,21.82,-2.4400000000000013,-0.1005770816158285,21.7485,-0.2412166053171422,1.78,0.01,0.4299999999999999,17.24425828614096,0.0,0,0.0,0.606,0.394,0,0,-0.0109774827863327,-0.0138743371253918,0.0446858734375408,0.2558592174249784,0.2707556088778591,0.4062663505766911,24.26,22.1,26.67,1.77,1.79,1.35
2022-04-14,-0.0092693386903576,0.2890270111505352,0.2168633731420985,0.2918504681057965,-0.03865017962567027,-0.09809427718076469,22.7,0.879999999999999,0.0403299725022914,21.6,-0.2307188804988311,1.84,0.06,0.54,16.751238070673317,0.0,0,0.0,0.5766666666666667,0.4233333333333333,0,0,-0.0322335267385338,-0.0030420998918569,0.0126445063066669,0.2247276587677413,0.2675521805337591,0.4106296951293139,21.82,21.55,25.67,1.78,1.78,1.3
2022-04-18,0.0185536425273131,0.2903892592838303,0.2317665040931527,0.2947281996158742,-0.03840895457779097,-0.07935393056531148,22.17,-0.5299999999999976,-0.0233480176211452,21.515,-0.2319991843931695,1.84,0.0,0.55,16.286521187059584,0.0,0,0.0,0.5943333333333333,0.4056666666666667,0,0,-0.0092693386903576,0.0183079715083198,-0.0003566595332727,0.2168633731420985,0.2605237327933157,0.4051331830751508,22.7,21.16,23.87,1.84,1.81,1.29
2022-04-19,0.0207069437785196,0.3549261011443809,0.2475331178328566,0.296553962148076,-0.01423612092155907,-0.05564123475391269,21.37,-0.8000000000000007,-0.0360847992783039,21.407,-0.2574484040275001,1.94,0.0999999999999998,0.54,16.52458696566966,0.0,0,0.0,0.621,0.379,0,0,0.0185536425273131,-0.0036706110712318,-0.003212056722452,0.2317665040931527,0.2596118864930254,0.40388658828823,22.17,24.37,23.53,1.84,1.85,1.4
2022-04-20,0.0035081347048184,0.3487428843614413,0.2325139595665093,0.2967331379297352,0.00030405459319452974,-0.07318376265043809,20.32,-1.0500000000000007,-0.0491343004211511,21.276,-0.2595247072216849,1.93,-0.01,0.3399999999999998,16.41301653488035,0.0,0,0.0,0.6559999999999999,0.3440000000000001,0,0,0.0207069437785196,-0.0109774827863327,0.0212675209792936,0.2475331178328566,0.2558592174249784,0.4137678419777054,21.37,24.26,22.94,1.94,1.77,1.59
2022-04-21,-0.0077520523948796,0.2230487259407507,0.2249359200533018,0.2958809388983747,0.025286266287844524,-0.060851904868700596,22.68,2.3599999999999994,0.1161417322834645,21.2315,-0.2509796649327196,2.01,0.0799999999999998,0.4899999999999997,16.31482959849606,0.0,0,0.0,0.5773333333333334,0.4226666666666666,0,0,0.0035081347048184,-0.0322335267385338,-0.0199131742402296,0.2325139595665093,0.2247276587677413,0.4131794369337471,20.32,21.82,23.57,1.93,1.78,1.52
2022-04-22,-0.028722167867356,0.3247679270741789,0.2399672597466011,0.3001549082577814,0.0054561109148700306,-0.09648373400298939,28.21,5.530000000000001,0.2438271604938271,21.5585,-0.3930394029464197,2.06,0.0500000000000002,0.51,16.47708398694102,0.0,0,0.0,0.393,0.607,0,0,-0.0077520523948796,-0.0092693386903576,0.0065102072884766,0.2249359200533018,0.2168633731420985,0.4034180831183596,22.68,22.7,21.67,2.01,1.84,1.55
2022-04-25,-0.0003155774485505,0.2869746448502434,0.2353134493682173,0.2984676513018444,-0.01324313980276407,-0.10550390799014438,27.02,-1.1900000000000013,-0.0421836228287841,21.869,-0.3801716448540629,2.03,-0.0300000000000002,0.3599999999999999,16.65745047915072,0.0,0,0.0,0.4326666666666666,0.5673333333333334,0,0,-0.028722167867356,0.0185536425273131,0.0087425414627662,0.2399672597466011,0.2317665040931527,0.3947513437264064,28.21,22.17,20.81,2.06,1.84,1.67
2022-04-26,-0.0295811288395253,0.2523312667168098,0.2511937650724594,0.3029383006886796,-0.06376608392030597,-0.1281050891794423,33.52,6.500000000000004,0.2405625462620282,22.5635,-0.4960207548677764,1.99,-0.0399999999999998,0.3,16.660972172996882,0.0,0,0.0,0.2159999999999998,0.7840000000000001,0,0,-0.0003155774485505,0.0207069437785196,-0.0073987867819659,0.2353134493682173,0.2475331178328566,0.3655496534578779,27.02,21.37,19.63,2.03,1.94,1.69
2022-04-27,-0.0130059949190085,0.2087160765083302,0.2501087904878179,0.3017304012093109,-0.08035939292090256,-0.1433948091009266,31.6,-1.9200000000000017,-0.0572792362768497,23.198500000000003,-0.4546949029322611,1.97,-0.02,0.3,16.66130333055067,0.0,0,0.0,0.2799999999999999,0.7200000000000001,0,0,-0.0295811288395253,0.0035081347048184,0.0022008247422429,0.2511937650724594,0.2325139595665093,0.3366475602509009,33.52,20.32,18.9,1.99,1.93,1.67
2022-04-28,0.0158128138340523,0.3095862124045573,0.2629102605684701,0.3013622561725493,-0.05688804334461707,-0.1231623114184121,29.99,-1.610000000000003,-0.0509493670886076,23.731500000000004,-0.4810348264618235,2.04,0.07,0.4000000000000001,16.38165927283217,0.0,0,0.0,0.3336666666666666,0.6663333333333333,0,0,-0.0130059949190085,-0.0077520523948796,-0.0045330982066995,0.2501087904878179,0.2249359200533018,0.3297462464826126,31.6,22.68,19.33,1.97,2.01,1.64
2022-04-29,-0.0322684021131262,0.32358235640555,0.2658614649364861,0.3072524538826251,-0.06054582668979787,-0.12547587994491438,33.4,3.41,0.1137045681893964,24.3735,-0.5117472000215332,2.1,0.06,0.4700000000000002,16.515179131155218,0.0,0,0.0,0.22,0.7799999999999999,0,0,0.0158128138340523,-0.028722167867356,-0.0300268968079134,0.2629102605684701,0.2399672597466011,0.346846409839283,29.99,28.21,20.56,2.04,2.06,1.63
2022-05-02,0.0091320593371424,0.3509164323447568,0.2713193632849114,0.3082004732821592,-0.051139585224455775,-0.10894837394897479,32.34,-1.0599999999999952,-0.0317365269461076,25.009000000000004,-0.5349787861345277,2.1,0.0,0.3800000000000001,16.735710822828718,0.0,0,0.0,0.2553333333333332,0.7446666666666668,0,0,-0.0322684021131262,-0.0003155774485505,-0.0074093065296942,0.2658614649364861,0.2353134493682173,0.3321817352652176,33.4,27.02,19.63,2.1,2.03,1.72
2022-05-03,0.0214194846743736,0.3571938607681419,0.285566774050213,0.3065469942617341,8.120101964833454e-05,-0.09217965498701629,29.25,-3.0900000000000034,-0.0955473098330241,25.543,-0.5671548296600434,2.16,0.06,0.4400000000000001,16.570501658844492,0.0,0,0.0,0.3583333333333333,0.6416666666666667,0,0,0.0091320593371424,-0.0295811288395253,0.004434395488299,0.2713193632849114,0.2511937650724594,0.2972711364220732,32.34,33.52,18.57,2.1,1.99,1.72
2022-05-04,0.0330814549639379,0.3964675409344396,0.3128763157695731,0.3150411108038156,0.04571855431582224,-0.04792815170031969,25.42,-3.8299999999999983,-0.1309401709401708,25.7625,-0.6188744173714169,2.07,-0.0900000000000003,0.2999999999999998,16.656254359174177,0.0,0,0.0,0.486,0.514,0,0,0.0214194846743736,-0.0130059949190085,-0.0116372210291288,0.285566774050213,0.2501087904878179,0.2997025365393957,29.25,31.6,21.03,2.16,1.97,1.77
2022-05-05,-0.0250197911825903,0.4562734727492769,0.3209510318776865,0.3150451835005022,0.00469135364669214,-0.05929477317373379,31.2,5.779999999999998,0.2273800157356411,26.2175,-0.6489621820553855,2.08,0.0100000000000002,0.29,16.52724735521246,0.0,0,0.0,0.2933333333333333,0.7066666666666667,0,0,0.0330814549639379,0.0158128138340523,-0.0138743371253918,0.3128763157695731,0.2629102605684701,0.2707556088778591,25.42,29.99,22.1,2.07,2.04,1.79
2022-05-06,-0.0016137967233398,0.3530285221281563,0.3209864103768072,0.314651265083518,0.03587675841437354,-0.057863136986224695,30.19,-1.009999999999998,-0.0323717948717947,26.6495,-0.64967285806713,2.08,0.0,0.3,16.483981117506108,0.0,0,0.0,0.3269999999999999,0.673,0,0,-0.0250197911825903,-0.0322684021131262,-0.0030420998918569,0.3209510318776865,0.2658614649364861,0.2675521805337591,31.2,33.4,21.55,2.08,2.1,1.78
2022-05-09,-0.0150338987918635,0.3852148013397012,0.3137201725421326,0.315508883662726,0.01163809078324474,-0.09115358882176619,34.75,4.559999999999999,0.1510433918516065,27.329,-0.6577618788123057,1.99,-0.09,0.1799999999999999,16.476629935251943,0.0,0,0.0,0.175,0.825,0,0,-0.0016137967233398,0.0091320593371424,0.0183079715083198,0.3209864103768072,0.2713193632849114,0.2605237327933157,30.19,32.34,21.16,2.08,2.1,1.81
2022-05-10,-0.0243721725050211,0.3813037292889735,0.3216907030307129,0.317819430742216,-0.03422931028436666,-0.11215031410658349,32.99,-1.759999999999998,-0.0506474820143884,27.76,-0.6237959374048696,2.01,0.0199999999999997,0.1599999999999997,16.611718206843804,0.0,0,0.0,0.2336666666666665,0.7663333333333334,0,0,-0.0150338987918635,0.0214194846743736,-0.0036706110712318,0.3137201725421326,0.285566774050213,0.2596118864930254,34.75,29.25,24.37,1.99,2.16,1.85
2022-05-11,-0.0063084507290397,0.1691433966640854,0.3210699815021653,0.3176709481014677,-0.07310378322114747,-0.10744056723303338,32.56,-0.4299999999999997,-0.0130342528038799,28.175,-0.6269098423823676,1.99,-0.0199999999999997,0.2199999999999999,16.49860534694734,0.0,0,0.0,0.2479999999999999,0.7520000000000001,0,0,-0.0243721725050211,0.0330814549639379,-0.0109774827863327,0.3216907030307129,0.3128763157695731,0.2558592174249784,32.99,25.42,24.26,2.01,2.07,1.77
2022-05-12,-0.0008465192968427,0.1605235679996574,0.3045159901878373,0.315370667813265,-0.04861255417866156,-0.07552297758874209,31.77,-0.7900000000000027,-0.0242628992628993,28.6725,-0.7651327362598643,1.96,-0.03,0.1799999999999999,16.607828436664064,0.0,0,0.0,0.2743333333333333,0.7256666666666667,0,0,-0.0063084507290397,-0.0250197911825903,-0.0322335267385338,0.3210699815021653,0.3209510318776865,0.2247276587677413,32.56,31.2,21.82,1.99,2.08,1.78
2022-05-13,0.0088953007362688,0.2049155719139105,0.3069543116379966,0.3162914336606481,-0.03814148327061356,-0.05735444063116799,28.87,-2.8999999999999986,-0.0912810827824991,28.981,-0.7701683923818776,2.04,0.08,0.1999999999999999,16.161461702619174,0.0,0,0.0,0.371,0.629,0,0,-0.0008465192968427,-0.0016137967233398,-0.0092693386903576,0.3045159901878373,0.3209864103768072,0.2168633731420985,31.77,30.19,22.7,1.96,2.08,1.84
2022-05-16,-0.0069693571737872,0.1939471759278531,0.2966980942268525,0.3138565743191546,-0.029987186426243963,-0.0827318206702192,27.47,-1.400000000000002,-0.0484932455836508,29.246,-0.7659683740866503,2.07,0.0299999999999998,0.2299999999999997,16.144640303560895,0.0,0,0.0,0.4176666666666667,0.5823333333333333,0,0,0.0088953007362688,-0.0150338987918635,0.0185536425273131,0.3069543116379966,0.3137201725421326,0.2317665040931527,28.87,34.75,22.17,2.04,1.99,1.84
2022-05-17,0.0331472565306332,0.261144157519234,0.3127208173828105,0.3222619489175651,0.02729663543579534,-0.07061755774922908,26.1,-1.3699999999999974,-0.0498725882781214,29.4825,-0.7501559591667923,2.16,0.0900000000000003,0.2200000000000002,16.227864525507936,0.0,0,0.0,0.4633333333333332,0.5366666666666667,0,0,-0.0069693571737872,-0.0243721725050211,0.0207069437785196,0.2966980942268525,0.3216907030307129,0.2475331178328566,27.47,32.99,21.37,2.07,2.01,1.94
2022-05-18,-0.0171060816240578,0.3007322916696011,0.315198984374021,0.3234606483358554,0.016370987665154144,-0.09137363416107379,30.96,4.859999999999999,0.186206896551724,30.014500000000005,-0.7506064481646075,2.16,0.0,0.2300000000000002,16.35434502456936,0.0,0,0.0,0.3013333333333333,0.6986666666666667,0,0,0.0331472565306332,-0.0063084507290397,0.0035081347048184,0.3127208173828105,0.3210699815021653,0.2325139595665093,26.1,32.56,20.32,2.16,1.99,1.93
2022-05-19,-0.0148220736101953,0.3282598853256686,0.3171817179947473,0.3222817555071458,0.002284847267771643,-0.09852439660881498,29.35,-1.6099999999999994,-0.0520025839793281,30.347999999999995,-0.7269578973204394,2.11,-0.0500000000000002,0.1,16.362280356395267,0.0,0,0.0,0.355,0.645,0,0,-0.0171060816240578,-0.0008465192968427,-0.0077520523948796,0.315198984374021,0.3045159901878373,0.2249359200533018,30.96,31.77,22.68,2.16,1.96,2.01
2022-05-20,-0.0081989292399828,0.323091338574124,0.3044359773627527,0.3183561534083773,-0.014803848659192159,-0.0776144002052302,29.43,0.0799999999999983,0.0027257240204427,30.409,-0.6967474405012385,2.07,-0.04,0.0099999999999997,16.39193999716692,0.0,0,0.0,0.3523333333333334,0.6476666666666666,0,0,-0.0148220736101953,0.0088953007362688,-0.028722167867356,0.3171817179947473,0.3069543116379966,0.2399672597466011,29.35,28.87,28.21,2.11,2.04,2.06
2022-05-23,0.061871627071727,0.544751789706031,0.3798382232143725,0.339650257819576,0.05222294496563994,-0.01726573590181519,28.48,-0.9499999999999992,-0.0322799864084267,30.482000000000006,-0.6071252705481262,2.09,0.02,0.06,17.009138357028736,0.0,0,0.0,0.384,0.616,1,0,-0.0081989292399828,-0.0069693571737872,-0.0003155774485505,0.3044359773627527,0.2966980942268525,0.2353134493682173,29.43,27.47,27.02,2.07,2.07,2.03
2022-05-24,0.0141251570312639,0.5121131836052979,0.3669462266843938,0.3309867757163339,0.03363953926034184,0.026788065431418713,29.45,0.9699999999999988,0.034058988764045,30.2785,-0.5404837407924837,2.02,-0.0699999999999998,0.03,16.776905029526837,0.0,0,0.0,0.3516666666666667,0.6483333333333333,0,0,0.061871627071727,0.0331472565306332,-0.0295811288395253,0.3798382232143725,0.3127208173828105,0.2511937650724594,28.48,26.1,33.52,2.09,2.16,1.99
2022-05-25,0.0069641408722971,0.4676042513251786,0.3633696003233334,0.3224764902304649,0.05783362336181984,0.046819382121648614,28.37,-1.0799999999999983,-0.0366723259762308,30.117,-0.5727615784095311,2.01,-0.0100000000000002,0.0399999999999998,16.36342338357321,0.0,0,0.0,0.3876666666666666,0.6123333333333334,0,0,0.0141251570312639,-0.0171060816240578,-0.0130059949190085,0.3669462266843938,0.315198984374021,0.2501087904878179,29.45,30.96,31.6,2.02,2.16,1.97
2022-05-26,0.017290109204443,0.4042376974768312,0.3641134927661791,0.321582645839698,0.08990897773146884,0.048272624467270916,27.5,-0.870000000000001,-0.0306661966866408,29.9925,-0.5688234578197513,1.99,-0.0199999999999997,-0.05,16.58753043093999,0.0,0,0.0,0.4166666666666666,0.5833333333333334,0,0,0.0069641408722971,-0.0148220736101953,0.0158128138340523,0.3633696003233334,0.3171817179947473,0.2629102605684701,28.37,29.35,29.99,2.01,2.11,2.04
2022-05-27,0.0141378861227849,0.3388863755946019,0.3412761308041769,0.3228103935418116,0.11218058134015024,0.09511200782471792,25.72,-1.7800000000000011,-0.0647272727272727,29.608500000000003,-0.5288291916896204,2.01,0.0199999999999997,-0.0900000000000003,16.229440315826327,0.0,0,0.0,0.4760000000000001,0.5239999999999999,0,0,0.017290109204443,-0.0081989292399828,-0.0322684021131262,0.3641134927661791,0.3044359773627527,0.2658614649364861,27.5,29.43,33.4,1.99,2.07,2.1
2022-05-31,0.0073132377193423,0.0720771176113284,0.341032195583952,0.3179509680298428,0.05943416995479004,0.09330801927743061,26.19,0.4700000000000024,0.0182737169517885,29.301,-0.5244846176233396,2.08,0.0700000000000002,-0.02,16.649605924688814,0.0,0,0.0,0.4603333333333332,0.5396666666666667,0,0,0.0141378861227849,0.061871627071727,0.0091320593371424,0.3412761308041769,0.3798382232143725,0.2713193632849114,25.72,28.48,32.34,2.01,2.09,2.1
2022-06-01,-0.017545168181278,0.217659661840003,0.3439644709274491,0.3095172911060323,0.027706934378530244,0.054413798790300616,25.69,-0.5,-0.0190912562046582,29.123,-0.4824022552710982,2.16,0.08,0.0,16.192089423734398,0.0,0,0.0,0.477,0.523,0,0,0.0073132377193423,0.0141251570312639,0.0214194846743736,0.341032195583952,0.3669462266843938,0.285566774050213,26.19,29.45,29.25,2.08,2.02,2.16
2022-06-02,0.0160881587441241,0.2303605222493553,0.3296295851352781,0.3107988213994683,0.03672704694424335,0.03782787475006971,24.72,-0.9700000000000024,-0.037757882444531,29.088,-0.4293102921672949,2.15,-0.0100000000000002,0.08,15.940737874199073,0.0,0,0.0,0.5093333333333334,0.4906666666666666,0,0,-0.017545168181278,0.0069641408722971,0.0330814549639379,0.3439644709274491,0.3633696003233334,0.3128763157695731,25.69,28.37,25.42,2.16,2.01,2.07
2022-06-03,-0.0139395661534328,0.2521416676002382,0.3195346296015329,0.3015241811988786,0.005547076444474445,0.04912834726505322,24.79,0.0700000000000002,0.002831715210356,28.7675,-0.3209551119214158,2.18,0.0300000000000002,0.1,15.96680765307771,0.0,0,0.0,0.507,0.493,0,0,0.0160881587441241,0.017290109204443,-0.0250197911825903,0.3296295851352781,0.3641134927661791,0.3209510318776865,24.72,27.5,31.2,2.15,1.99,2.08
2022-06-06,-0.0033035646573504,0.2246811197727031,0.3198772934456269,0.3006223556204223,-0.011800835324152456,0.047434414086191916,25.07,0.2800000000000011,0.0112948769665188,28.5115,-0.3290636829913375,2.23,0.0499999999999998,0.1499999999999999,16.24239085854184,0.0,0,0.0,0.4976666666666667,0.5023333333333333,0,0,-0.0139395661534328,0.0141378861227849,-0.0016137967233398,0.3195346296015329,0.3412761308041769,0.3209864103768072,24.79,25.72,30.19,2.18,2.01,2.08
2022-06-07,0.0026207575212937,0.21425436389342,0.3131165243362452,0.2969387215315027,-0.016470131663972355,0.06519979683021351,24.02,-1.0500000000000007,-0.0418827283605903,27.975,-0.26252840780678,2.26,0.0299999999999998,0.2699999999999998,15.720926188635074,0.0,0,0.0,0.5326666666666666,0.4673333333333334,0,0,-0.0033035646573504,0.0073132377193423,-0.0150338987918635,0.3198772934456269,0.341032195583952,0.3137201725421326,25.07,26.19,34.75,2.23,2.08,1.99
2022-06-08,-0.0159145033573241,0.2074441882790738,0.3042775143844334,0.2981070398910133,-0.014811721537221757,0.0738313875374455,23.96,-0.0599999999999987,-0.0024979184013321,27.5235,-0.333279506444401,2.29,0.0300000000000002,0.2800000000000002,15.946369880032957,0.0,0,0.0,0.5346666666666666,0.4653333333333334,0,0,0.0026207575212937,-0.017545168181278,-0.0243721725050211,0.3131165243362452,0.3439644709274491,0.3216907030307129,24.02,25.69,32.99,2.26,2.16,2.01
2022-06-09,-0.0210155610926108,0.155192752850896,0.3151976796833629,0.2988537441170663,-0.05201136880977365,0.05892028916144351,26.09,2.129999999999999,0.08889816360601,27.2,-0.4060584176466082,2.35,0.06,0.3600000000000001,16.422642288826367,0.0,0,0.0,0.4636666666666666,0.5363333333333333,0,0,-0.0159145033573241,0.0160881587441241,-0.0063084507290397,0.3042775143844334,0.3296295851352781,0.3210699815021653,23.96,24.72,32.56,2.29,2.15,1.99
2022-06-10,-0.0459658771263352,0.3068470871385374,0.3618053446866403,0.2989952442337996,-0.08502957444776546,0.012711326995949318,27.75,1.66,0.0636259103104637,26.999,-0.4713948113784362,2.58,0.2299999999999999,0.6200000000000001,16.37623569827782,0.0,0,0.0,0.4083333333333333,0.5916666666666667,1,0,-0.0210155610926108,-0.0139395661534328,-0.0008465192968427,0.3151976796833629,0.3195346296015329,0.3045159901878373,26.09,24.79,31.77,2.35,2.18,1.96
2022-06-13,-0.0297783958571187,0.2902108275621128,0.3763375032494709,0.3027371153527265,-0.11195131667095284,-0.026375419314147382,34.02,6.270000000000003,0.225945945945946,27.2565,-0.5294669434041188,2.89,0.31,0.8500000000000001,16.63722278166758,0.0,0,0.0,0.1993333333333332,0.8006666666666667,0,0,-0.0459658771263352,-0.0033035646573504,0.0088953007362688,0.3618053446866403,0.3198772934456269,0.3069543116379966,27.75,25.07,28.87,2.58,2.23,2.04
2022-06-14,-0.0166394246977766,0.2051004666582861,0.3798810070681958,0.3039859109901734,-0.13134806099854096,-0.03616107774208348,32.69,-1.3300000000000054,-0.0390946502057615,27.517499999999995,-0.5144093926297518,3.15,0.2599999999999998,1.08,16.40761860295114,0.0,0,0.0,0.2436666666666667,0.7563333333333333,0,0,-0.0297783958571187,0.0026207575212937,-0.0069693571737872,0.3763375032494709,0.3131165243362452,0.2966980942268525,34.02,24.02,27.47,2.89,2.26,2.07
2022-06-15,0.0118359424589209,0.3418734623786485,0.3615993826957066,0.3055511399336917,-0.10353911659727336,-0.05700436449562318,29.62,-3.0699999999999967,-0.0939125114713979,27.6935,-0.5058487921011099,2.93,-0.2199999999999997,0.77,16.460514528353922,0.0,0,0.0,0.346,0.654,0,0,-0.0166394246977766,-0.0159145033573241,0.0331472565306332,0.3798810070681958,0.3042775143844334,0.3127208173828105,32.69,23.96,26.1,3.15,2.29,2.16
2022-06-16,-0.0171561355143804,0.3426282040296567,0.3616263323402964,0.3027270657172771,-0.09960459230646976,-0.05705529081018038,32.95,3.330000000000002,0.1124240378122891,27.793,-0.5223657294298595,2.88,-0.0500000000000002,0.7199999999999998,16.632409244678534,0.0,0,0.0,0.2349999999999998,0.7650000000000001,0,0,0.0118359424589209,-0.0210155610926108,-0.0171060816240578,0.3615993826957066,0.3151976796833629,0.315198984374021,29.62,26.09,30.96,2.93,2.35,2.16
2022-06-17,-0.0035266033481462,0.2530992392085042,0.3588286854625279,0.3007865572666064,-0.05608158881689425,-0.04565510908871658,31.13,-1.820000000000004,-0.0552352048558423,27.882,-0.5462231779692587,2.86,-0.02,0.75,17.246910579867244,0.0,0,0.0,0.2956666666666667,0.7043333333333333,0,0,-0.0171561355143804,-0.0459658771263352,-0.0148220736101953,0.3616263323402964,0.3618053446866403,0.3171817179947473,32.95,27.75,29.35,2.88,2.58,2.11
2022-06-21,0.0247721645554528,0.2895038812176865,0.370232406596017,0.305535825540783,-0.0013805037185542525,-0.012952074373509481,30.19,-0.9399999999999976,-0.0301959524574364,27.920000000000005,-0.5543099943906827,2.92,0.06,0.8500000000000001,16.27343142828006,0.0,0,0.0,0.3269999999999999,0.673,0,0,-0.0035266033481462,-0.0297783958571187,-0.0081989292399828,0.3588286854625279,0.3763375032494709,0.3044359773627527,31.13,34.02,29.43,2.86,2.89,2.07
2022-06-22,-0.0056116339051686,0.2586328603955836,0.2927542774323232,0.3045775457044781,0.009771473008385247,-0.07861254969933819,28.95,-1.240000000000002,-0.0410732030473667,27.9435,-0.6065775211478798,2.79,-0.1299999999999999,0.7000000000000002,16.102240723232352,0.0,0,0.0,0.3683333333333334,0.6316666666666666,0,0,0.0247721645554528,-0.0166394246977766,0.061871627071727,0.370232406596017,0.3798810070681958,0.3798382232143725,30.19,32.69,28.48,2.92,3.15,2.09
2022-06-23,-0.0109392356229539,0.2546889289865261,0.2857896947466391,0.3048693747875799,-0.012994481547882053,-0.10363838530384709,29.05,0.1000000000000014,0.0034542314335059,27.9235,-0.6480596902346827,2.78,-0.0100000000000002,0.7599999999999998,16.287965084190535,0.0,0,0.0,0.365,0.635,0,0,-0.0056116339051686,0.0118359424589209,0.0141251570312639,0.2927542774323232,0.3615993826957066,0.3669462266843938,28.95,29.62,29.45,2.79,2.93,2.02
2022-06-24,0.0298452954436958,0.2971337017352976,0.3086445782257758,0.312025613920537,0.03371911798671775,-0.08116979618528247,27.23,-1.8200000000000005,-0.0626506024096386,27.866499999999995,-0.6556100401608301,2.83,0.0500000000000002,0.8200000000000003,16.512910984326126,0.0,0,0.0,0.4256666666666666,0.5743333333333334,0,0,-0.0109392356229539,-0.0171561355143804,0.0069641408722971,0.2857896947466391,0.3616263323402964,0.3633696003233334,29.05,32.95,28.37,2.78,2.88,2.01
2022-06-27,-0.0080121615076083,0.3084739582588556,0.2984795626385225,0.31218383455644,0.029207523102575246,-0.10635656371761018,26.95,-0.2800000000000011,-0.0102827763496143,27.839,-0.653257443639877,2.89,0.06,0.9000000000000001,16.238586217941492,0.0,0,0.0,0.435,0.565,0,0,0.0298452954436958,-0.0035266033481462,0.017290109204443,0.3086445782257758,0.3588286854625279,0.3641134927661791,27.23,31.13,27.5,2.83,2.86,1.99
2022-06-28,-0.0048117753144669,0.2639061186274742,0.2896340490553499,0.3069260487549845,-8.617547359805224e-05,-0.12521883118725777,28.36,1.41,0.0523191094619666,27.971000000000004,-0.625442181893244,2.88,-0.0100000000000002,0.8700000000000001,16.265730951724926,0.0,0,0.0,0.388,0.612,0,0,-0.0080121615076083,0.0247721645554528,0.0141378861227849,0.2984795626385225,0.370232406596017,0.3412761308041769,26.95,30.19,25.72,2.89,2.92,2.01
2022-06-29,-0.0044898843793084,0.2625138670908487,0.2853114213358468,0.3067870648523022,0.0010412686196475474,-0.13700545103448067,28.16,-0.1999999999999993,-0.007052186177715,28.0695,-0.6423391500595488,2.88,0.0,0.7999999999999998,16.04964559640531,0.0,0,0.0,0.3946666666666666,0.6053333333333334,0,0,-0.0048117753144669,-0.0056116339051686,0.0073132377193423,0.2896340490553499,0.2927542774323232,0.341032195583952,28.36,28.95,26.19,2.88,2.79,2.08
2022-06-30,-0.0233303710010445,0.3077793443533472,0.2890362969740621,0.3094346648155612,-0.011566054892015655,-0.14291137457439299,28.71,0.5500000000000007,0.01953125,28.2205,-0.6550357834356575,2.8,-0.08,0.6399999999999997,16.535001793450352,0.0,0,0.0,0.3763333333333333,0.6236666666666667,0,0,-0.0044898843793084,-0.0109392356229539,-0.017545168181278,0.2853114213358468,0.2857896947466391,0.3439644709274491,28.16,29.05,25.69,2.88,2.78,2.16
2022-07-01,0.0127874233294924,0.2050121587410466,0.2857990871061076,0.3105474325114288,-0.02826829264723816,-0.146165135776764,26.7,-2.0100000000000016,-0.0700104493207942,28.3195,-0.6694561044477918,2.79,-0.0099999999999997,0.6400000000000001,16.1738709810009,0.0,0,0.0,0.4433333333333333,0.5566666666666666,0,0,-0.0233303710010445,0.0298452954436958,0.0160881587441241,0.2890362969740621,0.3086445782257758,0.3296295851352781,28.71,27.23,24.72,2.8,2.83,2.15
2022-07-05,-0.003803517143599,0.2041029453712358,0.2849094313808978,0.3096557667192462,-0.024034630199454458,-0.13593827036153908,27.54,0.8399999999999999,0.0314606741573033,28.457,-0.6677402188072658,2.77,-0.02,0.5899999999999999,16.342374637422,1.0,1,0.1111111111111111,0.4153333333333333,0.5846666666666667,0,0,0.0127874233294924,-0.0080121615076083,-0.0139395661534328,0.2857990871061076,0.2984795626385225,0.3195346296015329,26.7,26.95,24.79,2.79,2.89,2.18
2022-07-06,-0.0064821501278389,0.2044595862623491,0.2846162526500892,0.3097659336431322,-0.025714491519886955,-0.13913248738299228,26.73,-0.8099999999999987,-0.0294117647058823,28.540000000000003,-0.6655547328741864,2.82,0.0499999999999998,0.5899999999999999,16.181652534197024,0.0,0,0.0,0.4423333333333333,0.5576666666666666,0,0,-0.003803517143599,-0.0048117753144669,-0.0033035646573504,0.2849094313808978,0.2896340490553499,0.3198772934456269,27.54,28.36,25.07,2.77,2.88,2.23
2022-07-07,0.0252927137965224,0.2966264465204773,0.3049348784035511,0.3120194608106772,0.003763648920258645,-0.11677167045024968,26.08,-0.6500000000000021,-0.0243172465394688,28.643,-0.6445091314843119,2.87,0.0500000000000002,0.6100000000000003,16.152245935030866,0.0,0,0.0,0.4640000000000001,0.5359999999999999,0,0,-0.0064821501278389,-0.0044898843793084,0.0026207575212937,0.2846162526500892,0.2853114213358468,0.3131165243362452,26.73,28.16,24.02,2.82,2.88,2.26
2022-07-08,-0.0031378555705693,0.2151353651230794,0.3026389893286119,0.3120118812170362,0.024227692497015944,-0.10387196054015528,24.64,-1.4399999999999975,-0.0552147239263802,28.677,-0.6468000140170392,2.96,0.0899999999999998,0.6699999999999999,15.99114836403224,0.0,0,0.0,0.512,0.488,0,0,0.0252927137965224,-0.0233303710010445,-0.0159145033573241,0.3049348784035511,0.2890362969740621,0.3042775143844334,26.08,28.71,23.96,2.87,2.8,2.29
2022-07-11,-0.013116630979279,0.2333557241475903,0.2983011339393244,0.3123002339240165,-0.0016820757932150543,-0.09583584276020538,26.17,1.5300000000000011,0.0620941558441558,28.681,-0.6339829700220319,2.97,0.0100000000000002,0.6200000000000001,15.887360984900797,0.0,0,0.0,0.4609999999999999,0.539,0,0,-0.0031378555705693,0.0127874233294924,-0.0210155610926108,0.3026389893286119,0.2857990871061076,0.3151976796833629,24.64,26.7,26.09,2.96,2.79,2.35
2022-07-12,0.0009746567641857,0.2313312320672256,0.253383858080307,0.305880214603056,0.003102875210380546,-0.04780582070339308,27.29,1.1199999999999974,0.0427970959113488,28.658,-0.6259230350371455,3.07,0.0999999999999996,0.4899999999999997,16.235958772296648,0.0,0,0.0,0.4236666666666667,0.5763333333333333,0,0,-0.013116630979279,-0.003803517143599,-0.0459658771263352,0.2983011339393244,0.2849094313808978,0.3618053446866403,26.17,27.54,27.75,2.97,2.77,2.58
2022-07-13,-0.0093828935638335,0.2378435705755549,0.2330084998818324,0.3058922590646548,0.00017893549205434504,-0.027002235219985078,26.82,-0.4699999999999988,-0.0172224257969951,28.298,-0.5131161702100553,3.21,0.1400000000000001,0.3199999999999998,16.378912642092487,0.0,0,0.0,0.4393333333333333,0.5606666666666666,0,0,0.0009746567641857,-0.0064821501278389,-0.0297783958571187,0.253383858080307,0.2846162526500892,0.3763375032494709,27.29,26.73,34.02,3.07,2.82,2.89
2022-07-14,-0.0349389491717687,0.2259092005263032,0.2577346169869604,0.3105979457331874,-0.060363125302659255,-0.04578673475436798,26.4,-0.4200000000000017,-0.0156599552572707,27.983500000000003,-0.483273560350517,3.16,-0.0499999999999998,0.0100000000000002,17.081453196218952,0.0,0,0.0,0.4533333333333333,0.5466666666666666,1,0,-0.0093828935638335,0.0252927137965224,-0.0166394246977766,0.2330084998818324,0.3049348784035511,0.3798810070681958,26.82,26.08,32.69,3.21,2.87,3.15
2022-07-15,0.0458333917077233,0.4700074944486807,0.3041544220319178,0.3221533978608424,-0.012406264734474752,-0.012739108677356677,24.23,-2.169999999999998,-0.0821969696969696,27.71400000000001,-0.5418449474022976,3.12,-0.04,0.1899999999999999,16.752760653653915,0.0,0,0.0,0.5256666666666667,0.4743333333333333,1,0,-0.0349389491717687,-0.0031378555705693,0.0118359424589209,0.2577346169869604,0.3026389893286119,0.3615993826957066,26.4,24.64,29.62,3.16,2.96,2.93
2022-07-18,-0.0102699477233411,0.4662980125570752,0.3000618546034971,0.322328574842286,-0.009525898555237751,-0.005757149008973379,25.3,1.0700000000000005,0.0441601320676847,27.3315,-0.5377755640432124,3.13,0.0099999999999997,0.25,16.452988140435824,0.0,0,0.0,0.49,0.51,0,0,0.0458333917077233,-0.013116630979279,-0.0171561355143804,0.3041544220319178,0.2983011339393244,0.3616263323402964,24.23,26.17,32.95,3.12,2.97,2.88
2022-07-19,0.0247784509708453,0.5037848799274518,0.3122676761393286,0.3268485063441609,0.01397636318337095,0.022252131296872122,24.5,-0.8000000000000007,-0.0316205533596838,27.0,-0.5696049125091723,3.18,0.0500000000000002,0.3200000000000003,16.288875946206396,0.0,0,0.0,0.5166666666666666,0.4833333333333334,0,0,-0.0102699477233411,0.0009746567641857,-0.0035266033481462,0.3000618546034971,0.253383858080307,0.3588286854625279,25.3,27.29,31.13,3.13,3.07,2.86
2022-07-20,-0.0001744138736293,0.4938264851432085,0.299823531192446,0.3219405115875626,0.02322912431244195,-0.002392607188988878,23.88,-0.620000000000001,-0.0253061224489796,26.684500000000003,-0.5634264314602401,3.18,0.0,0.2600000000000002,16.27231784251427,0.0,0,0.0,0.5373333333333334,0.4626666666666665,0,0,0.0247784509708453,-0.0093828935638335,0.0247721645554528,0.3122676761393286,0.2330084998818324,0.370232406596017,24.5,26.82,30.19,3.18,3.21,2.92
2022-07-21,0.0068096390712957,0.3459690217306772,0.3000369878315028,0.3223854723536093,0.06557959705127495,0.010021389288521722,23.11,-0.7699999999999996,-0.0322445561139028,26.3925,-0.5883012220779841,3.11,-0.0700000000000002,0.3199999999999998,16.26616223156054,0.0,0,0.0,0.563,0.437,0,0,-0.0001744138736293,-0.0349389491717687,-0.0056116339051686,0.299823531192446,0.2577346169869604,0.2927542774323232,23.88,26.4,28.95,3.18,3.16,2.79
2022-07-22,-0.0048558504808869,0.2137016844093555,0.2977000515244972,0.3169305397940762,0.015897847017137347,0.01615321988766272,23.03,-0.0799999999999983,-0.0034617048896581,26.091500000000003,-0.5858699034968029,3.01,-0.1,0.2299999999999999,15.849627928226228,0.0,0,0.0,0.5656666666666667,0.4343333333333333,0,0,0.0068096390712957,0.0458333917077233,-0.0109392356229539,0.3000369878315028,0.3041544220319178,0.2857896947466391,23.11,24.23,29.05,3.11,3.12,2.78
2022-07-25,0.0040081896835242,0.1778754671605154,0.2783575673750993,0.3160825981409458,0.03022107281267395,-0.00925519418301718,23.36,0.3299999999999983,0.0143291359096828,25.898000000000003,-0.5259150318612066,3.07,0.06,0.2399999999999997,16.055581852019998,0.0,0,0.0,0.5546666666666666,0.4453333333333333,0,0,-0.0048558504808869,-0.0102699477233411,0.0298452954436958,0.2977000515244972,0.3000618546034971,0.3086445782257758,23.03,25.3,27.23,3.01,3.13,2.83
2022-07-26,-0.0156221422032027,0.1405811887239563,0.2824517122301117,0.3156743268974301,-0.010000824834320049,-0.01695621664002318,24.69,1.3300000000000018,0.0569349315068494,25.785000000000004,-0.5563507777991189,3.06,-0.0099999999999997,0.1699999999999999,16.18342457839252,0.0,0,0.0,0.5103333333333333,0.4896666666666667,0,0,0.0040081896835242,0.0247784509708453,-0.0080121615076083,0.2783575673750993,0.3122676761393286,0.2984795626385225,23.36,24.5,26.95,3.07,3.18,2.89
2022-07-27,0.0160466041141977,0.1910999046406982,0.2881192981343019,0.3106267431974146,0.006092822546602351,0.0037863908312115203,23.24,-1.4500000000000028,-0.058728230052653,25.529,-0.5914440244231336,3.0,-0.06,0.1200000000000001,16.049538505957365,0.0,0,0.0,0.5586666666666666,0.4413333333333333,0,0,-0.0156221422032027,-0.0001744138736293,-0.0048117753144669,0.2824517122301117,0.299823531192446,0.2896340490553499,24.69,23.88,28.36,3.06,3.18,2.88
2022-07-28,-0.0037314540584231,0.1863283852904919,0.287967544905561,0.3100579120157035,-0.004432168955243848,0.0045479517136303195,22.33,-0.91,-0.0391566265060241,25.2375,-0.5756644618223392,2.93,-0.0699999999999998,0.0500000000000002,16.1558538528555,0.0,0,0.0,0.5890000000000001,0.4109999999999999,0,0,0.0160466041141977,0.0068096390712957,-0.0044898843793084,0.2881192981343019,0.3000369878315028,0.2853114213358468,23.24,23.11,28.16,3.0,3.11,2.88
2022-07-29,0.004790586199032,0.1859283497340095,0.2741009685813835,0.3069272939752714,0.0052146573302811515,0.03293393210995952,21.33,-1.0,-0.044782803403493,24.8685,-0.5575618074315014,2.98,0.0499999999999998,0.1800000000000001,16.376181622722978,0.0,0,0.0,0.6223333333333334,0.3776666666666666,0,0,-0.0037314540584231,-0.0048558504808869,-0.0233303710010445,0.287967544905561,0.2977000515244972,0.2890362969740621,22.33,23.03,28.71,2.93,3.01,2.8
2022-08-01,-0.0099688305086771,0.1981185269318124,0.2738092096715989,0.2994046906468883,-0.008804372975743747,0.01020872548847722,22.84,1.5100000000000016,0.0707923112986403,24.6755,-0.549426457638391,2.98,0.0,0.1899999999999999,16.506102649240088,0.0,0,0.0,0.5720000000000001,0.4279999999999999,0,0,0.004790586199032,0.0040081896835242,0.0127874233294924,0.2741009685813835,0.2783575673750993,0.2857990871061076,21.33,23.36,26.7,2.98,3.07,2.79
2022-08-02,-0.0155853442887164,0.1979524016873965,0.2794972218763261,0.296787480936208,-0.008766991774588149,-0.001688578215156878,23.93,1.09,0.047723292469352,24.495,-0.5745996195881503,3.09,0.1099999999999998,0.3199999999999998,16.519746895525916,0.0,0,0.0,0.5356666666666667,0.4643333333333332,0,0,-0.0099688305086771,-0.0156221422032027,-0.003803517143599,0.2738092096715989,0.2824517122301117,0.2849094313808978,22.84,24.69,27.54,2.98,3.06,2.77
2022-08-03,0.0104954642993242,0.1688155626327128,0.2808044435467128,0.2977898969065344,-0.014245440789231349,0.015255441561867122,21.95,-1.9800000000000004,-0.082741328875888,24.256,-0.5935618759939749,3.14,0.0500000000000002,0.3200000000000003,16.482356816613404,0.0,0,0.0,0.6016666666666667,0.3983333333333333,0,0,-0.0155853442887164,0.0160466041141977,-0.0064821501278389,0.2794972218763261,0.2881192981343019,0.2846162526500892,23.93,23.24,26.73,3.09,3.0,2.82
2022-08-04,-0.0110025610946372,0.1789520799716002,0.2684537009954436,0.297093937948673,-0.021570544431685247,-0.02078624163831358,21.44,-0.509999999999998,-0.0232346241457858,24.024,-0.5854960103966792,3.11,-0.0300000000000002,0.2399999999999997,16.707763933396222,0.0,0,0.0,0.6186666666666667,0.3813333333333333,0,0,0.0104954642993242,-0.0037314540584231,0.0252927137965224,0.2808044435467128,0.287967544905561,0.3049348784035511,21.95,22.33,26.08,3.14,2.93,2.87
2022-08-05,0.0302597837481393,0.3037834320238883,0.2896750577116526,0.2996835270465189,0.003461295382315349,0.012167534995258921,21.15,-0.2900000000000027,-0.0135261194029852,23.8495,-0.576279622185298,3.29,0.1800000000000001,0.33,16.466962259033775,0.0,0,0.0,0.6283333333333334,0.3716666666666666,0,0,-0.0110025610946372,0.004790586199032,-0.0031378555705693,0.2684537009954436,0.2741009685813835,0.3026389893286119,21.44,21.33,24.64,3.11,2.98,2.96
2022-08-08,-0.0121803669381016,0.3091189769045577,0.2890943616716374,0.3004381168128916,0.0012249918671693484,0.01311579314886162,21.29,0.1400000000000005,0.0066193853427896,23.6055,-0.5617053808967779,3.3,0.0099999999999997,0.3299999999999996,16.15080492215002,0.0,0,0.0,0.6236666666666667,0.3763333333333333,0,0,0.0302597837481393,-0.0099688305086771,-0.013116630979279,0.2896750577116526,0.2738092096715989,0.2983011339393244,21.15,22.84,26.17,3.29,2.98,2.97
2022-08-09,0.0090074474101229,0.2768430296228701,0.2905994389710578,0.3010479025516736,0.02590018680523975,0.021108733379702323,21.77,0.4800000000000004,0.0225457961484265,23.3295,-0.5551113617669702,3.33,0.0300000000000002,0.2600000000000002,16.14120662317082,0.0,0,0.0,0.6076666666666667,0.3923333333333333,0,0,-0.0121803669381016,-0.0155853442887164,0.0009746567641857,0.2890943616716374,0.2794972218763261,0.253383858080307,21.29,23.93,27.29,3.3,3.09,3.07
2022-08-10,0.0260877598179343,0.3140213861561268,0.3004332611264138,0.3051900451972629,0.04121269649997715,0.05628920256978992,19.74,-2.030000000000001,-0.0932475884244373,22.9755,-0.6108042722174161,3.26,-0.0700000000000002,0.0499999999999998,16.368644308333735,0.0,0,0.0,0.6753333333333333,0.3246666666666666,0,0,0.0090074474101229,0.0104954642993242,-0.0093828935638335,0.2905994389710578,0.2808044435467128,0.2330084998818324,21.77,21.95,26.82,3.33,3.14,3.21
2022-08-11,0.01478166640822,0.263414329122764,0.2663014297629442,0.306283008082187,0.06694971581072154,0.10652659947506722,20.2,0.4600000000000008,0.0233029381965552,22.6655,-0.6596552807225348,3.25,-0.0099999999999997,0.0899999999999998,16.273808053518692,0.0,0,0.0,0.66,0.3399999999999999,0,0,0.0260877598179343,-0.0110025610946372,-0.0349389491717687,0.3004332611264138,0.2684537009954436,0.2577346169869604,19.74,21.44,26.4,3.26,3.11,3.16
2022-08-12,0.016563857393931,0.2252198944608479,0.2265740549240537,0.3007624281401492,0.05356690110241765,0.07814070083215131,19.53,-0.6699999999999982,-0.033168316831683,22.4305,-0.6077679347518822,3.26,0.0099999999999997,0.1399999999999996,16.108721954819394,0.0,0,0.0,0.6823333333333332,0.3176666666666667,0,0,0.01478166640822,0.0302597837481393,0.0458333917077233,0.2663014297629442,0.2896750577116526,0.3041544220319178,20.2,21.15,24.23,3.25,3.29,3.12
2022-08-15,0.0027021708701162,0.1368122414177633,0.2203565308114244,0.2986057617532514,0.06852058320196565,0.09116227490606502,19.95,0.4199999999999981,0.021505376344086,22.163,-0.5772742337442585,3.23,-0.0299999999999998,0.1,15.950410576353775,0.0,0,0.0,0.6683333333333333,0.3316666666666666,0,0,0.016563857393931,-0.0121803669381016,-0.0102699477233411,0.2265740549240537,0.2890943616716374,0.3000618546034971,19.53,21.29,25.3,3.26,3.3,3.13
2022-08-16,0.0095541565227943,0.1356800235411994,0.2084981555327093,0.2974188238236668,0.06906226508571305,0.07619463528204443,19.69,-0.259999999999998,-0.0130325814536339,21.9225,-0.5757343478085093,3.26,0.0299999999999998,0.0799999999999996,16.072575240313753,0.0,0,0.0,0.6769999999999999,0.323,0,0,0.0027021708701162,0.0090074474101229,0.0247784509708453,0.2203565308114244,0.2905994389710578,0.3122676761393286,19.95,21.77,24.5,3.23,3.33,3.18
2022-08-17,-0.0084123026424532,0.1609527275313923,0.2126225131648481,0.2974473061864017,0.034861100352049056,0.06792117860939702,19.9,0.2099999999999973,0.0106653123412898,21.7235,-0.5903555556380486,3.27,0.0100000000000002,0.0899999999999998,15.913442714667692,0.0,0,0.0,0.67,0.3299999999999999,0,0,0.0095541565227943,0.0260877598179343,-0.0001744138736293,0.2084981555327093,0.3004332611264138,0.299823531192446,19.69,19.74,23.88,3.26,3.26,3.18
2022-08-18,-0.0077492239153585,0.1718332875118831,0.215804576597111,0.2711465190703376,0.012408212811106854,0.053355215234899125,19.56,-0.3399999999999998,-0.0170854271356784,21.546,-0.5686568271729548,3.24,-0.0299999999999998,0.1300000000000003,16.0701442399371,0.0,0,0.0,0.6813333333333333,0.3186666666666666,0,0,-0.0084123026424532,0.01478166640822,0.0068096390712957,0.2126225131648481,0.2663014297629442,0.3000369878315028,19.9,20.2,23.11,3.27,3.25,3.11
2022-08-19,-0.024745262346095,0.208241871260247,0.2360990766026817,0.2741682042574352,-0.029076532872490447,0.03316632094252352,20.6,1.0400000000000027,0.0531697341513293,21.4245,-0.6197178985419047,3.26,0.0199999999999995,0.25,16.415567224499174,0.0,0,0.0,0.6466666666666666,0.3533333333333334,0,0,-0.0077492239153585,0.016563857393931,-0.0048558504808869,0.215804576597111,0.2265740549240537,0.2977000515244972,19.56,19.53,23.03,3.24,3.26,3.01
2022-08-22,-0.0165220839943519,0.2036800588262946,0.2446172701570274,0.2755464266945202,-0.048435155341063144,0.012506046752327919,23.8,3.1999999999999997,0.1553398058252426,21.4465,-0.6378530315523699,3.32,0.06,0.25,16.00912875121893,0.0,0,0.0,0.54,0.4599999999999999,0,0,-0.024745262346095,0.0027021708701162,0.0040081896835242,0.2360990766026817,0.2203565308114244,0.2783575673750993,20.6,19.95,23.36,3.26,3.23,3.07
2022-08-23,-0.0098567558119462,0.1162975674187697,0.2402734756324981,0.2733819003947727,-0.06784961477153904,0.018345845344825418,24.11,0.3099999999999987,0.0130252100840335,21.4175,-0.6162072820608578,3.29,-0.0299999999999998,0.2299999999999999,15.844579565437297,0.0,0,0.0,0.5296666666666667,0.4703333333333332,0,0,-0.0165220839943519,0.0095541565227943,-0.0156221422032027,0.2446172701570274,0.2084981555327093,0.2824517122301117,23.8,19.69,24.69,3.32,3.26,3.06
2022-08-24,0.0024239762335067,0.1627685833545079,0.233785221610683,0.271546791191628,-0.056980685871404244,0.004847670191390416,22.82,-1.2899999999999991,-0.0535047698050601,21.3965,-0.5851399432287556,3.35,0.06,0.3500000000000001,16.094960177896684,0.0,0,0.0,0.5726666666666667,0.4273333333333333,0,0,-0.0098567558119462,-0.0084123026424532,0.0160466041141977,0.2402734756324981,0.2126225131648481,0.2881192981343019,24.11,19.9,23.24,3.29,3.27,3.0
2022-08-25,0.023747713508857,0.2999192254101494,0.2472048821229052,0.2758869843402844,-0.02573115796254505,0.03205622622759792,21.78,-1.0399999999999991,-0.0455740578439964,21.369,-0.6237889992804373,3.33,-0.02,0.3999999999999999,16.19124396993505,0.0,0,0.0,0.6073333333333333,0.3926666666666667,0,0,0.0024239762335067,-0.0077492239153585,-0.0037314540584231,0.233785221610683,0.215804576597111,0.287967544905561,22.82,19.56,22.33,3.35,3.24,2.93
2022-08-26,-0.0327288829390839,0.3376064721470309,0.2759556207306188,0.2815404729936231,-0.03395103882089235,-0.0059993752086499805,25.56,3.7799999999999976,0.1735537190082643,21.5805,-0.7149692781556676,3.36,0.0299999999999998,0.3799999999999999,16.238204956527294,0.0,0,0.0,0.4813333333333334,0.5186666666666666,0,0,0.023747713508857,-0.024745262346095,0.004790586199032,0.2472048821229052,0.2360990766026817,0.2741009685813835,21.78,20.6,21.33,3.33,3.26,2.98
2022-08-29,-0.0024417243475081,0.326319602292956,0.273718242386088,0.2790601597268077,-0.01973565314010965,0.001574766587962018,26.21,0.6500000000000021,0.0254303599374021,21.749,-0.7095180136356888,3.43,0.0700000000000002,0.4500000000000002,15.909508267721778,0.0,0,0.0,0.4596666666666666,0.5403333333333333,0,0,-0.0327288829390839,-0.0165220839943519,-0.0099688305086771,0.2759556207306188,0.2446172701570274,0.2738092096715989,25.56,23.8,22.84,3.36,3.32,2.98
2022-08-30,0.0001748200360367,0.322548856025727,0.2672994898299529,0.2780118366892972,-0.00965519316211015,0.01745764395730342,26.21,0.0,0.0,21.863,-0.7023727886875416,3.48,0.0499999999999998,0.3900000000000001,16.18998840704596,0.0,0,0.0,0.4596666666666666,0.5403333333333333,0,0,-0.0024417243475081,-0.0098567558119462,-0.0155853442887164,0.273718242386088,0.2402734756324981,0.2794972218763261,26.21,24.11,23.93,3.43,3.29,3.09
2022-08-31,-0.0059434300719751,0.3209087908780558,0.2658493715849493,0.2781181693762188,-0.01803739885265155,0.0010557121279702163,25.87,-0.3399999999999998,-0.012972148035101,22.059,-0.690080030064396,3.5,0.02,0.3599999999999999,16.189327440862527,0.0,0,0.0,0.471,0.529,0,0,0.0001748200360367,0.0024239762335067,0.0104954642993242,0.2672994898299529,0.233785221610683,0.2808044435467128,26.21,22.82,21.95,3.48,3.35,3.14
2022-09-01,0.0068583600675991,0.2453040453771799,0.2635043715867061,0.2785542613600295,-0.03467257308996915,0.01895419756931402,25.56,-0.3100000000000023,-0.0119829918824894,22.265,-0.7262313681476575,3.51,0.0099999999999997,0.3999999999999999,16.116073708209086,0.0,0,0.0,0.4813333333333334,0.5186666666666666,0,0,-0.0059434300719751,0.023747713508857,-0.0110025610946372,0.2658493715849493,0.2472048821229052,0.2684537009954436,25.87,21.78,21.44,3.5,3.33,3.11
2022-09-02,-0.0069865004051735,0.088127666782538,0.2415080181730512,0.2772181138745458,-0.008407139782288348,-0.017867810373253683,25.47,-0.0899999999999998,-0.0035211267605633,22.481,-0.7482995868687295,3.47,-0.0399999999999995,0.1800000000000001,16.182628015826943,0.0,0,0.0,0.4843333333333334,0.5156666666666666,0,0,0.0068583600675991,-0.0327288829390839,0.0302597837481393,0.2635043715867061,0.2759556207306188,0.2896750577116526,25.56,25.56,21.15,3.51,3.36,3.29
2022-09-06,0.0002639830630952,0.0887454819934099,0.2377557894998525,0.274273426727428,-0.005698481338749947,-0.0053487066179572825,26.91,1.4400000000000013,0.0565371024734981,22.762,-0.751862140507874,3.61,0.1399999999999996,0.31,16.092972798327974,0.0,0,0.0,0.4363333333333333,0.5636666666666666,0,0,-0.0069865004051735,-0.0024417243475081,-0.0121803669381016,0.2415080181730512,0.273718242386088,0.2890943616716374,25.47,26.21,21.29,3.47,3.43,3.3
2022-09-07,0.0189906048014056,0.1687301635064961,0.245277150457618,0.2603787544313511,0.012939248084290651,0.0044967052363543165,24.64,-2.27,-0.0843552582683017,22.9055,-0.7862693591309458,3.6,-0.0099999999999997,0.27,16.1808733414932,0.0,0,0.0,0.512,0.488,0,0,0.0002639830630952,0.0001748200360367,0.0090074474101229,0.2377557894998525,0.2672994898299529,0.2905994389710578,26.91,26.21,21.77,3.61,3.48,3.33
2022-09-08,0.0232958355197285,0.1989958257018752,0.24168027076283,0.2571481270167285,0.04192904007787665,0.0017720557058697184,23.61,-1.0300000000000011,-0.0418019480519481,23.099,-0.7589214995648744,3.6,0.0,0.3400000000000003,16.252189472889825,0.0,0,0.0,0.5463333333333333,0.4536666666666666,0,0,0.0189906048014056,-0.0059434300719751,0.0260877598179343,0.245277150457618,0.2658493715849493,0.3004332611264138,24.64,25.87,19.74,3.6,3.5,3.26
2022-09-09,0.0048061834632304,0.2005188960035814,0.2362563297851786,0.2547396097652138,0.03988876221658335,-0.008106756024824184,22.79,-0.8200000000000003,-0.0347310461668785,23.228500000000004,-0.7911203431340831,3.67,0.0699999999999998,0.4199999999999999,16.04549280706901,0.0,0,0.0,0.5736666666666668,0.4263333333333332,0,0,0.0232958355197285,0.0068583600675991,0.01478166640822,0.24168027076283,0.2635043715867061,0.2663014297629442,23.61,25.56,20.2,3.6,3.51,3.25
2022-09-12,0.0118319717665187,0.1500522020865665,0.2323961613216929,0.2547388934078153,0.05866230376379075,-0.012772407711880585,23.87,1.0800000000000018,0.0473892057920142,23.4455,-0.7393122521198789,3.7,0.0300000000000002,0.4400000000000004,15.968969112304,0.0,0,0.0,0.5376666666666666,0.4623333333333334,0,0,0.0048061834632304,-0.0069865004051735,0.016563857393931,0.2362563297851786,0.2415080181730512,0.2265740549240537,22.79,25.47,19.53,3.67,3.47,3.26
2022-09-13,-0.0347488697542528,0.3714693220434951,0.2624795417910436,0.2628068718079671,0.023031382635381653,-0.05083790718454129,27.27,3.3999999999999986,0.1424382069543359,23.8115,-0.7919817293892982,3.92,0.2199999999999997,0.69,16.37309447240813,0.0,0,0.0,0.4243333333333333,0.5756666666666667,1,0,0.0118319717665187,0.0002639830630952,0.0027021708701162,0.2323961613216929,0.2377557894998525,0.2203565308114244,23.87,26.91,19.95,3.7,3.61,3.23
2022-09-14,-0.002319768872443,0.3502443958829581,0.2586063670291946,0.2627377409186305,0.0018963847508938502,-0.06266917509846488,26.16,-1.1099999999999994,-0.0407040704070407,24.135,-0.7778239988148816,3.95,0.0300000000000002,0.6900000000000004,16.050427009434575,0.0,0,0.0,0.4613333333333334,0.5386666666666666,0,0,-0.0347488697542528,0.0189906048014056,0.0095541565227943,0.2624795417910436,0.245277150457618,0.2084981555327093,27.27,24.64,19.69,3.92,3.6,3.26
2022-09-15,0.0150707028267593,0.3208151801000496,0.265481679298284,0.2597522650038988,-0.006173976668994247,-0.039263021315173584,26.27,0.1099999999999994,0.0042048929663607,24.4535,-0.7681959377639103,4.0,0.0499999999999998,0.73,16.19703630544041,0.0,0,0.0,0.4576666666666666,0.5423333333333333,0,0,-0.002319768872443,0.0232958355197285,-0.0084123026424532,0.2586063670291946,0.24168027076283,0.2126225131648481,26.16,23.61,19.9,3.95,3.6,3.27
2022-09-16,-0.0067022647894152,0.3175828889262788,0.2652014903339764,0.259871418217464,-0.01769347313553205,-0.03820844197146308,26.3,0.0300000000000011,0.00114198705748,24.7905,-0.7781315404576663,3.96,-0.04,0.7199999999999998,16.51311310523541,0.0,0,0.0,0.4566666666666666,0.5433333333333333,0,0,0.0150707028267593,0.0048061834632304,-0.0077492239153585,0.265481679298284,0.2362563297851786,0.215804576597111,26.27,22.79,19.56,4.0,3.67,3.24
2022-09-19,0.009224460655411,0.3101929679341006,0.2531417182468292,0.2593746127594929,-0.020273819251604947,-0.003969694090995082,25.76,-0.5399999999999991,-0.0205323193916349,25.0485,-0.7905009532215006,4.05,0.0899999999999998,0.79,15.919803358186133,0.0,0,0.0,0.4746666666666665,0.5253333333333334,0,0,-0.0067022647894152,0.0118319717665187,-0.024745262346095,0.2652014903339764,0.2323961613216929,0.2360990766026817,26.3,23.87,20.6,3.96,3.7,3.26
2022-09-20,-0.0197191034216596,0.2174690034677972,0.2561954432292363,0.2557745892874737,-0.004822965575131049,-0.007225717418609182,27.16,1.3999999999999986,0.0543478260869565,25.2165,-0.7953364185846908,4.03,-0.0199999999999995,0.7100000000000004,16.079250971095657,0.0,0,0.0,0.428,0.572,0,0,0.009224460655411,-0.0347488697542528,-0.0165220839943519,0.2531417182468292,0.2624795417910436,0.2446172701570274,25.76,27.27,23.8,4.05,3.92,3.32
2022-09-21,-0.0288354049482467,0.2974413759461311,0.274327383684966,0.2622151590270829,-0.03175981605974135,-0.02657937638666718,27.99,0.8299999999999983,0.0305596465390278,25.4105,-0.7684107601090334,4.08,0.0499999999999998,0.79,16.349707326288772,0.0,0,0.0,0.4003333333333334,0.5996666666666666,0,0,-0.0197191034216596,-0.002319768872443,-0.0098567558119462,0.2561954432292363,0.2586063670291946,0.2402734756324981,27.16,26.16,24.11,4.03,3.95,3.29
2022-09-22,-0.0113788804392205,0.2295903876454393,0.276221917354052,0.2630398132461924,-0.058162199322232454,-0.04044453476600178,27.35,-0.639999999999997,-0.0228653090389423,25.637,-0.7500354851385884,4.08,0.0,0.73,16.27377382072146,0.0,0,0.0,0.4216666666666666,0.5783333333333334,0,0,-0.0288354049482467,0.0150707028267593,0.0024239762335067,0.274327383684966,0.265481679298284,0.233785221610683,27.99,26.27,22.82,4.08,4.0,3.35
2022-09-23,-0.0186132654994837,0.2293185290677929,0.2649972406995159,0.2655786041526113,-0.07022604582472386,-0.08270332983364187,29.92,2.5700000000000003,0.0939670932358318,26.044,-0.7505731730804452,4.15,0.0700000000000002,0.8200000000000003,16.713552877295704,0.0,0,0.0,0.3359999999999999,0.664,0,0,-0.0113788804392205,-0.0067022647894152,0.023747713508857,0.276221917354052,0.2652014903339764,0.2472048821229052,27.35,26.3,21.78,4.08,3.96,3.33
2022-09-26,-0.0215319646449552,0.1014165405286526,0.2509895843092335,0.2649288551482526,-0.10117538064933876,-0.07119403591944148,32.26,2.3399999999999963,0.0782085561497325,26.379,-0.7136840947586102,4.17,0.0199999999999995,0.81,16.57257953202357,0.0,0,0.0,0.2580000000000001,0.7419999999999999,0,0,-0.0186132654994837,0.009224460655411,-0.0327288829390839,0.2649972406995159,0.2531417182468292,0.2759556207306188,29.92,25.76,25.56,4.15,4.05,3.36
2022-09-27,-0.0088024744660309,0.1300456447357369,0.2516389222277411,0.2639370379295455,-0.09010070652807725,-0.07759077080657678,32.6,0.3400000000000034,0.0105393676379417,26.698500000000003,-0.71320635609094,4.16,-0.0099999999999997,0.73,16.36445568201224,0.0,0,0.0,0.2466666666666666,0.7533333333333334,0,0,-0.0215319646449552,-0.0197191034216596,-0.0024417243475081,0.2509895843092335,0.2561954432292363,0.273718242386088,32.26,27.16,26.21,4.17,4.03,3.43
2022-09-28,0.0202173117010064,0.2636364203273583,0.2653602735664402,0.2673849392027634,-0.040825737047448456,-0.05774992027200548,30.18,-2.4200000000000017,-0.0742331288343558,26.897,-0.7438652979660415,3.99,-0.1699999999999999,0.5100000000000002,16.362029655233734,0.0,0,0.0,0.3273333333333333,0.6726666666666666,0,0,-0.0088024744660309,-0.0288354049482467,0.0001748200360367,0.2516389222277411,0.274327383684966,0.2672994898299529,32.6,27.99,26.21,4.16,4.08,3.48
2022-09-29,-0.0169459426430168,0.2710063794745871,0.2699710884184885,0.2692405092477892,-0.04647278993228606,-0.06887992584563629,31.84,1.66,0.0550033134526175,27.1955,-0.7595778901149485,3.98,-0.0100000000000002,0.48,16.35820651975634,0.0,0,0.0,0.272,0.728,0,0,0.0202173117010064,-0.0113788804392205,-0.0059434300719751,0.2653602735664402,0.276221917354052,0.2658493715849493,30.18,27.35,25.87,3.99,4.08,3.5
2022-09-30,-0.0156365320482909,0.2651108432173433,0.2704742380141082,0.2654495452679427,-0.04344418973394996,-0.09147494647762269,31.62,-0.2199999999999988,-0.0069095477386934,27.4985,-0.7334720523742075,4.05,0.0699999999999998,0.54,16.586435459321432,0.0,0,0.0,0.2793333333333333,0.7206666666666667,0,0,-0.0169459426430168,-0.0186132654994837,0.0068583600675991,0.2699710884184885,0.2649972406995159,0.2635043715867061,31.84,29.92,25.56,3.98,4.15,3.51
2022-10-03,0.0309088115652447,0.3487485652954999,0.2973351519358254,0.2733952689055998,0.008763724463510543,-0.05402317167364259,30.1,-1.5199999999999996,-0.0480708412397217,27.73,-0.7487724043978277,4.01,-0.04,0.5399999999999996,16.32088146252994,0.0,0,0.0,0.3299999999999999,0.67,0,0,-0.0156365320482909,-0.0215319646449552,-0.0069865004051735,0.2704742380141082,0.2509895843092335,0.2415080181730512,31.62,32.26,25.47,4.05,4.17,3.47
2022-10-04,0.0467835467908033,0.4459155049706125,0.3435417126411658,0.2884150379685421,0.06332734349444163,-0.008564945973385182,29.07,-1.0300000000000011,-0.0342192691029901,27.838000000000005,-0.7369080768736802,4.15,0.1400000000000005,0.5400000000000005,16.58894898160555,0.0,0,0.0,0.3643333333333333,0.6356666666666667,1,0,0.0309088115652447,-0.0088024744660309,0.0002639830630952,0.2973351519358254,0.2516389222277411,0.2377557894998525,30.1,32.6,26.91,4.01,4.16,3.61
2022-10-05,-0.012346785153982,0.4709927393925905,0.3381895500117391,0.2895239622864614,0.03088804823548435,-0.03980112012081178,28.55,-0.5199999999999996,-0.0178878568971447,28.0335,-0.702527265446604,4.14,-0.0100000000000006,0.5399999999999996,16.208256322044715,1.0,1,0.0,0.3816666666666666,0.6183333333333334,0,0,0.0467835467908033,0.0202173117010064,0.0189906048014056,0.3435417126411658,0.2653602735664402,0.245277150457618,29.07,30.18,24.64,4.15,3.99,3.6
2022-10-06,-0.0203822393466889,0.4824090890842175,0.3307541567324332,0.2919321029042048,0.02738639280502085,-0.08342257311849208,30.52,1.9699999999999989,0.069001751313485,28.379,-0.6978752657589947,4.19,0.0500000000000007,0.5900000000000003,16.2597168204209,0.0,0,0.0,0.316,0.6839999999999999,0,0,-0.012346785153982,-0.0169459426430168,0.0232958355197285,0.3381895500117391,0.2699710884184885,0.24168027076283,28.55,31.84,23.61,4.14,3.98,3.6
2022-10-07,-0.0199739519432226,0.4954980914239891,0.333640720618658,0.2856564267413789,0.02297033691747955,-0.10839337177672648,31.36,0.8399999999999999,0.0275229357798165,28.8075,-0.6925436341145529,4.24,0.0499999999999998,0.5700000000000003,16.273482794620442,0.0,0,0.0,0.288,0.712,0,0,-0.0203822393466889,-0.0156365320482909,0.0048061834632304,0.3307541567324332,0.2704742380141082,0.2362563297851786,30.52,31.62,22.79,4.19,4.05,3.67
2022-10-10,-0.0093414648181578,0.4424452173722519,0.3275858362378103,0.2703921548325269,-0.016855787555244247,-0.12954126299267757,32.45,1.0900000000000034,0.0347576530612245,29.2365,-0.7373880779601032,4.24,0.0,0.54,16.005117416236335,0.0,0,0.0,0.2516666666666666,0.7483333333333334,0,0,-0.0199739519432226,0.0309088115652447,0.0118319717665187,0.333640720618658,0.2973351519358254,0.2323961613216929,31.36,30.1,23.87,4.24,4.01,3.7
2022-10-11,-0.0288598416396684,0.1238342851027437,0.3211189214693698,0.2758999975278415,-0.09186243824227734,-0.12345876685104418,33.63,1.1799999999999995,0.0363636363636363,29.5545,-0.7080045643191311,4.28,0.04,0.3600000000000003,16.360233738445125,0.0,0,0.0,0.2123333333333332,0.7876666666666667,0,0,-0.0093414648181578,0.0467835467908033,-0.0347488697542528,0.3275858362378103,0.3435417126411658,0.2624795417910436,32.45,29.07,27.27,4.24,4.15,3.92
2022-10-12,0.0161827645533345,0.2784795242306306,0.3305280957235214,0.2730529575906541,-0.06338557892461716,-0.10508308379632278,33.57,-0.0600000000000022,-0.0017841213202498,29.925,-0.7194959718452166,4.28,0.0,0.33,16.394287032561376,0.0,0,0.0,0.2143333333333333,0.7856666666666666,0,0,-0.0288598416396684,-0.012346785153982,-0.002319768872443,0.3211189214693698,0.3381895500117391,0.2586063670291946,33.63,28.55,26.16,4.28,4.14,3.95
2022-10-13,0.0555932682931834,0.5331562050934059,0.3867088471885544,0.295901853691196,0.011310193116780144,-0.06593840333271768,31.94,-1.629999999999999,-0.0485552576705391,30.208500000000004,-0.7456946784659418,4.46,0.1799999999999997,0.4599999999999999,16.924513524072292,0.0,0,0.0,0.2686666666666666,0.7313333333333334,1,0,0.0161827645533345,-0.0203822393466889,0.0150707028267593,0.3305280957235214,0.3307541567324332,0.265481679298284,33.57,30.52,26.27,4.28,4.19,4.0
2022-10-14,0.016640648751441,0.4983599715387877,0.3927213847922762,0.2976061070684948,0.04799003136947934,-0.04270986727171508,32.02,0.0800000000000018,0.002504696305573,30.4945,-0.743708798330191,4.5,0.04,0.54,17.32368018574864,0.0,0,0.0,0.2659999999999999,0.7340000000000001,0,0,0.0555932682931834,-0.0199739519432226,-0.0067022647894152,0.3867088471885544,0.333640720618658,0.2652014903339764,31.94,31.36,26.3,4.46,4.24,3.96
2022-10-17,0.0420000295220801,0.5061401557169405,0.4203509607225718,0.3093989747052629,0.09851737297276734,-0.010750070768305281,31.37,-0.6500000000000021,-0.0202998126171143,30.775,-0.7378644135440626,4.5,0.0,0.4500000000000002,16.91903393590064,0.0,0,0.0,0.2876666666666666,0.7123333333333334,1,0,0.016640648751441,-0.0093414648181578,0.009224460655411,0.3927213847922762,0.3275858362378103,0.2531417182468292,32.02,32.45,25.76,4.5,4.24,4.05
2022-10-18,0.0257207560824372,0.2633583433318284,0.4234057428117799,0.3135685493134874,0.15319739187713396,0.03456159060122082,30.5,-0.870000000000001,-0.0277335033471469,30.942,-0.7381581854959192,4.5,0.0,0.4699999999999997,16.885408348444827,0.0,0,0.0,0.3166666666666666,0.6833333333333333,0,0,0.0420000295220801,-0.0288598416396684,-0.0197191034216596,0.4203509607225718,0.3211189214693698,0.2561954432292363,31.37,33.63,27.16,4.5,4.28,4.03
2022-10-19,-0.0196060643747776,0.4472610029953532,0.4154815855599869,0.3145834894976393,0.11734335956696604,0.04402009183038461,30.76,0.2600000000000015,0.0085245901639345,31.0805,-0.726368783745253,4.6,0.0999999999999996,0.5199999999999996,16.652950311099115,0.0,0,0.0,0.3079999999999999,0.6920000000000001,0,0,0.0257207560824372,0.0161827645533345,-0.0288354049482467,0.4234057428117799,0.3305280957235214,0.274327383684966,30.5,33.57,27.99,4.5,4.28,4.08
2022-10-20,-0.003261683976553,0.3801067767719079,0.4129257877446109,0.3130455228208793,0.05997339621554695,0.05219719220506172,29.98,-0.7800000000000011,-0.0253576072821847,31.212,-0.7392366662275702,4.66,0.0600000000000005,0.5800000000000001,16.317552965116484,0.0,0,0.0,0.3339999999999999,0.666,0,0,-0.0196060643747776,0.0555932682931834,-0.0113788804392205,0.4154815855599869,0.3867088471885544,0.276221917354052,30.76,31.94,27.35,4.6,4.46,4.08
2022-10-21,0.0525274589832569,0.474176901041327,0.4387410780588,0.3298292915019553,0.09466406151316255,0.12218024006617133,29.69,-0.2899999999999991,-0.0096731154102734,31.2005,-0.7101652809165551,4.58,-0.08,0.4299999999999997,16.84047638669796,0.0,0,0.0,0.3436666666666667,0.6563333333333333,1,0,-0.003261683976553,0.016640648751441,-0.0186132654994837,0.4129257877446109,0.3927213847922762,0.2649972406995159,29.98,32.02,29.92,4.66,4.5,4.15
2022-10-24,0.0012271782772268,0.4398246731893906,0.4267935805549549,0.3297446204111943,0.05474851575928525,0.14517382564031872,29.85,0.1600000000000001,0.0053890198720107,31.08,-0.6967957379308403,4.61,0.0300000000000002,0.4400000000000004,16.35112624399427,0.0,0,0.0,0.3383333333333332,0.6616666666666667,0,0,0.0525274589832569,0.0420000295220801,-0.0215319646449552,0.4387410780588,0.4203509607225718,0.2509895843092335,29.69,31.37,32.26,4.58,4.5,4.17
2022-10-25,0.0026147352257213,0.4220641435809854,0.42298254507648,0.3289351176347685,0.03196429636874915,0.15662659349804722,28.46,-1.3900000000000006,-0.0465661641541038,30.873,-0.6581347340787579,4.6,-0.0100000000000006,0.4399999999999995,16.239348304965997,0.0,0,0.0,0.3846666666666666,0.6153333333333334,0,0,0.0012271782772268,0.0257207560824372,-0.0088024744660309,0.4267935805549549,0.4234057428117799,0.2516389222277411,29.85,30.5,32.6,4.61,4.5,4.16
2022-10-26,0.011491589151074,0.3524525667953558,0.4207940989261352,0.3276251278933297,0.06319117169608765,0.14803700057392072,27.28,-1.1799999999999995,-0.0414617006324665,30.728,-0.6686793134431326,4.54,-0.0599999999999996,0.5499999999999998,16.27227498751783,0.0,0,0.0,0.4239999999999999,0.5760000000000001,0,0,0.0026147352257213,-0.0196060643747776,0.0202173117010064,0.42298254507648,0.4154815855599869,0.2653602735664402,28.46,30.76,30.18,4.6,4.6,3.99
2022-10-27,0.0039480532243731,0.335256593174724,0.4110676296228249,0.3271630272482995,0.07039846667338115,0.16906844881072894,27.39,0.1099999999999994,0.004032258064516,30.5055,-0.6511474032138694,4.5,-0.04,0.52,16.18833051085826,0.0,0,0.0,0.4203333333333333,0.5796666666666667,0,0,0.011491589151074,-0.003261683976553,-0.0169459426430168,0.4207940989261352,0.4129257877446109,0.2699710884184885,27.28,29.98,31.84,4.54,4.66,3.98
2022-10-28,0.0118780207070003,0.0799589539593177,0.401055794915955,0.3267131098040888,0.031012121846424847,0.19663655164654611,25.75,-1.6400000000000006,-0.0598758671047827,30.212,-0.6318215233606407,4.55,0.0499999999999998,0.5,16.28863987644972,0.0,0,0.0,0.475,0.525,0,0,0.0039480532243731,0.0525274589832569,-0.0156365320482909,0.4110676296228249,0.4387410780588,0.2704742380141082,27.39,29.69,31.62,4.5,4.58,4.05
2022-10-31,-0.0015864494695226,0.0925038621985366,0.395299669288281,0.3216226011988806,0.028197986723991847,0.16460808790080003,25.88,0.129999999999999,0.0050485436893203,30.001,-0.6169493932707633,4.66,0.1100000000000003,0.6500000000000004,16.40291370101056,0.0,0,0.0,0.4706666666666667,0.5293333333333333,0,0,0.0118780207070003,0.0012271782772268,0.0309088115652447,0.401055794915955,0.4267935805549549,0.2973351519358254,25.75,29.85,30.1,4.55,4.61,4.01
2022-11-01,0.0180331052244082,0.1203001899335901,0.3719373716764331,0.3220273627686408,0.04345910143761704,0.13675835144122261,25.81,-0.0700000000000002,-0.0027047913446677,29.838,-0.591278367014896,4.75,0.0899999999999998,0.5999999999999996,16.409787249506508,0.0,0,0.0,0.4730000000000001,0.5269999999999999,0,0,-0.0015864494695226,0.0026147352257213,0.0467835467908033,0.395299669288281,0.42298254507648,0.3435417126411658,25.88,28.46,29.07,4.66,4.6,4.15
2022-11-02,-0.0092080021995081,0.1699883951074045,0.3699230532282457,0.32251927587241,0.022782381167490845,0.13993133350592724,25.86,0.0500000000000007,0.0019372336303757,29.7035,-0.6217730936773782,4.76,0.0099999999999997,0.6200000000000001,16.621661042908002,0.0,0,0.0,0.4713333333333334,0.5286666666666666,0,0,0.0180331052244082,0.011491589151074,-0.012346785153982,0.3719373716764331,0.4207940989261352,0.3381895500117391,25.81,27.28,28.55,4.75,4.54,4.14
2022-11-03,0.0018114844848622,0.171143845774301,0.3560498130841333,0.318615349281681,0.020651946778467548,0.16233400278417562,25.3,-0.5599999999999987,-0.0216550657385923,29.442500000000003,-0.5708731719886213,4.78,0.0200000000000004,0.5899999999999999,16.339189182416987,0.0,0,0.0,0.49,0.51,0,0,-0.0092080021995081,0.0039480532243731,-0.0203822393466889,0.3699230532282457,0.4110676296228249,0.3307541567324332,25.86,27.39,30.52,4.76,4.5,4.19
2022-11-04,0.0273585346846396,0.235788556284607,0.3455488632586849,0.3218002925957159,0.035834894846661344,0.20950110957572793,24.55,-0.75,-0.0296442687747036,29.102,-0.5400391925517481,4.76,-0.0200000000000004,0.5199999999999996,16.520435948594276,0.0,0,0.0,0.5149999999999999,0.4850000000000001,0,0,0.0018114844848622,0.0118780207070003,-0.0199739519432226,0.3560498130841333,0.401055794915955,0.333640720618658,25.3,25.75,31.36,4.78,4.55,4.24
2022-11-07,0.0052801691367831,0.2245068408126186,0.3382159521422588,0.3204061159071712,0.04268888198058335,0.2241527574366276,24.35,-0.1999999999999993,-0.0081466395112016,28.697,-0.5093664008999192,4.8,0.04,0.5599999999999996,16.3013501890565,0.0,0,0.0,0.5216666666666666,0.4783333333333334,0,0,0.0273585346846396,-0.0015864494695226,-0.0093414648181578,0.3455488632586849,0.395299669288281,0.3275858362378103,24.55,25.88,32.45,4.76,4.66,4.24
2022-11-08,0.000609013861772,0.2124129278693163,0.3058445935985161,0.320397560776461,0.02542527300229575,0.2540460626857957,25.54,1.1899999999999975,0.0488706365503079,28.2925,-0.3833567980927027,4.77,-0.0300000000000002,0.4899999999999993,16.106438064573435,0.0,0,0.0,0.482,0.518,0,0,0.0052801691367831,0.0180331052244082,-0.0288598416396684,0.3382159521422588,0.3719373716764331,0.3211189214693698,24.35,25.81,33.63,4.8,4.75,4.28
2022-11-09,-0.0130087895479428,0.2297961492481785,0.3188332599198708,0.3212802505616198,0.02158178599980955,0.22489869843035393,26.09,0.5500000000000007,0.0215348472983556,27.9185,-0.4426778962176668,4.75,-0.0199999999999995,0.4699999999999997,16.066170683423078,0.0,0,0.0,0.4636666666666666,0.5363333333333333,0,0,0.000609013861772,-0.0092080021995081,0.0161827645533345,0.3058445935985161,0.3699230532282457,0.3305280957235214,25.54,25.86,33.57,4.77,4.76,4.28
2022-11-10,0.0411593717835863,0.3397673257575428,0.2973056614520331,0.3306034969354932,0.060106813082186246,0.21113062274958172,23.53,-2.5599999999999987,-0.0981218857799922,27.498,-0.4806229135414896,4.59,-0.1600000000000001,0.1299999999999999,16.609836371002935,0.0,0,0.0,0.5489999999999999,0.451,1,0,-0.0130087895479428,0.0018114844848622,0.0555932682931834,0.3188332599198708,0.3560498130841333,0.3867088471885544,26.09,25.3,31.94,4.75,4.78,4.46
2022-11-11,0.0016283423467509,0.3162671493574228,0.2980475447646342,0.3300050441713183,0.03474285234639215,0.1962539305526407,22.52,-1.0100000000000016,-0.0429239269018275,27.023000000000003,-0.464321504608419,4.59,0.0,0.0899999999999998,16.186193548742423,0.0,0,0.0,0.5826666666666667,0.4173333333333333,0,0,0.0411593717835863,0.0273585346846396,0.016640648751441,0.2973056614520331,0.3455488632586849,0.3927213847922762,23.53,24.55,32.02,4.59,4.76,4.5
2022-11-14,-0.0102732037333906,0.3399761653313448,0.2818453869763874,0.3262205795625032,0.019150237120015547,0.14478562158387584,23.73,1.2100000000000009,0.0537300177619894,26.641,-0.5343258733573271,4.63,0.04,0.1299999999999999,16.221157616973755,0.0,0,0.0,0.5423333333333333,0.4576666666666666,0,0,0.0016283423467509,0.0052801691367831,0.0420000295220801,0.2980475447646342,0.3382159521422588,0.4203509607225718,22.52,24.35,31.37,4.59,4.8,4.5
2022-11-15,-0.0072437064747207,0.3491565724240139,0.2777574189661626,0.3244687200213058,0.011271339127612048,0.11212000993627383,24.54,0.8099999999999987,0.0341340075853349,26.343,-0.5489246529762266,4.6,-0.0300000000000002,0.0999999999999996,16.45729993784346,0.0,0,0.0,0.5153333333333334,0.4846666666666666,0,0,-0.0102732037333906,0.000609013861772,0.0257207560824372,0.2818453869763874,0.3058445935985161,0.4234057428117799,23.73,25.54,30.5,4.63,4.77,4.5
2022-11-16,0.0013538633235399,0.3232498898074862,0.261784057317005,0.3234750550745652,0.025718431709922246,0.13327377057331014,24.11,-0.4299999999999997,-0.017522412387938,26.0105,-0.5398955244137225,4.62,0.0200000000000004,0.0200000000000004,15.88153765191036,0.0,0,0.0,0.5296666666666667,0.4703333333333332,0,0,-0.0072437064747207,-0.0130087895479428,-0.0196060643747776,0.2777574189661626,0.3188332599198708,0.4154815855599869,24.54,26.09,30.76,4.6,4.75,4.6
2022-11-17,-0.0043570718071828,0.0836094008052521,0.2623657425831608,0.3237821523290203,-0.01898303260467885,0.13217419392935592,23.93,-0.1799999999999997,-0.0074657818332641,25.708,-0.556451769434511,4.68,0.0599999999999996,0.0199999999999995,15.992555216838952,0.0,0,0.0,0.5356666666666667,0.4643333333333332,0,0,0.0013538633235399,0.0411593717835863,-0.003261683976553,0.261784057317005,0.2973056614520331,0.4129257877446109,24.11,23.53,29.98,4.62,4.59,4.66
2022-11-18,0.0098083771319841,0.1260279053174824,0.2036258181794231,0.3211799677081612,-0.01084946339836735,0.0907404056411108,23.12,-0.8099999999999987,-0.0338487254492269,25.3795,-0.7279185392594933,4.74,0.0600000000000005,0.1600000000000001,16.06348116329844,0.0,0,0.0,0.5626666666666666,0.4373333333333333,0,0,-0.0043570718071828,0.0016283423467509,0.0525274589832569,0.2623657425831608,0.2980475447646342,0.4387410780588,23.93,22.52,29.69,4.68,4.59,4.58
2022-11-21,-0.0059024259643001,0.1110544628970622,0.2067233281936295,0.3130754350186431,-0.0064430402223616505,0.08359406560222891,22.36,-0.7600000000000016,-0.0328719723183391,25.005000000000003,-0.6872017477535021,4.75,0.0099999999999997,0.1399999999999996,15.869698520366343,0.0,0,0.0,0.5880000000000001,0.4119999999999999,0,0,0.0098083771319841,-0.0102732037333906,0.0012271782772268,0.2036258181794231,0.2818453869763874,0.4267935805549549,23.12,23.73,29.85,4.74,4.63,4.61
2022-11-22,0.0149568925921936,0.1425373224316779,0.2100276857158706,0.3138835995085769,0.01567317052129325,0.09582888408881791,21.29,-1.0700000000000005,-0.0478533094812164,24.6465,-0.7197312116933219,4.79,0.04,0.1900000000000004,16.03315859380623,0.0,0,0.0,0.6236666666666667,0.3763333333333333,0,0,-0.0059024259643001,-0.0072437064747207,0.0026147352257213,0.2067233281936295,0.2777574189661626,0.42298254507648,22.36,24.54,28.46,4.75,4.6,4.6
2022-11-23,0.010663215663222,0.1501845047418676,0.2097043076747777,0.3142226055589089,0.024926987369296848,0.09500958624651931,20.35,-0.9399999999999976,-0.0441521841240017,24.3,-0.7179645546938958,4.75,-0.04,0.2099999999999999,15.805601762145013,0.0,0,0.0,0.655,0.345,0,0,0.0149568925921936,0.0013538633235399,0.011491589151074,0.2100276857158706,0.261784057317005,0.4207940989261352,21.29,24.11,27.28,4.79,4.62,4.54
2022-11-25,0.0019054473488466,0.1309518000410907,0.2099331591360352,0.313668071569609,0.031197213162730147,0.09297294041870492,20.5,0.1499999999999985,0.0073710073710073,23.9555,-0.7202806944401926,4.76,0.0099999999999997,0.2599999999999998,14.985047495479824,0.0,0,0.0,0.65,0.35,0,0,0.010663215663222,-0.0043570718071828,0.0039480532243731,0.2097043076747777,0.2623657425831608,0.4110676296228249,20.35,23.93,27.39,4.75,4.68,4.5
2022-11-28,-0.0174786928317387,0.2069202516493752,0.2222660962055943,0.316459239664747,0.0038033771330193457,0.0635316609277053,22.21,1.7100000000000009,0.0834146341463415,23.7785,-0.7585905096159781,4.76,0.0,0.2099999999999999,16.10874214297095,0.0,0,0.0,0.593,0.407,0,0,0.0019054473488466,0.0098083771319841,0.0118780207070003,0.2099331591360352,0.2036258181794231,0.401055794915955,20.5,23.12,25.75,4.76,4.74,4.55
2022-11-29,0.0164497295854584,0.2214006337784039,0.2262263663481589,0.3169771957312781,0.026039189709160845,0.08143526858739791,21.89,-0.3200000000000003,-0.0144079243583971,23.579,-0.7490829357858454,4.78,0.0200000000000004,0.1200000000000001,15.88557085807891,0.0,0,0.0,0.6036666666666666,0.3963333333333334,0,0,-0.0174786928317387,-0.0059024259643001,-0.0015864494695226,0.2222660962055943,0.2067233281936295,0.395299669288281,22.21,22.36,25.88,4.76,4.75,4.66
2022-11-30,0.0118628066930623,0.2139631597597334,0.2223027023703795,0.317401340063154,0.02298604363629215,0.07535582628749302,20.58,-1.3100000000000025,-0.0598446779351302,23.3175,-0.7767621661467105,4.74,-0.04,-0.0099999999999997,16.507512742390045,0.0,0,0.0,0.6473333333333333,0.3526666666666667,0,0,0.0164497295854584,0.0149568925921936,0.0180331052244082,0.2262263663481589,0.2100276857158706,0.3719373716764331,21.89,21.29,25.81,4.78,4.79,4.75
2022-12-01,-0.0140397887167265,0.2406360525213693,0.226732901919913,0.3177475810468219,-0.0017599997504613527,0.07046720532856712,19.84,-0.7399999999999984,-0.0359572400388725,23.0165,-0.7051894388658898,4.66,-0.08,-0.0999999999999996,15.996888120908551,0.0,0,0.0,0.6719999999999999,0.328,0,0,0.0118628066930623,0.010663215663222,-0.0092080021995081,0.2223027023703795,0.2097043076747777,0.3699230532282457,20.58,20.35,25.86,4.74,4.75,4.76
2022-12-02,-0.0079268502613857,0.2449586422959514,0.2303347388417297,0.315679008660754,-0.011622068797310352,0.06069892484292701,19.06,-0.7800000000000011,-0.0393145161290323,22.704500000000003,-0.664427112004908,4.69,0.0300000000000002,-0.0899999999999998,16.005139808136917,0.0,0,0.0,0.6980000000000001,0.3019999999999999,0,0,-0.0140397887167265,0.0019054473488466,0.0018114844848622,0.226732901919913,0.2099331591360352,0.3560498130841333,19.84,20.5,25.3,4.66,4.76,4.78
2022-12-05,-0.0280410113428913,0.2945183603633503,0.2377931377210717,0.3218573044670635,-0.02243048816012685,0.005266277920917113,20.75,1.6900000000000013,0.0886673662119623,22.5145,-0.751428029322992,4.77,0.0799999999999991,0.0099999999999997,16.133427613433803,0.0,0,0.0,0.6416666666666666,0.3583333333333334,0,0,-0.0079268502613857,-0.0174786928317387,0.0273585346846396,0.2303347388417297,0.2222660962055943,0.3455488632586849,19.06,22.21,24.55,4.69,4.76,4.76
2022-12-06,0.001674582007715,0.2432446728763909,0.2371316218805524,0.3211832623447077,-0.03707320514821155,0.001673181458603013,22.17,1.4200000000000017,0.068433734939759,22.4055,-0.7039091319347852,4.73,-0.0399999999999991,-0.0699999999999994,16.452186554455125,0.0,0,0.0,0.5943333333333333,0.4056666666666667,0,0,-0.0280410113428913,0.0164497295854584,0.0052801691367831,0.2377931377210717,0.2262263663481589,0.3382159521422588,20.75,21.89,24.35,4.77,4.78,4.8
2022-12-07,-0.000683971446044,0.1918786622878823,0.2371380599763757,0.3118607345762391,-0.04955040577590995,0.0003801475092873129,22.68,0.509999999999998,0.0230040595399187,22.2625,-0.7219947890996753,4.67,-0.0600000000000005,-0.0999999999999996,16.278461348916043,0.0,0,0.0,0.5773333333333334,0.4226666666666666,0,0,0.001674582007715,0.0118628066930623,0.000609013861772,0.2371316218805524,0.2223027023703795,0.3058445935985161,22.17,20.58,25.54,4.73,4.74,4.77
2022-12-08,0.0104942334238655,0.2327390657741217,0.2345777752028235,0.3121698485449372,-0.024971575725085852,0.023913843603671714,22.29,-0.3900000000000005,-0.0171957671957672,22.0725,-0.7161419363860096,4.71,0.04,-0.04,16.00238183548846,0.0,0,0.0,0.5903333333333334,0.4096666666666666,0,0,-0.000683971446044,-0.0140397887167265,-0.0130087895479428,0.2371380599763757,0.226732901919913,0.3188332599198708,22.68,19.84,26.09,4.67,4.66,4.75
2022-12-09,-0.005418338573462,0.2313994950670827,0.1841273917080237,0.311461212803928,-0.022446211975946352,-0.021854100215205584,22.83,0.5399999999999991,0.0242261103633916,22.0375,-0.6403480598078392,4.72,0.0099999999999997,0.1299999999999999,15.889663263373363,0.0,0,0.0,0.5723333333333334,0.4276666666666666,0,0,0.0104942334238655,-0.0079268502613857,0.0411593717835863,0.2345777752028235,0.2303347388417297,0.2973056614520331,22.29,19.06,23.53,4.71,4.69,4.59
2022-12-12,0.0155117574395911,0.1345157983138092,0.193089686245376,0.3120956825968569,0.02138813612765575,-0.008088438297819283,25.0,2.1700000000000017,0.0950503723171267,22.1615,-0.4280704912478556,4.75,0.0300000000000002,0.1600000000000001,15.994978526812929,0.0,0,0.0,0.5,0.5,0,0,-0.005418338573462,-0.0280410113428913,0.0016283423467509,0.1841273917080237,0.2377931377210717,0.2980475447646342,22.83,20.75,22.52,4.72,4.77,4.59
2022-12-13,-0.0009690237076833,0.1389737410402391,0.1895365886290888,0.3118501402559462,0.01874546115436915,0.0012684054929566163,22.55,-2.4499999999999997,-0.0979999999999999,22.1025,-0.3552892723701488,4.64,-0.1100000000000003,0.0099999999999997,16.12063253035693,0.0,0,0.0,0.5816666666666667,0.4183333333333333,0,0,0.0155117574395911,0.001674582007715,-0.0102732037333906,0.193089686245376,0.2371316218805524,0.2818453869763874,25.0,22.17,23.73,4.75,4.73,4.63
2022-12-14,-0.0049968350354092,0.1505740496535835,0.1885437293109359,0.3088050186525687,0.014420305655927348,0.003529114037602616,21.14,-1.41,-0.0625277161862527,21.9325,-0.3032758010982108,4.64,0.0,0.04,16.114699992229287,0.0,0,0.0,0.6286666666666667,0.3713333333333333,0,0,-0.0009690237076833,-0.000683971446044,-0.0072437064747207,0.1895365886290888,0.2371380599763757,0.2777574189661626,22.55,22.68,24.54,4.64,4.67,4.6
2022-12-15,-0.0248106987766355,0.2292589977513318,0.2086988234593317,0.3070997410191137,-0.02114291726214985,-0.022947505368400383,22.83,1.6899999999999975,0.0799432355723746,21.8685,-0.4001144693843748,4.65,0.0100000000000006,0.0300000000000002,16.307707320191657,0.0,0,0.0,0.5723333333333334,0.4276666666666666,0,0,-0.0049968350354092,0.0104942334238655,0.0013538633235399,0.1885437293109359,0.2345777752028235,0.261784057317005,21.14,22.29,24.11,4.64,4.71,4.62
2022-12-16,-0.0062260505115436,0.2296002086848498,0.2091892201318508,0.3062699873637177,-0.02195535944108005,-0.024826427051606786,22.62,-0.2099999999999973,-0.0091984231274637,21.803,-0.3976766404666559,4.61,-0.04,-0.0699999999999994,16.86637952806435,0.0,0,0.0,0.5793333333333333,0.4206666666666667,0,0,-0.0248106987766355,-0.005418338573462,-0.0043570718071828,0.2086988234593317,0.1841273917080237,0.2623657425831608,22.83,22.83,23.93,4.65,4.72,4.68
2022-12-19,0.0059556190326692,0.1834483890078156,0.2069508396804001,0.3030493831807706,-0.03141008495856165,-0.02864905985801358,22.42,-0.1999999999999993,-0.0088417329796639,21.768,-0.3834930926074949,4.64,0.0299999999999993,-0.1000000000000005,16.01464453346128,0.0,0,0.0,0.586,0.414,0,0,-0.0062260505115436,0.0155117574395911,0.0098083771319841,0.2091892201318508,0.193089686245376,0.2036258181794231,22.62,25.0,23.12,4.61,4.75,4.74
2022-12-20,0.0048439946611582,0.1980742516975054,0.2073775275279335,0.2986079825381025,-0.025608291175014453,-0.017896845459696182,21.48,-0.9400000000000012,-0.0419268510258697,21.724,-0.4090692937959183,4.64,0.0,-0.1100000000000003,15.961430261898538,0.0,0,0.0,0.6173333333333333,0.3826666666666667,0,0,0.0059556190326692,-0.0009690237076833,-0.0059024259643001,0.2069508396804001,0.1895365886290888,0.2067233281936295,22.42,22.55,22.36,4.64,4.64,4.75
2022-12-21,0.0112478918968192,0.2295223133491398,0.2040726640390996,0.2978882398959465,-0.009413825477813751,-0.02155788196150438,20.07,-1.41,-0.0656424581005586,21.663,-0.4123902629647629,4.6,-0.04,-0.1900000000000004,15.901393931420953,0.0,0,0.0,0.6643333333333333,0.3356666666666666,0,0,0.0048439946611582,-0.0049968350354092,0.0149568925921936,0.2073775275279335,0.1885437293109359,0.2100276857158706,21.48,21.14,21.29,4.64,4.64,4.79
2022-12-22,-0.0113498542356758,0.1483503359967244,0.2023126238854513,0.2975662628503486,0.004295090873685048,-0.043579401864012185,21.97,1.8999999999999984,0.094668659691081,21.744,-0.4196608312606715,4.64,0.04,-0.1100000000000003,15.97286188039926,0.0,0,0.0,0.601,0.399,0,0,0.0112478918968192,-0.0248106987766355,0.010663215663222,0.2040726640390996,0.2086988234593317,0.2097043076747777,20.07,22.83,20.35,4.6,4.65,4.75
2022-12-23,0.0047451704223195,0.1351109736724529,0.2033171049367769,0.2945166164961036,0.015274551653495847,-0.040749088560841085,20.87,-1.099999999999998,-0.0500682749203458,21.7625,-0.4345138411990396,4.66,0.0200000000000004,-0.0999999999999996,15.44316179620806,0.0,0,0.0,0.6376666666666666,0.3623333333333334,0,0,-0.0113498542356758,-0.0062260505115436,0.0019054473488466,0.2023126238854513,0.2091892201318508,0.2099331591360352,21.97,22.62,20.5,4.64,4.61,4.76
2022-12-27,0.0035039607963565,0.1329235107162336,0.1955047923557828,0.2917160900720836,0.012834433447198347,-0.019618003543834583,21.65,0.7799999999999976,0.037374221370388,21.7345,-0.3627821174767195,4.75,0.0899999999999998,-0.0099999999999997,15.503944661433579,0.0,0,0.0,0.6116666666666667,0.3883333333333333,0,0,0.0047451704223195,0.0059556190326692,-0.0174786928317387,0.2033171049367769,0.2069508396804001,0.2222660962055943,20.87,22.42,22.21,4.66,4.64,4.76
2022-12-28,0.0054652880957397,0.1336575819750621,0.1863447279483659,0.2864938372187908,0.013452540779926948,-0.03048349438893008,22.14,0.490000000000002,0.0226327944572748,21.747,-0.3487979039745779,4.71,-0.04,-0.0700000000000002,15.993405176279062,0.0,0,0.0,0.5953333333333333,0.4046666666666667,0,0,0.0035039607963565,0.0048439946611582,0.0164497295854584,0.1955047923557828,0.2073775275279335,0.2262263663481589,21.65,21.48,21.89,4.75,4.64,4.78
2022-12-29,0.0057376138203832,0.1162793628056228,0.1817800498920765,0.2727696036930969,0.007988652448059047,-0.03655527314973748,21.44,-0.6999999999999993,-0.0316169828364949,21.79,-0.318915332152864,4.71,0.0,-0.0300000000000002,15.700335416611669,0.0,0,0.0,0.6186666666666667,0.3813333333333333,0,0,0.0054652880957397,0.0112478918968192,0.0118628066930623,0.1863447279483659,0.2040726640390996,0.2223027023703795,22.14,20.07,20.58,4.71,4.6,4.74
2022-12-30,0.0066057475575929,0.0183836655160665,0.1780093393444111,0.2709766661185834,0.025987433041881846,-0.015831969071668985,21.67,0.2300000000000004,0.0107276119402985,21.8815,-0.368225971815361,4.73,0.0200000000000004,0.0700000000000002,16.044718288767207,0.0,0,0.0,0.611,0.389,0,0,0.0057376138203832,-0.0113498542356758,-0.0140397887167265,0.1817800498920765,0.2023126238854513,0.226732901919913,21.44,21.97,19.84,4.71,4.64,4.66
2023-01-03,0.0076061490104897,0.0240701600582752,0.1782553445003391,0.2665060954136183,0.02883085356009455,-0.0002961662034361833,22.9,1.2299999999999969,0.0567604983848637,22.0735,-0.3655323548345047,4.72,-0.0100000000000006,0.0299999999999993,16.2183753712071,0.0,0,0.0,0.5700000000000001,0.4299999999999999,0,0,0.0066057475575929,0.0047451704223195,-0.0079268502613857,0.1780093393444111,0.2033171049367769,0.2303347388417297,21.67,20.87,19.06,4.73,4.66,4.69
2023-01-04,0.009325006073416,0.0247456989349331,0.145807306562632,0.2620283142092454,0.03461481394725355,0.03742729856354582,22.01,-0.889999999999997,-0.0388646288209605,22.1365,-0.2600524782445097,4.71,-0.0099999999999997,-0.0599999999999996,16.27403909425297,0.0,0,0.0,0.5996666666666666,0.4003333333333334,0,0,0.0076061490104897,0.0035039607963565,-0.0280410113428913,0.1782553445003391,0.1955047923557828,0.2377931377210717,22.9,21.65,20.75,4.72,4.75,4.77
2023-01-05,-0.0002216933917469,0.057326141538608,0.1459964876023556,0.2606680155624485,0.02894268837630195,0.03553239913558341,22.46,0.4499999999999993,0.0204452521581099,22.151000000000003,-0.2713738560991534,4.78,0.0700000000000002,0.0499999999999998,15.941513711004799,1.0,1,0.0,0.5846666666666667,0.4153333333333333,0,0,0.009325006073416,0.0054652880957397,0.001674582007715,0.145807306562632,0.1863447279483659,0.2371316218805524,22.01,22.14,22.17,4.71,4.71,4.73
2023-01-06,0.0191355450070165,0.1095464366029354,0.1577741776609998,0.2527030699931447,0.04217623503642125,0.055171367662593715,21.13,-1.3300000000000018,-0.0592163846838825,22.073500000000003,-0.3320643745560036,4.71,-0.0700000000000002,0.04,16.121001524814332,0.0,0,0.0,0.629,0.371,0,0,-0.0002216933917469,0.0057376138203832,-0.000683971446044,0.1459964876023556,0.1817800498920765,0.2371380599763757,22.46,21.44,22.68,4.78,4.71,4.67
2023-01-09,-0.0041324432317415,0.1424759700533965,0.1568457728887525,0.2523736725644596,0.03145120444837895,0.04059081110179581,21.97,0.8399999999999999,0.039753904401325,22.0575,-0.3426071989726467,4.69,-0.0199999999999995,-0.0199999999999995,15.95349231530049,0.0,0,0.0,0.601,0.399,0,0,0.0191355450070165,0.0066057475575929,0.0104942334238655,0.1577741776609998,0.1780093393444111,0.2345777752028235,21.13,21.67,22.29,4.71,4.73,4.71
2023-01-10,0.0089542668995377,0.1435490909788421,0.1560581490951025,0.2307512145027086,0.03278825151054185,0.054938297283052016,20.58,-1.3900000000000006,-0.0632680928538916,21.945,-0.3544549218925921,4.74,0.0499999999999998,0.0200000000000004,16.018131769462244,0.0,0,0.0,0.6473333333333333,0.3526666666666667,0,0,-0.0041324432317415,0.0076061490104897,-0.005418338573462,0.1568457728887525,0.1782553445003391,0.1841273917080237,21.97,22.9,22.83,4.69,4.72,4.72
2023-01-11,0.0074314982318841,0.1419137825524717,0.1499283194161031,0.2294066511623264,0.030910475592753055,0.04694963802864311,21.09,0.5100000000000016,0.0247813411078718,21.7495,-0.5177947591260156,4.73,-0.0099999999999997,-0.0199999999999995,15.979258895465758,0.0,0,0.0,0.6303333333333334,0.3696666666666666,0,0,0.0089542668995377,0.009325006073416,0.0155117574395911,0.1560581490951025,0.145807306562632,0.193089686245376,20.58,22.01,25.0,4.74,4.71,4.75
2023-01-12,-0.0010026449736497,0.1442248874269385,0.1499382419268921,0.2160702659313512,0.03012904560375295,0.046915983584967215,18.83,-2.2600000000000016,-0.1071597913703177,21.5635,-0.5062060445981733,4.66,-0.0700000000000002,0.0200000000000004,16.21356045517131,0.0,0,0.0,0.7056666666666667,0.2943333333333333,0,0,0.0074314982318841,-0.0002216933917469,-0.0009690237076833,0.1499283194161031,0.1459964876023556,0.1895365886290888,21.09,22.46,22.55,4.73,4.78,4.64
2023-01-13,0.0252346438034019,0.1797644972345717,0.1671215183572961,0.2158645195551788,0.03609578971378235,0.07684685172044872,18.35,-0.4799999999999969,-0.0254912373871479,21.424,-0.5472556054268413,4.69,0.0300000000000002,0.0500000000000007,16.821193211876384,0.0,0,0.0,0.7216666666666667,0.2783333333333333,0,0,-0.0010026449736497,0.0191355450070165,-0.0049968350354092,0.1499382419268921,0.1577741776609998,0.1885437293109359,18.83,21.13,21.14,4.66,4.71,4.64
2023-01-17,-0.0154534741257159,0.235092564837995,0.1474487646114692,0.214106885892627,0.02466267144513075,0.08639639980907642,19.36,1.009999999999998,0.0550408719346047,21.2505,-0.4973700181833381,4.67,-0.0200000000000004,0.0199999999999995,16.47527353839976,0.0,0,0.0,0.688,0.312,0,0,0.0252346438034019,-0.0041324432317415,-0.0248106987766355,0.1671215183572961,0.1568457728887525,0.2086988234593317,18.35,21.97,22.83,4.69,4.69,4.65
2023-01-18,-0.0300426224970942,0.3373436955692686,0.1896149319205583,0.2246781800466697,-0.014754892894011155,0.06213876383012091,20.34,0.9800000000000004,0.0506198347107438,21.1365,-0.5384896318158476,4.63,-0.04,0.0199999999999995,16.410212948243256,0.0,0,0.0,0.6553333333333333,0.3446666666666667,0,0,-0.0154534741257159,0.0089542668995377,-0.0062260505115436,0.1474487646114692,0.1560581490951025,0.2091892201318508,19.36,20.58,22.62,4.67,4.74,4.61
2023-01-19,-0.0133264362840664,0.3293680942821717,0.1980405864614853,0.2032652334737268,-0.035574943695704554,0.042784779291500215,20.52,0.1799999999999997,0.0088495575221239,21.0415,-0.5294110394905724,4.65,0.0200000000000004,0.0100000000000006,16.40353027478837,0.0,0,0.0,0.6493333333333333,0.3506666666666667,0,0,-0.0300426224970942,0.0074314982318841,0.0059556190326692,0.1896149319205583,0.1499283194161031,0.2069508396804001,20.34,21.09,22.42,4.63,4.73,4.64
2023-01-20,0.0024491081536814,0.3342741684573406,0.1977911900464775,0.2032672369062266,-0.032125681761324354,0.040398592998657314,19.85,-0.6699999999999982,-0.0326510721247562,20.96,-0.525526284801163,4.68,0.0299999999999993,0.04,16.387550181515383,0.0,0,0.0,0.6716666666666666,0.3283333333333333,0,0,-0.0133264362840664,-0.0010026449736497,0.0048439946611582,0.1980405864614853,0.1499382419268921,0.2073775275279335,20.52,18.83,21.48,4.65,4.66,4.64
2023-01-23,0.0162125787859339,0.284193292884565,0.2015297180416162,0.2053698549950485,-0.040964630578101756,0.04529604662016071,19.81,-0.0400000000000027,-0.002015113350126,20.947,-0.4906884392574466,4.7,0.0200000000000004,0.1000000000000005,16.165656583741843,0.0,0,0.0,0.673,0.3269999999999999,0,0,0.0024491081536814,0.0252346438034019,0.0112478918968192,0.1977911900464775,0.1671215183572961,0.2040726640390996,19.85,18.35,20.07,4.68,4.69,4.6
2023-01-24,0.0085962241802244,0.2961002448809454,0.1959419175339702,0.2048909314037552,-0.016831019908787454,0.06527028902660391,19.2,-0.6099999999999994,-0.0307925290257445,20.8085,-0.4436259047322196,4.7,0.0,0.0600000000000005,15.753532678159052,0.0,0,0.0,0.6933333333333334,0.3066666666666666,0,0,0.0162125787859339,-0.0154534741257159,-0.0113498542356758,0.2015297180416162,0.1474487646114692,0.2023126238854513,19.81,19.36,21.97,4.7,4.67,4.64
2023-01-25,0.0048391745489202,0.1725772111614335,0.1959515105596969,0.2049358973366862,0.018499632641159745,0.0653638448177848,19.08,-0.120000000000001,-0.00625,20.719,-0.4494888275451911,4.67,-0.0300000000000002,0.0099999999999997,16.009061841454198,0.0,0,0.0,0.6973333333333334,0.3026666666666666,0,0,0.0085962241802244,-0.0300426224970942,0.0047451704223195,0.1959419175339702,0.1896149319205583,0.2033171049367769,19.2,20.34,20.87,4.7,4.63,4.66
2023-01-26,0.0061816670348424,0.0829389755972232,0.1962210544520512,0.204102048789746,0.038078301653041144,0.06802864749734301,18.73,-0.3499999999999978,-0.0183438155136267,20.573,-0.4632127433435278,4.68,0.0099999999999997,-0.0700000000000002,15.828759010463445,0.0,0,0.0,0.709,0.291,0,0,0.0048391745489202,-0.0133264362840664,0.0035039607963565,0.1959515105596969,0.1980405864614853,0.1955047923557828,19.08,20.52,21.65,4.67,4.65,4.75
2023-01-27,0.0024290925814305,0.0830174646940638,0.1960958179750689,0.2039777010413502,0.03805833478199205,0.06500438700072242,18.51,-0.2199999999999988,-0.0117458622530698,20.3915,-0.4750831995464617,4.68,0.0,-0.0300000000000002,15.82906613778255,0.0,0,0.0,0.7163333333333333,0.2836666666666667,0,0,0.0061816670348424,0.0024491081536814,0.0054652880957397,0.1962210544520512,0.1977911900464775,0.1863447279483659,18.73,19.85,22.14,4.68,4.68,4.71
2023-01-30,-0.0084805740348078,0.1055205937175308,0.2001863792831937,0.2023325940434243,0.013459037710193349,0.050766431882295016,19.94,1.4299999999999995,0.0772555375472716,20.3165,-0.5071717714973188,4.71,0.0300000000000002,0.0,15.721981832928082,0.0,0,0.0,0.6686666666666666,0.3313333333333333,0,0,0.0024290925814305,0.0162125787859339,0.0057376138203832,0.1960958179750689,0.2015297180416162,0.1817800498920765,18.51,19.81,21.44,4.68,4.7,4.71
2023-01-31,0.0059656819922953,0.0977115770299724,0.2000285553155769,0.2012804631242248,0.010847508449253149,0.05013036443397521,19.4,-0.5400000000000027,-0.0270812437311936,20.203,-0.5178016806990134,4.68,-0.0300000000000002,-0.0500000000000007,16.03348513504841,0.0,0,0.0,0.6866666666666668,0.3133333333333332,0,0,-0.0084805740348078,0.0085962241802244,0.0066057475575929,0.2001863792831937,0.1959419175339702,0.1780093393444111,19.94,19.2,21.67,4.71,4.7,4.73
2023-02-01,-0.002643936908565,0.099298642866062,0.1998833718724048,0.201481613088684,0.003372566785366849,0.039905558043057114,17.87,-1.5299999999999976,-0.0788659793814431,19.951500000000003,-0.5125316011623126,4.66,-0.0199999999999995,-0.0599999999999996,15.995001146894746,0.0,0,0.0,0.7376666666666667,0.2623333333333333,0,0,0.0059656819922953,0.0048391745489202,0.0076061490104897,0.2000285553155769,0.1959515105596969,0.1782553445003391,19.4,19.08,22.9,4.68,4.67,4.72
2023-02-02,-0.0046563368412271,0.091008432302831,0.199270866268645,0.1948256527709331,-0.007457283470235351,0.02595655007985411,18.73,0.8599999999999994,0.0481253497481812,19.7875,-0.5117720223271073,4.64,-0.0200000000000004,-0.0700000000000002,16.28548130372363,0.0,0,0.0,0.709,0.291,0,0,-0.002643936908565,0.0061816670348424,0.009325006073416,0.1998833718724048,0.1962210544520512,0.145807306562632,17.87,18.73,22.01,4.66,4.68,4.71
2023-02-03,0.0154743667704926,0.1519559774714235,0.2052766565198335,0.1968244748424771,0.005472429165675748,0.041534127790096215,18.33,-0.4000000000000021,-0.0213561131874,19.581,-0.5112176667899055,4.79,0.1500000000000003,0.0099999999999997,16.257962022663154,0.0,0,0.0,0.7223333333333334,0.2776666666666666,0,0,-0.0046563368412271,0.0024290925814305,-0.0002216933917469,0.199270866268645,0.1960958179750689,0.1459964876023556,18.73,18.51,22.46,4.64,4.68,4.78
2023-02-06,0.005882573617165,0.1268805068205979,0.1960535663824742,0.1970389158804875,0.01985450671629785,0.02844470356217161,19.43,1.1000000000000014,0.0600109110747408,19.496,-0.4230115597271116,4.85,0.0599999999999996,0.1399999999999996,15.944480205753116,0.0,0,0.0,0.6856666666666666,0.3143333333333333,0,0,0.0154743667704926,-0.0084805740348078,0.0191355450070165,0.2052766565198335,0.2001863792831937,0.1577741776609998,18.33,19.94,21.13,4.79,4.71,4.71
2023-02-07,0.0121899255930979,0.1398314383409934,0.1984137945532844,0.195888501630419,0.026022775716131347,0.04470193570172761,18.66,-0.7699999999999996,-0.0396294390118373,19.3305,-0.4294219665199644,4.88,0.0300000000000002,0.1899999999999995,16.161911654955755,0.0,0,0.0,0.7113333333333334,0.2886666666666666,0,0,0.005882573617165,0.0059656819922953,-0.0041324432317415,0.1960535663824742,0.2000285553155769,0.1568457728887525,19.43,19.4,21.97,4.85,4.68,4.69
2023-02-08,-0.0070309782400308,0.1577774456416448,0.1993792175323879,0.1794800806415744,0.021614401958920247,0.02873170849143551,19.63,0.9699999999999988,0.0519828510182207,19.283,-0.4359665284451292,4.87,-0.0099999999999997,0.1299999999999999,15.755402778413474,0.0,0,0.0,0.679,0.3209999999999999,0,0,0.0121899255930979,-0.002643936908565,0.0089542668995377,0.1984137945532844,0.1998833718724048,0.1560581490951025,18.66,17.87,20.58,4.88,4.66,4.74
2023-02-09,-0.0155636008755923,0.2085533260944368,0.2069172076158731,0.1827122093087491,0.010595628106963646,0.005641702594064706,20.71,1.0800000000000018,0.055017829852267,19.264,-0.497044905232089,4.88,0.0099999999999997,0.1499999999999994,15.678520503925277,0.0,0,0.0,0.643,0.357,0,0,-0.0070309782400308,-0.0046563368412271,0.0074314982318841,0.1993792175323879,0.199270866268645,0.1499283194161031,19.63,18.73,21.09,4.87,4.64,4.73
2023-02-10,0.0044152541654141,0.1768464613355226,0.2073618428528285,0.181390210971434,-0.00035469610683945465,0.011050386079503809,20.53,-0.1799999999999997,-0.0086914534041525,19.349,-0.5934014698575221,4.89,0.0099999999999997,0.2299999999999995,15.699986087600792,0.0,0,0.0,0.649,0.351,0,0,-0.0155636008755923,0.0154743667704926,-0.0010026449736497,0.2069172076158731,0.2052766565198335,0.1499382419268921,20.71,18.33,18.83,4.88,4.79,4.66
2023-02-13,0.0108483548856768,0.1902114809568908,0.1907360660482848,0.1816546077647633,0.004569898675754145,-0.003081187475856593,20.34,-0.1900000000000012,-0.0092547491475889,19.4485,-0.5890260117888769,4.91,0.0200000000000004,0.2199999999999997,15.780466885815743,0.0,0,0.0,0.6553333333333333,0.3446666666666667,0,0,0.0044152541654141,0.005882573617165,0.0252346438034019,0.2073618428528285,0.1960535663824742,0.1671215183572961,20.53,19.43,18.35,4.89,4.85,4.69
2023-02-14,0.0044185117835102,0.1682125868032697,0.1823125806549169,0.1817671739524483,-0.003137549272084955,0.016901714984511908,18.91,-1.4299999999999995,-0.0703048180924287,19.426,-0.5383594794056735,4.99,0.08,0.3200000000000003,16.040069350635044,0.0,0,0.0,0.7030000000000001,0.2969999999999999,0,0,0.0108483548856768,0.0121899255930979,-0.0154534741257159,0.1907360660482848,0.1984137945532844,0.1474487646114692,20.34,18.66,19.36,4.91,4.88,4.67
2023-02-15,0.004190007211086,0.1598684561228543,0.1398350811008644,0.1814650171982844,0.008099516342069745,0.05158611772751641,18.23,-0.6799999999999997,-0.0359598096245372,19.320500000000003,-0.4927825174773519,4.96,-0.0300000000000002,0.33,15.721833218040848,0.0,0,0.0,0.7256666666666667,0.2743333333333333,0,0,0.0044185117835102,-0.0070309782400308,-0.0300426224970942,0.1823125806549169,0.1993792175323879,0.1896149319205583,18.91,19.63,20.34,4.99,4.87,4.63
2023-02-16,-0.0137689276169692,0.1474907204905323,0.1405229930476562,0.1833111103841259,0.009920903035376346,0.051137549325145616,20.17,1.9400000000000013,0.1064179923203512,19.303,-0.6175237371750356,4.99,0.0300000000000002,0.3399999999999998,15.915404148373476,0.0,0,0.0,0.6609999999999999,0.3390000000000001,0,0,0.004190007211086,-0.0155636008755923,-0.0133264362840664,0.1398350811008644,0.2069172076158731,0.1980405864614853,18.23,20.71,20.52,4.96,4.88,4.65
2023-02-17,0.0029616026173788,0.1463467316109748,0.1405293614057151,0.1827635736506023,0.008472593220284146,0.05164866106111231,20.02,-0.1500000000000021,-0.0074367873078831,19.3115,-0.6254794602481384,5.0,0.0099999999999997,0.3200000000000003,15.888531657646332,0.0,0,0.0,0.666,0.3339999999999999,0,0,-0.0137689276169692,0.0044152541654141,0.0024491081536814,0.1405229930476562,0.2073618428528285,0.1977911900464775,20.17,20.53,19.85,4.99,4.89,4.68
2023-02-21,-0.0183493930495924,0.1764212657654733,0.1498111752574339,0.184929888442445,-0.020837171741597556,0.01704627136064761,22.87,2.8500000000000014,0.1423576423576424,19.4645,-0.7498920401580351,5.07,0.0700000000000002,0.3700000000000001,16.11772568252844,0.0,0,0.0,0.571,0.429,0,0,0.0029616026173788,0.0108483548856768,0.0162125787859339,0.1405293614057151,0.1907360660482848,0.2015297180416162,20.02,20.34,19.81,5.0,4.91,4.7
2023-02-22,-0.0076629961457873,0.1594628841943811,0.1498291941708662,0.1845364605341321,-0.032938458323888156,0.0007942765694112109,22.29,-0.5800000000000018,-0.0253607345867949,19.619,-0.6944712123173102,5.07,0.0,0.3700000000000001,16.223131203821456,0.0,0,0.0,0.5903333333333334,0.4096666666666666,0,0,-0.0183493930495924,0.0044185117835102,0.0085962241802244,0.1498111752574339,0.1823125806549169,0.1959419175339702,22.87,18.91,19.2,5.07,4.99,4.7
2023-02-23,0.0080108191689767,0.1769414272648654,0.1515722844088123,0.1851703736718405,-0.02914080900397706,0.0039456760823796105,21.14,-1.1499999999999986,-0.0515926424405562,19.722,-0.7063728042437485,5.03,-0.04,0.3600000000000003,15.903416302002688,0.0,0,0.0,0.6286666666666667,0.3713333333333333,0,0,-0.0076629961457873,0.004190007211086,0.0048391745489202,0.1498291941708662,0.1398350811008644,0.1959515105596969,22.29,18.23,19.08,5.07,4.96,4.67
2023-02-24,0.0090212207591344,0.1856867373166271,0.1533628488912192,0.182060072336077,-0.006295437871503957,0.00676380980060051,21.67,0.5300000000000011,0.0250709555345316,19.869,-0.6722490502253425,5.05,0.0199999999999995,0.3700000000000001,16.026736764502527,0.0,0,0.0,0.611,0.389,0,0,0.0080108191689767,-0.0137689276169692,0.0061816670348424,0.1515722844088123,0.1405229930476562,0.1962210544520512,21.14,20.17,18.73,5.03,4.99,4.68
2023-02-27,0.0087277791561906,0.1979429608689906,0.1560815329949069,0.17996428900685,-0.0005627513220443567,0.013027574957075912,20.95,-0.7200000000000024,-0.0332256575911399,19.991,-0.6810645927242767,5.03,-0.0199999999999995,0.3500000000000005,16.119564671419205,0.0,0,0.0,0.635,0.365,0,0,0.0090212207591344,0.0029616026173788,0.0024290925814305,0.1533628488912192,0.1405293614057151,0.1960958179750689,21.67,20.02,18.51,5.05,5.0,4.68
2023-02-28,0.0083708092577352,0.1150846829816463,0.1544069320674749,0.1791995562228341,0.026293048349451245,0.029880281999905514,20.7,-0.25,-0.0119331742243437,20.029000000000003,-0.6617738113932927,5.02,-0.0100000000000006,0.3099999999999996,16.21520430344977,0.0,0,0.0,0.6433333333333333,0.3566666666666667,0,0,0.0087277791561906,-0.0183493930495924,-0.0084805740348078,0.1560815329949069,0.1498111752574339,0.2001863792831937,20.95,22.87,19.94,5.03,5.07,4.71
2023-03-01,-0.0055808680086119,0.1002275008314872,0.1554246426004919,0.1770128355628765,0.028389056874992144,0.018335824995150213,20.58,-0.120000000000001,-0.0057971014492753,20.088,-0.6420067783800055,5.06,0.04,0.3799999999999999,15.781111423292057,0.0,0,0.0,0.6473333333333333,0.3526666666666667,0,0,0.0083708092577352,-0.0076629961457873,0.0059656819922953,0.1544069320674749,0.1498291941708662,0.2000285553155769,20.7,22.29,19.4,5.02,5.07,4.68
2023-03-02,-0.01038232318884,0.14764277509354,0.1601802311616301,0.1776130146221542,0.009973558499480544,0.010546667796493311,19.59,-0.9899999999999984,-0.0481049562682215,20.174,-0.6157441986104664,5.04,-0.0199999999999995,0.3799999999999999,16.2230681813596,0.0,0,0.0,0.6803333333333333,0.3196666666666666,0,0,-0.0055808680086119,0.0080108191689767,-0.002643936908565,0.1554246426004919,0.1515722844088123,0.1998833718724048,20.58,21.14,17.87,5.06,5.03,4.66
2023-03-03,0.0183599455440546,0.1848929057718885,0.170565428117933,0.170344452957493,0.019186222591118546,0.03340731586195441,18.49,-1.1000000000000014,-0.0561510974987239,20.162,-0.6369934260988883,5.03,-0.0099999999999997,0.3900000000000005,16.068180459182585,0.0,0,0.0,0.7170000000000001,0.2829999999999999,0,0,-0.01038232318884,0.0090212207591344,-0.0046563368412271,0.1601802311616301,0.1533628488912192,0.199270866268645,19.59,21.67,18.73,5.04,5.05,4.64
2023-03-06,-0.0058471102260413,0.1896374849163596,0.1645077978904394,0.1710321172022106,0.004632038826013642,0.012187184617413811,18.61,0.120000000000001,0.0064899945916712,20.176,-0.6369014352567914,5.05,0.0199999999999995,0.2599999999999998,16.041355093513875,0.0,0,0.0,0.7130000000000001,0.2869999999999999,0,0,0.0183599455440546,0.0087277791561906,0.0154743667704926,0.170565428117933,0.1560815329949069,0.2052766565198335,18.49,20.95,18.33,5.03,5.03,4.79
2023-03-07,-0.0294078474664289,0.2716621564548219,0.1953327419613397,0.1826622307991351,-0.03355285671819986,-0.023527081434592187,19.59,0.9800000000000004,0.0526598602901666,20.184,-0.6826167969508256,5.22,0.1699999999999999,0.3700000000000001,16.2791596074961,0.0,0,0.0,0.6803333333333333,0.3196666666666666,0,0,-0.0058471102260413,0.0083708092577352,0.005882573617165,0.1645077978904394,0.1544069320674749,0.1960535663824742,18.61,20.7,19.43,5.05,5.02,4.85
2023-03-08,-0.0059152622440684,0.271585745170341,0.1894608326248258,0.1821299596287826,-0.03388918418901456,-0.04157613490999569,19.11,-0.4800000000000004,-0.0245022970903522,20.2065,-0.6548679359405146,5.25,0.0300000000000002,0.3700000000000001,16.118345719688527,0.0,0,0.0,0.6963333333333334,0.3036666666666666,0,0,-0.0294078474664289,-0.0055808680086119,0.0121899255930979,0.1953327419613397,0.1554246426004919,0.1984137945532844,19.59,20.58,18.66,5.22,5.06,4.88
2023-03-09,-0.0541364875950894,0.4445984524090378,0.268465945579199,0.2154278022964265,-0.07910958768880136,-0.09017732185122829,22.61,3.5,0.1831501831501831,20.3555,-0.7952764489208887,5.18,-0.0700000000000002,0.3099999999999996,17.069294000254253,0.0,0,0.0,0.5796666666666667,0.4203333333333333,1,0,-0.0059152622440684,-0.01038232318884,-0.0070309782400308,0.1894608326248258,0.1601802311616301,0.1993792175323879,19.11,19.59,19.63,5.25,5.04,4.87
2023-03-10,0.0253950417019748,0.4791274538963786,0.2844738144273017,0.2192843016773357,-0.07222507952774415,-0.04941339177275339,24.8,2.1900000000000013,0.0968597965501991,20.56,-0.6006617149636929,4.9,-0.2799999999999993,0.0200000000000004,17.442506656200845,0.0,0,0.0,0.5066666666666666,0.4933333333333334,0,0,-0.0541364875950894,0.0183599455440546,-0.0155636008755923,0.268465945579199,0.170565428117933,0.2069172076158731,22.61,18.49,20.71,5.18,5.03,4.88
2023-03-13,-0.0179574328946938,0.4731626211663071,0.2884617167050131,0.22242051221902,-0.08448143223348135,-0.0719395515092281,26.52,1.7199999999999989,0.0693548387096774,20.8595,-0.6119859980620488,4.3,-0.6000000000000005,-0.5899999999999999,17.574408047904587,0.0,0,0.0,0.4493333333333333,0.5506666666666666,0,0,0.0253950417019748,-0.0058471102260413,0.0044152541654141,0.2844738144273017,0.1645077978904394,0.2073618428528285,24.8,18.61,20.53,4.9,5.05,4.89
2023-03-14,0.0256761861553898,0.5360685315687629,0.3023895716076443,0.2282623435656391,-0.029280416121137454,-0.05737739623148379,23.73,-2.789999999999999,-0.1052036199095022,21.029000000000003,-0.6584522809122543,4.45,0.1500000000000003,-0.4599999999999999,17.20490863413936,0.0,0,0.0,0.5423333333333333,0.4576666666666666,0,0,-0.0179574328946938,-0.0294078474664289,0.0108483548856768,0.2884617167050131,0.1953327419613397,0.1907360660482848,26.52,19.59,20.34,4.3,5.22,4.91
2023-03-15,-0.0472440030623757,0.6153529776881999,0.3411439305265468,0.2437775933751927,-0.07174403431603385,-0.11018261995394459,26.14,2.41,0.101559207753898,21.3905,-0.6833834377570469,4.19,-0.2599999999999998,-0.7999999999999998,17.35009018362885,0.0,0,0.0,0.4619999999999999,0.538,1,0,0.0256761861553898,-0.0059152622440684,0.0044185117835102,0.3023895716076443,0.1894608326248258,0.1823125806549169,23.73,19.11,18.91,4.45,5.25,4.99
2023-03-16,0.0194137540081946,0.5210815813436284,0.3508553325864121,0.2466146100793807,0.003140675756299543,-0.09513616243699849,22.99,-3.150000000000002,-0.1205049732211172,21.6285,-0.7040643491356885,4.49,0.2999999999999998,-0.4699999999999997,17.0165686251786,0.0,0,0.0,0.5670000000000001,0.4329999999999999,0,0,-0.0472440030623757,-0.0541364875950894,0.004190007211086,0.3411439305265468,0.268465945579199,0.1398350811008644,26.14,22.61,18.23,4.19,5.18,4.96
2023-03-17,-0.0377821857830863,0.5286167159188602,0.3697441169430011,0.2588066085060732,-0.060451704962802257,-0.11978599977093199,25.51,2.520000000000003,0.1096128751631144,21.8955,-0.7322157613653505,4.26,-0.2300000000000004,-0.7300000000000004,17.463463871509944,0.0,0,0.0,0.483,0.517,1,0,0.0194137540081946,0.0253950417019748,-0.0137689276169692,0.3508553325864121,0.2844738144273017,0.1405229930476562,22.99,24.8,20.17,4.49,4.9,4.99
2023-03-20,0.010571578337474,0.5468163331117185,0.3731279784653493,0.2595613526975434,-0.03181499082607615,-0.11222713555558839,24.15,-1.360000000000003,-0.0533124264994121,22.102,-0.7387898004772153,4.34,0.08,-0.6600000000000001,16.945577070525367,0.0,0,0.0,0.5283333333333333,0.4716666666666667,0,0,-0.0377821857830863,-0.0179574328946938,0.0029616026173788,0.3697441169430011,0.2884617167050131,0.1405293614057151,25.51,26.52,20.02,4.26,4.3,5.0
2023-03-21,0.0268209776079229,0.5509342181150135,0.3864206241597615,0.2643050031939753,-0.03069947983638436,-0.06723970432627058,21.38,-2.77,-0.1146997929606624,22.0275,-0.773109522595129,4.68,0.3399999999999998,-0.3900000000000005,16.695147177682106,0.0,0,0.0,0.6206666666666667,0.3793333333333333,0,0,0.010571578337474,0.0256761861553898,-0.0183493930495924,0.3731279784653493,0.3023895716076443,0.1498111752574339,24.15,23.73,22.87,4.34,4.45,5.07
2023-03-22,-0.0258140444865198,0.4582945102654778,0.3946333760906567,0.2686936811057226,-0.008456109077891457,-0.08570027070794789,22.26,0.8800000000000026,0.0411599625818523,22.026,-0.7801433197241718,4.56,-0.1200000000000001,-0.5100000000000007,16.66333435354767,0.0,0,0.0,0.5913333333333333,0.4086666666666667,0,0,0.0268209776079229,-0.0472440030623757,-0.0076629961457873,0.3864206241597615,0.3411439305265468,0.1498291941708662,21.38,26.14,22.29,4.68,4.19,5.07
2023-03-23,-0.0026734379991247,0.420095792040185,0.3920454915084599,0.2685266415854888,-0.030360838185610358,-0.09635619161863178,22.61,0.3499999999999978,0.0157232704402514,22.0995,-0.775735008000428,4.38,-0.1799999999999997,-0.6500000000000004,16.629577119611028,0.0,0,0.0,0.5796666666666667,0.4203333333333333,0,0,-0.0258140444865198,0.0194137540081946,0.0080108191689767,0.3946333760906567,0.3508553325864121,0.1515722844088123,22.26,22.99,21.14,4.56,4.49,5.03
2023-03-24,-0.0152159114915457,0.3298556933128464,0.3901906987907621,0.2701123608357235,-0.007179263666938156,-0.12066982556636618,21.74,-0.870000000000001,-0.0384785493144627,22.103,-0.7712198981790201,4.32,-0.0599999999999996,-0.7299999999999995,16.920594915258274,0.0,0,0.0,0.6086666666666667,0.3913333333333333,0,0,-0.0026734379991247,-0.0377821857830863,0.0090212207591344,0.3920454915084599,0.3697441169430011,0.1533628488912192,22.61,25.51,21.67,4.38,4.26,5.05
2023-03-27,0.0286606209060749,0.3890840997231814,0.4058516360148736,0.2763263457154784,0.010562234382713843,-0.10110214985083019,20.6,-1.139999999999997,-0.0524379024839004,22.085500000000003,-0.7704290549327093,4.51,0.1899999999999995,-0.5200000000000005,16.7522304000493,0.0,0,0.0,0.6466666666666666,0.3533333333333334,0,0,-0.0152159114915457,0.010571578337474,0.0087277791561906,0.3901906987907621,0.3731279784653493,0.1560815329949069,21.74,24.15,20.95,4.32,4.34,5.03
2023-03-28,0.0030352687062746,0.3273355710400502,0.4039624567347222,0.2761273648629055,-0.012874693926963755,-0.10640744660268558,19.97,-0.6300000000000026,-0.0305825242718448,22.049,-0.7734475586355821,4.55,0.04,-0.4699999999999997,16.196953133452983,0.0,0,0.0,0.6676666666666666,0.3323333333333333,0,0,0.0286606209060749,0.0268209776079229,0.0083708092577352,0.4058516360148736,0.3864206241597615,0.1544069320674749,20.6,21.38,20.7,4.51,4.68,5.02
2023-03-29,0.0020173891526862,0.2519026430156691,0.4047961967382419,0.2757902724744053,0.015293737172958444,-0.09879559040998159,19.12,-0.8499999999999979,-0.0425638457686529,21.976,-0.7741951640436056,4.59,0.04,-0.4699999999999997,16.49621018555889,0.0,0,0.0,0.696,0.304,0,0,0.0030352687062746,-0.0258140444865198,-0.0055808680086119,0.4039624567347222,0.3946333760906567,0.1554246426004919,19.97,22.26,20.58,4.55,4.56,5.06
2023-03-30,-0.0030199912314778,0.2524127580687481,0.4043160052869746,0.2753185954763025,0.014946194582545546,-0.09138355553556679,19.02,-0.1000000000000014,-0.0052301255230126,21.9475,-0.789445795487282,4.63,0.04,-0.4100000000000001,16.311579757366683,0.0,0,0.0,0.6993333333333334,0.3006666666666666,0,0,0.0020173891526862,-0.0026734379991247,-0.01038232318884,0.4047961967382419,0.3920454915084599,0.1601802311616301,19.12,22.61,19.59,4.59,4.38,5.04
2023-03-31,0.0121165568212671,0.195664777743113,0.4002932802827227,0.2758032880240346,0.042322794861861246,-0.09753325329562348,18.7,-0.3200000000000003,-0.0168243953732912,21.958,-0.780836413506621,4.64,0.0099999999999997,-0.3900000000000005,16.388519732279406,0.0,0,0.0,0.71,0.29,0,0,-0.0030199912314778,-0.0152159114915457,0.0183599455440546,0.4043160052869746,0.3901906987907621,0.170565428117933,19.02,21.74,18.49,4.63,4.32,5.03
2023-04-03,-0.0011512135024096,0.0923666698336351,0.4004885275170947,0.2758039058369604,0.012913330227200145,-0.09282085844964369,18.55,-0.1499999999999985,-0.0080213903743314,21.955,-0.7810461010747529,4.6,-0.04,-0.4500000000000002,16.28152325248859,0.0,0,0.0,0.715,0.285,0,0,0.0121165568212671,0.0286606209060749,-0.0058471102260413,0.4002932802827227,0.4058516360148736,0.1645077978904394,18.7,20.6,18.61,4.64,4.51,5.05
2023-04-04,-0.013368171536937,0.145958667006724,0.3909170416682891,0.2739555287723865,-0.003575671296668255,-0.07643026118115398,19.0,0.4499999999999993,0.0242587601078165,21.9255,-0.777846183043918,4.5,-0.0999999999999996,-0.7199999999999998,16.26478148084978,0.0,0,0.0,0.7,0.3,0,0,-0.0011512135024096,0.0030352687062746,-0.0294078474664289,0.4004885275170947,0.4039624567347222,0.1953327419613397,18.55,19.97,19.59,4.6,4.55,5.22
2023-04-05,0.0014911235118548,0.1453860441090153,0.3912731223461942,0.2739396779718789,-0.004101015361450855,-0.06900742158241789,19.08,0.0799999999999983,0.0042105263157894,21.924,-0.7807614806388058,4.43,-0.0700000000000002,-0.8200000000000003,16.078803839277597,1.0,1,0.0,0.6973333333333334,0.3026666666666666,0,0,-0.013368171536937,0.0020173891526862,-0.0059152622440684,0.3909170416682891,0.4047961967382419,0.1894608326248258,19.0,19.12,19.11,4.5,4.59,5.25
2023-04-06,-0.0010970967799256,0.1441840585694149,0.3391826557782212,0.2731439713831338,-0.002174153785609055,-0.01444812163237449,18.4,-0.6799999999999997,-0.0356394129979035,21.7135,-0.6989332241393911,4.51,0.08,-0.6699999999999999,15.985729407854816,0.0,0,0.0,0.72,0.28,0,0,0.0014911235118548,-0.0030199912314778,-0.0541364875950894,0.3912731223461942,0.4043160052869746,0.268465945579199,19.08,19.02,22.61,4.43,4.63,5.18
2023-04-10,0.003294970335675,0.1043421368150345,0.3257526718378873,0.2727160448722758,-0.010928338927516955,-0.03623651269539629,18.97,0.5700000000000003,0.0309782608695652,21.422,-0.8762611421656215,4.65,0.1400000000000005,-0.25,16.064410129053794,0.0,0,0.0,0.7010000000000001,0.2989999999999999,0,0,-0.0010970967799256,0.0121165568212671,0.0253950417019748,0.3391826557782212,0.4002932802827227,0.2844738144273017,18.4,18.7,24.8,4.51,4.64,4.9
2023-04-11,0.0049260954152356,0.1163265699998511,0.3206793165798397,0.273016100144709,-0.004862460363033257,-0.01320188657919559,19.1,0.1300000000000025,0.0068529256721139,21.051,-0.8647844256047081,4.67,0.0199999999999995,0.3700000000000001,16.168437087472867,0.0,0,0.0,0.6966666666666665,0.3033333333333334,0,0,0.003294970335675,-0.0011512135024096,-0.0179574328946938,0.3257526718378873,0.4004885275170947,0.2884617167050131,18.97,18.55,26.52,4.65,4.6,4.3
2023-04-12,-0.000155727864312,0.0390225288544929,0.305667818632322,0.2675366216266834,0.008440129591468443,-0.038709715468548095,19.09,-0.0100000000000015,-0.0005235602094241,20.819,-0.8484080850238721,4.64,-0.0300000000000002,0.1899999999999995,16.28538825332772,0.0,0,0.0,0.6970000000000001,0.3029999999999999,0,0,0.0049260954152356,-0.013368171536937,0.0256761861553898,0.3206793165798397,0.3909170416682891,0.3023895716076443,19.1,19.0,23.73,4.67,4.5,4.45
2023-04-13,0.0038134044909994,0.0416574328908175,0.2518585863584242,0.2661740401687717,0.010756268596663442,0.013492881330279411,17.8,-1.2899999999999991,-0.0675746464117338,20.402,-0.7953313434563706,4.66,0.0200000000000004,0.4699999999999997,16.33724732532298,0.0,0,0.0,0.74,0.26,0,0,-0.000155727864312,0.0014911235118548,-0.0472440030623757,0.305667818632322,0.3912731223461942,0.3411439305265468,19.09,19.08,26.14,4.64,4.43,4.19
2023-04-14,0.0755096278986977,0.4966628332637434,0.3548943843693641,0.2998693462884107,0.08464858933446974,0.06705979194579571,17.07,-0.7300000000000004,-0.0410112359550561,20.106,-0.6285124785837601,4.77,0.1099999999999994,0.2799999999999993,17.598137630810502,0.0,0,0.0,0.7643333333333333,0.2356666666666667,1,0,0.0038134044909994,-0.0010970967799256,0.0194137540081946,0.2518585863584242,0.3391826557782212,0.3508553325864121,17.8,18.4,22.99,4.66,4.51,4.49
2023-04-17,0.0079292963289252,0.489718253421857,0.3186639996767499,0.298857165674266,0.08925706017687733,0.1134722524442833,16.95,-0.120000000000001,-0.0070298769771529,19.678,-0.5015409186549666,4.8,0.0300000000000002,0.54,16.591250622006392,0.0,0,0.0,0.7683333333333333,0.2316666666666667,0,0,0.0755096278986977,0.003294970335675,-0.0377821857830863,0.3548943843693641,0.3257526718378873,0.3697441169430011,17.07,18.97,25.51,4.77,4.65,4.26
2023-04-18,0.0112275545738258,0.4812520292757093,0.3188030801263062,0.2996021192080295,0.09550805169003135,0.11412115593691191,16.83,-0.120000000000001,-0.0070796460176991,19.312,-0.4954397018915574,4.81,0.0099999999999997,0.4699999999999997,16.43728373055881,0.0,0,0.0,0.7723333333333334,0.2276666666666665,0,0,0.0079292963289252,0.0049260954152356,0.010571578337474,0.3186639996767499,0.3206793165798397,0.3731279784653493,16.95,19.1,24.15,4.8,4.67,4.34
2023-04-19,-0.0012727823514323,0.4841269287270942,0.3099261258392351,0.2979504717043134,0.09439019865434835,0.08637996302218462,16.46,-0.3699999999999974,-0.0219845513963159,19.066,-0.4457087106489993,4.84,0.0300000000000002,0.1600000000000001,16.03014940074723,0.0,0,0.0,0.7846666666666666,0.2153333333333333,0,0,0.0112275545738258,-0.000155727864312,0.0268209776079229,0.3188030801263062,0.305667818632322,0.3864206241597615,16.83,19.09,21.38,4.81,4.64,4.68
2023-04-20,-0.0029032619453039,0.4993997819406288,0.2899534833681311,0.2975691170636011,0.08767656217285194,0.10962555258102281,17.17,0.7100000000000009,0.0431348724179829,18.8115,-0.3509780833369414,4.77,-0.0700000000000002,0.2099999999999999,16.175061918561585,0.0,0,0.0,0.7609999999999999,0.2390000000000001,0,0,-0.0012727823514323,0.0038134044909994,-0.0258140444865198,0.3099261258392351,0.2518585863584242,0.3946333760906567,16.46,17.8,22.26,4.84,4.66,4.56
2023-04-21,-0.0019175222982481,0.1026301511717572,0.28968308837641,0.2974627365806527,0.012962577368479741,0.11038320749988581,16.77,-0.4000000000000021,-0.0232964472917881,18.5195,-0.3282001842143791,4.78,0.0100000000000006,0.4000000000000003,16.28720539822167,0.0,0,0.0,0.7743333333333333,0.2256666666666666,0,0,-0.0029032619453039,0.0755096278986977,-0.0026734379991247,0.2899534833681311,0.3548943843693641,0.3920454915084599,17.17,17.07,22.61,4.77,4.77,4.38
2023-04-24,0.0013520378075453,0.0911955222118706,0.2796340488240235,0.2972210104389741,0.006415677337672242,0.12706719344889372,16.89,0.120000000000001,0.0071556350626118,18.277,-0.4091476374938996,4.76,-0.0200000000000004,0.4399999999999995,15.83937345202204,0.0,0,0.0,0.7703333333333333,0.2296666666666666,0,0,-0.0019175222982481,0.0079292963289252,-0.0152159114915457,0.28968308837641,0.3186639996767499,0.3901906987907621,16.77,16.95,21.74,4.78,4.8,4.32
2023-04-25,-0.0217440968738236,0.1497485897337013,0.2842675332554638,0.3006372501406819,-0.026733299618302557,0.07682562193589551,18.76,1.870000000000001,0.1107164002368266,18.185,-0.4695772043547137,4.6,-0.1600000000000001,0.0899999999999998,16.17912499086534,0.0,0,0.0,0.708,0.292,0,0,0.0013520378075453,0.0112275545738258,0.0286606209060749,0.2796340488240235,0.3188030801263062,0.4058516360148736,16.89,16.83,20.6,4.76,4.81,4.51
2023-04-26,-0.0177232658045214,0.1667442054589282,0.2945645912569179,0.3023532937048629,-0.04334191020281686,0.05591274674633152,18.84,0.0799999999999983,0.0042643923240937,18.1285,-0.4715938869713242,4.64,0.04,0.0899999999999998,16.48385626491004,0.0,0,0.0,0.7053333333333334,0.2946666666666666,0,0,-0.0217440968738236,-0.0012727823514323,0.0030352687062746,0.2842675332554638,0.3099261258392351,0.4039624567347222,18.76,16.46,19.97,4.6,4.84,4.55
2023-04-27,0.0134583611150822,0.2301510739456256,0.2969131204567874,0.3033934917528501,-0.027065823799256556,0.0672659916088078,17.03,-1.8099999999999987,-0.0960721868365179,18.024,-0.482443968829053,4.78,0.1400000000000005,0.1900000000000004,16.017291516987708,0.0,0,0.0,0.7656666666666666,0.2343333333333334,0,0,-0.0177232658045214,-0.0029032619453039,0.0020173891526862,0.2945645912569179,0.2899534833681311,0.4047961967382419,18.84,17.17,19.12,4.64,4.77,4.59
2023-04-28,0.0086832668789558,0.2514880936263689,0.2964725699991467,0.3038899118030709,-0.016500676559007558,0.0789363363583327,15.78,-1.2500000000000018,-0.073399882560188,17.862000000000002,-0.4743680703388094,4.8,0.0199999999999995,0.1699999999999999,16.10676176443326,0.0,0,0.0,0.8073333333333333,0.1926666666666666,0,0,0.0134583611150822,-0.0019175222982481,-0.0030199912314778,0.2969131204567874,0.28968308837641,0.4043160052869746,17.03,16.77,19.02,4.78,4.78,4.63
2023-05-01,0.0214119812499435,0.307732118931704,0.3015172927428769,0.3068102940281002,0.003334164199329342,0.08807856278636182,16.08,0.2999999999999989,0.0190114068441062,17.731,-0.4305265932025633,4.86,0.0600000000000005,0.2200000000000006,16.831819717822096,0.0,0,0.0,0.7973333333333334,0.2026666666666665,0,0,0.0086832668789558,0.0013520378075453,0.0121165568212671,0.2964725699991467,0.2796340488240235,0.4002932802827227,15.78,16.89,18.7,4.8,4.76,4.64
2023-05-02,-0.0161472204729515,0.2829441556001569,0.3098794899404904,0.3070731692093038,0.00903914031034474,0.07295143201904011,17.78,1.7000000000000028,0.1057213930348259,17.692500000000003,-0.4833418932085858,4.74,-0.1200000000000001,0.1400000000000005,16.462635329511937,0.0,0,0.0,0.7406666666666666,0.2593333333333334,0,0,0.0214119812499435,-0.0217440968738236,-0.0011512135024096,0.3015172927428769,0.2842675332554638,0.4004885275170947,16.08,18.76,18.55,4.86,4.6,4.6
2023-05-03,-0.0211635739265193,0.2989686825342222,0.3168872168096028,0.3098687412688569,0.005530610847776941,0.06501902889077671,18.34,0.5599999999999987,0.0314960629921259,17.6595,-0.4899514225162229,4.7,-0.04,0.2000000000000001,16.375130431228264,0.0,0,0.0,0.722,0.278,0,0,-0.0161472204729515,-0.0177232658045214,-0.013368171536937,0.3098794899404904,0.2945645912569179,0.3909170416682891,17.78,18.84,19.0,4.74,4.64,4.5
2023-05-04,-0.0136784422509658,0.2908166993370744,0.3225921411822917,0.3098795415738199,-0.02161084503906606,0.0497561619311926,20.09,1.75,0.0954198473282443,17.71,-0.5164162086203303,4.59,-0.1100000000000003,0.1600000000000001,16.65395730151201,0.0,0,0.0,0.6636666666666666,0.3363333333333334,0,0,-0.0211635739265193,0.0134583611150822,0.0014911235118548,0.3168872168096028,0.2969131204567874,0.3912731223461942,18.34,17.03,19.08,4.7,4.78,4.43
2023-05-05,0.0195345517383873,0.3283735291933051,0.327700278838,0.3123944881591661,-0.010910427857044661,0.07020006228689711,17.19,-2.8999999999999986,-0.1443504230960676,17.6495,-0.5401994052538148,4.73,0.1400000000000005,0.2200000000000006,16.2368915956713,0.0,0,0.0,0.7603333333333333,0.2396666666666667,0,0,-0.0136784422509658,0.0086832668789558,-0.0010970967799256,0.3225921411822917,0.2964725699991467,0.3391826557782212,20.09,15.78,18.4,4.59,4.8,4.51
2023-05-08,0.0024135164120377,0.2651682505594031,0.3277229723859549,0.3108530093198897,-0.02968578468369086,0.06932111703018791,16.98,-0.2100000000000008,-0.0122164048865619,17.55,-0.5429854181664845,4.79,0.0599999999999996,0.1399999999999996,15.82839834929549,0.0,0,0.0,0.7673333333333333,0.2326666666666667,0,0,0.0195345517383873,0.0214119812499435,0.003294970335675,0.327700278838,0.3015172927428769,0.3257526718378873,17.19,16.08,18.97,4.73,4.86,4.65
2023-05-09,-0.0048149916866576,0.2490004504770931,0.3289737176347839,0.3108354349901538,-0.01823339836320416,0.059580494018869216,17.71,0.7300000000000004,0.0429917550058893,17.4805,-0.5491421834951791,4.81,0.0199999999999995,0.1399999999999996,15.809339879741172,0.0,0,0.0,0.743,0.257,0,0,0.0024135164120377,-0.0161472204729515,0.0049260954152356,0.3277229723859549,0.3098794899404904,0.3206793165798397,16.98,17.78,19.1,4.79,4.74,4.67
2023-05-10,0.0005130706384393,0.1929002965130858,0.3288977615874853,0.3099638852273981,0.00367027377341824,0.06024917307272651,16.94,-0.7699999999999996,-0.0434782608695651,17.372999999999998,-0.5395571918223628,4.7,-0.1099999999999994,0.0600000000000005,15.911489721232844,0.0,0,0.0,0.7686666666666666,0.2313333333333334,0,0,-0.0048149916866576,-0.0211635739265193,-0.000155727864312,0.3289737176347839,0.3168872168096028,0.305667818632322,17.71,18.34,19.09,4.81,4.7,4.64
2023-05-11,-0.0031504985187864,0.153247695771963,0.329602515485124,0.3098297101611761,0.014287656054390942,0.053287549388920115,16.93,-0.0100000000000015,-0.0005903187721369,17.329500000000003,-0.5508318669668614,4.7,0.0,0.04,15.769573241758644,0.0,0,0.0,0.769,0.2309999999999999,0,0,0.0005130706384393,-0.0136784422509658,0.0038134044909994,0.3288977615874853,0.3225921411822917,0.2518585863584242,16.94,20.09,17.8,4.7,4.59,4.66
2023-05-12,-0.0143328187241503,0.1040141104028087,0.2055208425716076,0.3109183640334,-0.019495070975586958,-0.033943598023159584,17.03,0.1000000000000014,0.0059066745422327,17.327499999999997,-0.7049884459655595,4.75,0.0499999999999998,-0.0199999999999995,16.116955100778174,0.0,0,0.0,0.7656666666666666,0.2343333333333334,0,0,-0.0031504985187864,0.0195345517383873,0.0755096278986977,0.329602515485124,0.327700278838,0.3548943843693641,16.93,17.19,17.07,4.7,4.73,4.77
2023-05-15,0.0084264169370344,0.1318185829650752,0.2058333882839716,0.3103404358749104,-0.01351456666300566,-0.033450509809695085,17.12,0.0899999999999998,0.0052847915443334,17.336,-0.6965943028815735,4.73,-0.0199999999999995,-0.0699999999999994,15.848842844873516,0.0,0,0.0,0.7626666666666666,0.2373333333333334,0,0,-0.0143328187241503,0.0024135164120377,0.0079292963289252,0.2055208425716076,0.3277229723859549,0.3186639996767499,17.03,16.98,16.95,4.75,4.79,4.8
2023-05-16,-0.0067293322598473,0.1344552631173199,0.2007757858520752,0.3104945747369196,-0.01544002186693666,-0.051367579538098784,17.99,0.8699999999999974,0.0508177570093455,17.394,-0.7092300799105948,4.88,0.1499999999999994,0.0700000000000002,15.683799030569139,0.0,0,0.0,0.7336666666666667,0.2663333333333333,0,0,0.0084264169370344,-0.0048149916866576,0.0112275545738258,0.2058333882839716,0.3289737176347839,0.3188030801263062,17.12,17.71,16.83,4.73,4.81,4.81
2023-05-17,0.0307475581362459,0.2761473479262979,0.2322566850179249,0.3146957500281802,0.014331362655930342,-0.01980966292569148,16.87,-1.1199999999999974,-0.0622568093385212,17.4145,-0.7151093546658027,4.92,0.04,0.08,16.358017732180265,0.0,0,0.0,0.7709999999999999,0.2290000000000001,0,0,-0.0067293322598473,0.0005130706384393,-0.0012727823514323,0.2007757858520752,0.3288977615874853,0.3099261258392351,17.99,16.94,16.46,4.88,4.7,4.84
2023-05-18,0.0075840238937234,0.2718687627976531,0.2340736389253487,0.3146575738376596,0.02504224421036744,-0.009346768573564382,16.05,-0.8200000000000003,-0.048606994665086,17.3585,-0.7238749237368011,5.02,0.0999999999999996,0.25,16.2133695573775,0.0,0,0.0,0.7983333333333333,0.2016666666666666,0,0,0.0307475581362459,-0.0031504985187864,-0.0029032619453039,0.2322566850179249,0.329602515485124,0.2899534833681311,16.87,16.93,17.17,4.92,4.7,4.77
2023-05-19,-0.0022939994602354,0.2271494636461283,0.2341085072485285,0.3142830135591534,0.037182135207824436,-0.009724040183814883,16.81,0.759999999999998,0.0473520249221182,17.360500000000002,-0.7231450362622656,5.02,0.0,0.2399999999999993,16.417622372769873,0.0,0,0.0,0.773,0.2269999999999999,0,0,0.0075840238937234,-0.0143328187241503,-0.0019175222982481,0.2340736389253487,0.2055208425716076,0.28968308837641,16.05,17.03,16.77,5.02,4.75,4.78
2023-05-22,-0.0082627174355106,0.2522411120807308,0.2356044640046551,0.314185756582105,0.02049397943906334,-0.019372207708303984,17.21,0.4000000000000021,0.0237953599048186,17.3765,-0.7257286702955171,5.07,0.0500000000000007,0.3100000000000005,16.249343275268053,0.0,0,0.0,0.7596666666666666,0.2403333333333334,0,0,-0.0022939994602354,0.0084264169370344,0.0013520378075453,0.2341085072485285,0.2058333882839716,0.2796340488240235,16.81,17.12,16.89,5.02,4.73,4.76
2023-05-23,-0.0104326403294195,0.263506804938365,0.2253129920087267,0.3143219995782209,0.016758613943360343,-0.007875665976435884,18.53,1.3200000000000005,0.0766995932597327,17.365000000000002,-0.697199838742918,5.06,-0.0100000000000006,0.4599999999999999,16.06836965403398,0.0,0,0.0,0.7156666666666667,0.2843333333333333,0,0,-0.0082627174355106,-0.0067293322598473,-0.0217440968738236,0.2356044640046551,0.2007757858520752,0.2842675332554638,17.21,17.99,18.76,5.07,4.88,4.6
2023-05-24,-0.0091514902849408,0.1183889218217002,0.2183723300771524,0.3142616994250931,-0.022719332059225855,0.000812915217899517,20.03,1.5,0.0809498111171074,17.424500000000002,-0.7324268536364223,5.12,0.0600000000000005,0.4800000000000004,15.964711460636247,0.0,0,0.0,0.6656666666666666,0.3343333333333333,0,0,-0.0104326403294195,0.0307475581362459,-0.0177232658045214,0.2253129920087267,0.2322566850179249,0.2945645912569179,18.53,16.87,18.84,5.06,4.92,4.64
2023-05-25,0.0024383609916567,0.0867850253613945,0.212902025387709,0.3141722325420455,-0.02783934881297056,-0.010120293587278383,19.14,-0.8900000000000006,-0.0444333499750374,17.53,-0.7113307898493563,5.24,0.1200000000000001,0.4599999999999999,15.952336300492254,0.0,0,0.0,0.6953333333333334,0.3046666666666666,0,0,-0.0091514902849408,0.0075840238937234,0.0134583611150822,0.2183723300771524,0.2340736389253487,0.2969131204567874,20.03,16.05,17.03,5.12,5.02,4.78
2023-05-26,0.0093608871618922,0.138263591829966,0.2132978798650379,0.3141641552859229,-0.01622536853300826,-0.009448732157815585,17.95,-1.1900000000000013,-0.0621734587251828,17.6385,-0.7145829493027566,5.25,0.0099999999999997,0.4500000000000002,15.964932932936039,0.0,0,0.0,0.7350000000000001,0.2649999999999999,0,0,0.0024383609916567,-0.0022939994602354,0.0086832668789558,0.212902025387709,0.2341085072485285,0.2964725699991467,19.14,16.81,15.78,5.24,5.02,4.8
2023-05-30,0.0037973929573944,0.137062840860321,0.198279427991624,0.3119087026568392,-0.004138124573981258,-0.026844496481614584,17.46,-0.4899999999999984,-0.0272980501392756,17.707500000000003,-0.7915467593360281,5.22,-0.0300000000000002,0.3599999999999994,15.816977179706528,0.0,0,0.0,0.7513333333333333,0.2486666666666667,0,0,0.0093608871618922,-0.0082627174355106,0.0214119812499435,0.2132978798650379,0.2356044640046551,0.3015172927428769,17.95,17.21,16.08,5.25,5.07,4.86
2023-05-31,-0.0127309366817661,0.1479487738590252,0.1951735177077618,0.3127330888859342,-0.006463352257094358,-0.023378158543874983,17.94,0.4800000000000004,0.027491408934708,17.7155,-0.7703838001285397,5.18,-0.04,0.4399999999999995,16.470153020289818,0.0,0,0.0,0.7353333333333333,0.2646666666666667,0,0,0.0037973929573944,-0.0104326403294195,-0.0161472204729515,0.198279427991624,0.2253129920087267,0.3098794899404904,17.46,18.53,17.78,5.22,5.06,4.74
2023-06-01,0.0137792416534439,0.1596680294660061,0.1864929974338328,0.3081064713135074,0.016415441225621344,0.01169774559574392,15.65,-2.290000000000001,-0.1276477146042364,17.581000000000003,-0.8016832778592708,5.11,-0.0699999999999994,0.4100000000000001,16.32088146252994,0.0,0,0.0,0.8116666666666666,0.1883333333333333,0,0,-0.0127309366817661,-0.0091514902849408,-0.0211635739265193,0.1951735177077618,0.2183723300771524,0.3168872168096028,17.94,20.03,18.34,5.18,5.12,4.7
2023-06-02,0.0210058784967523,0.2012704617065511,0.1914865781434747,0.310762203947973,0.034768344965808246,0.046258896417595924,14.6,-1.0500000000000007,-0.0670926517571885,17.3065,-0.7865334793392856,5.22,0.1099999999999994,0.6299999999999999,16.374480613436734,0.0,0,0.0,0.8466666666666667,0.1533333333333333,0,0,0.0137792416534439,0.0024383609916567,-0.0136784422509658,0.1864929974338328,0.212902025387709,0.3225921411822917,15.65,19.14,20.09,5.11,5.24,4.59
2023-06-05,-0.0098239266427802,0.2309857679215333,0.1849926126437606,0.2888482511204522,0.015578499602494045,0.017040195301723127,14.73,0.1300000000000007,0.0089041095890411,17.183500000000002,-0.7536902800011552,5.17,-0.0499999999999998,0.4399999999999995,15.95697585985683,0.0,0,0.0,0.8423333333333334,0.1576666666666666,0,0,0.0210058784967523,0.0093608871618922,0.0195345517383873,0.1914865781434747,0.2132978798650379,0.327700278838,14.6,17.95,17.19,5.22,5.25,4.73
2023-06-06,0.0017974001002238,0.2310528097833316,0.1849367742880928,0.2845410745751943,0.013584085250164045,0.016425373452240325,13.96,-0.7699999999999996,-0.0522742701968771,17.0325,-0.7435844983067337,5.2,0.0300000000000002,0.4100000000000001,16.048692088006316,0.0,0,0.0,0.868,0.132,0,0,-0.0098239266427802,0.0037973929573944,0.0024135164120377,0.1849926126437606,0.198279427991624,0.3277229723859549,14.73,17.46,16.98,5.17,5.22,4.79
2023-06-07,0.009688287226339,0.1867088486357033,0.1862030549136895,0.2823254251255642,0.036038411447055045,0.030893651266384225,13.94,-0.0200000000000013,-0.001432664756447,16.844,-0.7244488951469242,5.16,-0.04,0.3500000000000005,16.04352306319517,0.0,0,0.0,0.8686666666666667,0.1313333333333333,0,0,0.0017974001002238,-0.0127309366817661,-0.0048149916866576,0.1849367742880928,0.1951735177077618,0.3289737176347839,13.96,17.94,17.71,5.2,5.18,4.81
2023-06-08,0.0002846308221584,0.1815867191343859,0.1862215996923609,0.2778377693267474,0.022637830703846843,0.030665302526172524,13.65,-0.2899999999999991,-0.0208034433285508,16.6795,-0.7328827881005993,5.12,-0.04,0.4199999999999999,15.812670564749494,0.0,0,0.0,0.8783333333333333,0.1216666666666667,0,0,0.009688287226339,0.0137792416534439,0.0005130706384393,0.1862030549136895,0.1864929974338328,0.3288977615874853,13.94,15.65,16.94,5.16,5.11,4.7
2023-06-09,0.001989516437884,0.1107636109807187,0.1853971405327627,0.2581694535636973,0.003837073921573543,0.03580831428477853,13.83,0.1799999999999997,0.0131868131868131,16.5245,-0.7292275225106559,5.17,0.0499999999999998,0.4699999999999997,15.796388019142222,0.0,0,0.0,0.8723333333333333,0.1276666666666667,0,0,0.0002846308221584,0.0210058784967523,-0.0031504985187864,0.1862215996923609,0.1914865781434747,0.329602515485124,13.65,14.6,16.93,5.12,5.22,4.7
2023-06-12,-7.087982227205192e-05,0.0630099715123706,0.1754674378774221,0.2555929769343532,0.013638691378499884,0.05017395765580997,15.01,1.1799999999999995,0.0853217642805495,16.4235,-0.7170522705818435,5.18,0.0099999999999997,0.4299999999999997,15.843211468374228,0.0,0,0.0,0.833,0.167,0,0,0.001989516437884,-0.0098239266427802,-0.0143328187241503,0.1853971405327627,0.1849926126437606,0.2055208425716076,13.83,14.73,17.03,5.17,5.17,4.75
2023-06-13,0.0072342117971706,0.0693622009437881,0.1749910531464801,0.2419152051984776,0.019051075073072486,0.04899101518831847,14.61,-0.4000000000000003,-0.0266489007328447,16.298000000000002,-0.7307112203359053,5.26,0.08,0.5299999999999994,15.856938787289035,0.0,0,0.0,0.8463333333333334,0.1536666666666666,0,0,-7.087982227205192e-05,0.0017974001002238,0.0084264169370344,0.1754674378774221,0.1849367742880928,0.2058333882839716,15.01,13.96,17.12,5.18,5.2,4.73
2023-06-14,-0.0037317628335465,0.0632698925567483,0.1732072997831478,0.2415733717045854,0.005670675131433184,0.052004348264754065,13.88,-0.7299999999999986,-0.0499657768651607,16.0925,-0.6803766270535412,5.27,0.0099999999999997,0.3899999999999997,16.02033959242981,0.0,0,0.0,0.8706666666666667,0.1293333333333333,0,0,0.0072342117971706,0.009688287226339,-0.0067293322598473,0.1749910531464801,0.1862030549136895,0.2007757858520752,14.61,13.94,17.99,5.26,5.16,4.88
2023-06-15,0.0113077465028885,0.094253503346432,0.1434795071546956,0.2369342402920477,0.016630376651097283,0.032964316521339465,14.5,0.6199999999999992,0.0446685878962536,15.974,-0.6163254409078305,5.21,-0.0599999999999996,0.29,16.050148767948922,0.0,0,0.0,0.85,0.15,0,0,-0.0037317628335465,0.0002846308221584,0.0307475581362459,0.1732072997831478,0.1862215996923609,0.2322566850179249,13.88,13.65,16.87,5.27,5.12,4.92
2023-06-16,0.0011880150182164,0.0951365367191567,0.141772622815293,0.2297428609635868,0.015830146566790784,0.02659621664120187,13.54,-0.9600000000000009,-0.0662068965517241,15.8485,-0.5866727570205565,5.24,0.0300000000000002,0.2200000000000006,16.441157005204616,0.0,0,0.0,0.882,0.118,0,0,0.0113077465028885,0.001989516437884,0.0075840238937234,0.1434795071546956,0.1853971405327627,0.2340736389253487,14.5,13.83,16.05,5.21,5.17,5.02
2023-06-20,-0.0050954834883721,0.1112861037625661,0.1430719821003961,0.2300133434369322,0.010792519167942743,0.023784341615928267,13.88,0.3400000000000016,0.0251107828655836,15.702000000000002,-0.5918445799605123,5.24,0.0,0.2200000000000006,15.947141361283101,0.0,0,0.0,0.8706666666666667,0.1293333333333333,0,0,0.0011880150182164,-7.087982227205192e-05,-0.0022939994602354,0.141772622815293,0.1754674378774221,0.2341085072485285,13.54,15.01,16.81,5.24,5.18,5.02
2023-06-21,-0.0014732934661882,0.1032460340581919,0.1390657457994452,0.2272709250983876,0.002109968933563343,0.030607004682818465,13.2,-0.6800000000000015,-0.0489913544668588,15.501500000000002,-0.5607562970674023,5.25,0.0099999999999997,0.1799999999999997,16.110718607359708,0.0,0,0.0,0.8933333333333333,0.1066666666666666,0,0,-0.0050954834883721,0.0072342117971706,-0.0082627174355106,0.1430719821003961,0.1749910531464801,0.2356044640046551,13.88,14.61,17.21,5.24,5.26,5.07
2023-06-22,-0.0192522246460349,0.1769637752318323,0.1523256232301693,0.2250176318566549,-0.013591250040497958,0.021654484280895763,12.91,-0.2899999999999991,-0.0219696969696968,15.220499999999998,-0.4218724330978869,5.29,0.04,0.2300000000000004,16.125587615970222,0.0,0,0.0,0.903,0.0969999999999999,0,0,-0.0014732934661882,-0.0037317628335465,-0.0104326403294195,0.1390657457994452,0.1732072997831478,0.2253129920087267,13.2,13.88,18.53,5.25,5.27,5.06
2023-06-23,-0.0052300580008388,0.1265330242012242,0.1494087344676389,0.225417419949381,-0.03007932451148616,0.02560432406907916,13.44,0.5299999999999994,0.0410534469403562,14.891,-0.3852705517432438,5.25,-0.04,0.1299999999999999,16.11001317557649,0.0,0,0.0,0.8853333333333333,0.1146666666666667,0,0,-0.0192522246460349,0.0113077465028885,-0.0091514902849408,0.1523256232301693,0.1434795071546956,0.2183723300771524,12.91,14.5,20.03,5.29,5.21,5.12
2023-06-26,0.0024487033467464,0.1312727782891766,0.149409796935792,0.2254243899715758,-0.028820924240278763,0.025614641213893664,14.25,0.8100000000000005,0.0602678571428572,14.646499999999998,-0.3531454216186351,5.27,0.0199999999999995,0.0299999999999993,15.947271860784364,0.0,0,0.0,0.8583333333333334,0.1416666666666666,0,0,-0.0052300580008388,0.0011880150182164,0.0024383609916567,0.1494087344676389,0.141772622815293,0.212902025387709,13.44,13.54,19.14,5.25,5.24,5.24
2023-06-27,7.168870406504269e-05,0.1378874895284383,0.1463876959770906,0.225255277146579,-0.02364072837251266,0.016368981776423864,13.74,-0.5099999999999998,-0.0357894736842104,14.435999999999998,-0.3191564531027675,5.33,0.0600000000000005,0.08,15.914019285000524,0.0,0,0.0,0.8753333333333333,0.1246666666666667,0,0,0.0024487033467464,-0.0050954834883721,0.0093608871618922,0.149409796935792,0.1430719821003961,0.2132978798650379,14.25,13.88,17.95,5.27,5.24,5.25
2023-06-28,-0.0043822474236066,0.1350772166836174,0.1470642447122103,0.2244648214516601,-0.02655822615708526,0.008186903099714463,13.43,-0.3100000000000005,-0.0225618631732169,14.2345,-0.3067087626951424,5.32,-0.0099999999999997,0.1000000000000005,15.83819667812126,0.0,0,0.0,0.8856666666666667,0.1143333333333332,0,0,7.168870406504269e-05,-0.0014732934661882,0.0037973929573944,0.1463876959770906,0.1390657457994452,0.198279427991624,13.74,13.2,17.46,5.33,5.25,5.22
2023-06-29,0.0349227525628357,0.2612116555199039,0.1819159868920361,0.2344597732255277,0.02720852477598175,0.05532636131397187,13.54,0.1099999999999994,0.0081906180193596,14.014500000000002,-0.1380659047347651,5.41,0.0899999999999998,0.2300000000000004,16.551383492104783,0.0,0,0.0,0.882,0.118,1,0,-0.0043822474236066,-0.0192522246460349,-0.0127309366817661,0.1470642447122103,0.1523256232301693,0.1951735177077618,13.43,12.91,17.94,5.32,5.29,5.18
2023-06-30,0.0140141397768442,0.2468553106066138,0.1821021835698547,0.2335868269585736,0.04636915702968305,0.05555803987314087,13.59,0.0500000000000007,0.0036927621861153,13.911499999999998,-0.0088912060095156,5.4,-0.0099999999999997,0.29,16.469653595356682,0.0,0,0.0,0.8803333333333333,0.1196666666666667,0,0,0.0349227525628357,-0.0052300580008388,0.0137792416534439,0.1819159868920361,0.1494087344676389,0.1864929974338328,13.54,13.44,15.65,5.41,5.25,5.11
2023-07-03,0.0080446313361586,0.2402291895172909,0.1706286954818024,0.2338838795019547,0.05193589265986425,0.042782188907949666,13.57,-0.0199999999999995,-0.0014716703458425,13.86,0.131412248858774,5.43,0.0299999999999993,0.2099999999999999,15.897648585855254,0.0,0,0.0,0.881,0.119,0,0,0.0140141397768442,0.0024487033467464,0.0210058784967523,0.1821021835698547,0.149409796935792,0.1914865781434747,13.59,14.25,14.6,5.4,5.27,5.22
2023-07-05,-0.0066614233200861,0.2622792894559955,0.1680066936070546,0.234511169398283,0.04518049689740965,0.045970979071339464,14.18,0.6099999999999994,0.0449521002210757,13.8325,0.0949679252970732,5.4,-0.0299999999999993,0.2300000000000004,16.005475626491897,1.0,1,0.0,0.8606666666666667,0.1393333333333333,0,0,0.0080446313361586,7.168870406504269e-05,-0.0098239266427802,0.1706286954818024,0.1463876959770906,0.1849926126437606,13.57,13.74,14.73,5.43,5.33,5.17
2023-07-06,-0.0098868366112152,0.2823471373157097,0.1735422688466112,0.2358162884701132,0.03963633857947405,0.03423915642902447,15.44,1.2599999999999998,0.0888575458392102,13.9065,-0.0269831564734433,5.44,0.04,0.2400000000000002,16.08861544862772,0.0,0,0.0,0.8186666666666667,0.1813333333333333,0,0,-0.0066614233200861,-0.0043822474236066,0.0017974001002238,0.1680066936070546,0.1470642447122103,0.1849367742880928,14.18,13.43,13.96,5.4,5.32,5.2
2023-07-07,0.0078906349845122,0.164276898722975,0.1725749005615367,0.236048927163213,0.01316921657624985,0.032457166443166666,14.83,-0.6099999999999994,-0.0395077720207253,13.951,-0.0503233716260233,5.41,-0.0300000000000002,0.25,16.010677575531,0.0,0,0.0,0.839,0.161,0,0,-0.0098868366112152,0.0349227525628357,0.009688287226339,0.1735422688466112,0.1819159868920361,0.1862030549136895,15.44,13.54,13.94,5.44,5.41,5.16
2023-07-10,0.0056116599146538,0.1365540051613363,0.1730577988890548,0.2361137909668303,0.004848340160811648,0.03776854933010567,15.07,0.2400000000000002,0.0161834120026973,14.022,-0.049994662428751,5.38,-0.0300000000000002,0.2599999999999998,16.023796070326586,0.0,0,0.0,0.831,0.169,0,0,0.0078906349845122,0.0140141397768442,0.0002846308221584,0.1725749005615367,0.1821021835698547,0.1862215996923609,14.83,13.59,13.65,5.41,5.4,5.12
2023-07-11,0.0156388457951455,0.1677684517844953,0.1796976255473024,0.2376805134650438,0.012353713598584748,0.05129882858496086,14.84,-0.2300000000000004,-0.0152621101526211,14.0725,-0.075604172808161,5.44,0.0600000000000005,0.2700000000000004,16.236847195236557,0.0,0,0.0,0.8386666666666667,0.1613333333333333,0,0,0.0056116599146538,0.0080446313361586,0.001989516437884,0.1730577988890548,0.1706286954818024,0.1853971405327627,15.07,13.57,13.83,5.38,5.43,5.17
2023-07-12,0.0049520862327292,0.1467934971318435,0.1796030270868831,0.1870602557282547,0.023977288210698947,0.05630957590353853,13.54,-1.3000000000000007,-0.0876010781671159,13.999,-0.0713729789534758,5.35,-0.0900000000000007,0.1699999999999999,16.24236436461791,0.0,0,0.0,0.882,0.118,0,0,0.0156388457951455,-0.0066614233200861,-7.087982227205192e-05,0.1796976255473024,0.1680066936070546,0.1754674378774221,14.84,14.18,15.01,5.44,5.4,5.18
2023-07-13,0.0048598000870716,0.0715714736150574,0.1790319091978634,0.1866985068452514,0.03876135352211755,0.053949434878069524,13.61,0.0700000000000002,0.0051698670605613,13.948999999999998,-0.0595306506215349,5.27,-0.08,0.0099999999999997,16.234535651813744,0.0,0,0.0,0.8796666666666667,0.1203333333333332,0,0,0.0049520862327292,-0.0098868366112152,0.0072342117971706,0.1796030270868831,0.1735422688466112,0.1749910531464801,13.54,15.44,14.61,5.35,5.44,5.26
2023-07-14,0.0060455076781178,0.0725734157183541,0.1777267850090383,0.1858171545311522,0.036928993713317745,0.06371548502505123,13.34,-0.2699999999999996,-0.0198383541513592,13.922,-0.1016895895291843,5.34,0.0700000000000002,0.0700000000000002,17.11239876001003,0.0,0,0.0,0.8886666666666667,0.1113333333333332,0,0,0.0048598000870716,0.0078906349845122,-0.0037317628335465,0.1790319091978634,0.1725749005615367,0.1732072997831478,13.61,14.83,13.88,5.27,5.41,5.27
2023-07-17,0.0241037572959859,0.1337616860969203,0.19043780158782,0.1914925110276203,0.05515086747248515,0.07628904015149353,13.48,0.1400000000000005,0.0104947526236882,13.871,-0.1086831878953199,5.33,-0.0099999999999997,0.1200000000000001,16.664041341708582,0.0,0,0.0,0.884,0.1159999999999999,0,0,0.0060455076781178,0.0056116599146538,0.0113077465028885,0.1777267850090383,0.1730577988890548,0.1434795071546956,13.34,15.07,14.5,5.34,5.38,5.21
2023-07-18,0.0018255204959787,0.1400009612188759,0.1903347098787625,0.1912737284943556,0.04145690450506295,0.07692558652323303,13.3,-0.1799999999999997,-0.0133531157270029,13.858999999999998,-0.1316098295065988,5.32,-0.0099999999999997,0.08,16.417585313637353,0.0,0,0.0,0.89,0.1099999999999999,0,0,0.0241037572959859,0.0156388457951455,0.0011880150182164,0.19043780158782,0.1796976255473024,0.141772622815293,13.48,14.84,13.54,5.33,5.44,5.24
2023-07-19,0.003839676201486,0.1418795159164143,0.1873786090756242,0.1911888087012727,0.04034936298109085,0.08586641971668661,13.76,0.4599999999999991,0.0345864661654133,13.853,-0.1083126670825961,5.32,0.0,0.08,16.342038962379142,0.0,0,0.0,0.8746666666666667,0.1253333333333333,0,0,0.0018255204959787,0.0049520862327292,-0.0050954834883721,0.1903347098787625,0.1796030270868831,0.1430719821003961,13.3,13.54,13.88,5.32,5.35,5.24
2023-07-20,0.0123175925845693,0.1410096615931146,0.1881031986975667,0.1924113196030078,0.047743681898921045,0.09958314784342723,13.99,0.2300000000000004,0.0167151162790697,13.892499999999998,-0.1348106479029016,5.35,0.0299999999999993,0.0999999999999996,16.111665119337644,0.0,0,0.0,0.867,0.133,0,0,0.003839676201486,0.0048598000870716,-0.0014732934661882,0.1873786090756242,0.1790319091978634,0.1390657457994452,13.76,13.61,13.2,5.32,5.27,5.25
2023-07-21,-0.0076847688945734,0.1884098464033399,0.1718137512666797,0.1870091666334046,0.03400192609920545,0.11130866116475463,13.6,-0.3900000000000005,-0.0278770550393138,13.927,-0.1740953304688999,5.35,0.0,0.0599999999999996,16.179792732778,0.0,0,0.0,0.88,0.12,0,0,0.0123175925845693,0.0060455076781178,-0.0192522246460349,0.1881031986975667,0.1777267850090383,0.1523256232301693,13.99,13.34,12.91,5.35,5.34,5.29
2023-07-24,0.0196835975639131,0.1648228487422158,0.1736002820452851,0.185645962158246,0.02967645983854005,0.13604482450151972,13.91,0.3100000000000005,0.0227941176470589,13.950500000000002,-0.0883832259680371,5.38,0.0300000000000002,0.1299999999999999,16.481446332493395,0.0,0,0.0,0.8696666666666667,0.1303333333333333,0,0,-0.0076847688945734,0.0241037572959859,-0.0052300580008388,0.1718137512666797,0.19043780158782,0.1494087344676389,13.6,13.48,13.44,5.35,5.33,5.25
2023-07-25,-0.0074683105140974,0.1907167027550417,0.180364704101728,0.1854527377250726,0.02035626560255075,0.1261027763660625,13.86,-0.0500000000000007,-0.0035945363048167,13.931,-0.0517220663872602,5.38,0.0,0.1100000000000003,16.112550404458762,0.0,0,0.0,0.8713333333333333,0.1286666666666667,0,0,0.0196835975639131,0.0018255204959787,0.0024487033467464,0.1736002820452851,0.1903347098787625,0.149409796935792,13.91,13.3,14.25,5.38,5.32,5.27
2023-07-26,0.0059939939490472,0.1911542557534741,0.1788697598068194,0.1851467016199988,0.02250004357246075,0.13200719166166003,13.19,-0.6699999999999999,-0.0483405483405483,13.9035,-0.0762247245882363,5.37,-0.0099999999999997,0.04,15.982115662969479,0.0,0,0.0,0.8936666666666667,0.1063333333333332,0,0,-0.0074683105140974,0.003839676201486,7.168870406504269e-05,0.180364704101728,0.1873786090756242,0.1463876959770906,13.86,13.76,13.74,5.38,5.32,5.33
2023-07-27,-0.0110293479491729,0.2030196336571252,0.1857768467137924,0.1828983822511222,-0.0008329268910497525,0.12530844710946273,14.41,1.2200000000000006,0.0924943138741472,13.9525,-0.2624669526498628,5.4,0.0300000000000002,0.08,16.19305478220192,0.0,0,0.0,0.853,0.147,0,0,0.0059939939490472,0.0123175925845693,-0.0043822474236066,0.1788697598068194,0.1881031986975667,0.1470642447122103,13.19,13.99,13.43,5.37,5.35,5.32
2023-07-28,0.0057044157351275,0.1937112409141182,0.1533936434110799,0.179137430773743,0.012569729160442647,0.09666986554921551,13.33,-1.08,-0.0749479528105482,13.941999999999998,-0.3146869257761934,5.37,-0.0300000000000002,-0.04,16.024202576585623,0.0,0,0.0,0.889,0.1109999999999999,0,0,-0.0110293479491729,-0.0076847688945734,0.0349227525628357,0.1857768467137924,0.1718137512666797,0.1819159868920361,14.41,13.6,13.54,5.4,5.35,5.41
2023-07-31,0.006691850659924,0.1355706872994354,0.1498171633559957,0.1724992533407867,-0.00025309192990065257,0.08942257554193603,13.63,0.3000000000000007,0.0225056264066016,13.944,-0.3183640826991256,5.37,0.0,-0.0300000000000002,16.0007413858667,0.0,0,0.0,0.879,0.121,0,0,0.0057044157351275,0.0196835975639131,0.0140141397768442,0.1533936434110799,0.1736002820452851,0.1821021835698547,13.33,13.91,13.59,5.37,5.38,5.4
2023-08-01,-0.0049380326128501,0.127739982351303,0.1527896975259235,0.16984730274478,0.002292981065826747,0.07645986477202502,13.93,0.2999999999999989,0.0220102714600145,13.962,-0.3309933222616609,5.38,0.0099999999999997,-0.0499999999999998,15.740328537192152,0.0,0,0.0,0.869,0.131,0,0,0.006691850659924,-0.0074683105140974,0.0080446313361586,0.1498171633559957,0.180364704101728,0.1706286954818024,13.63,13.86,13.57,5.37,5.38,5.43
2023-08-02,-0.0113246327666038,0.139439594865124,0.157908624298227,0.1687024284720616,-0.015072365051912753,0.07175432971233763,16.09,2.16,0.1550610193826274,14.0575,-0.4322367522309292,5.36,-0.0199999999999995,-0.04,15.931693901487844,0.0,0,0.0,0.797,0.2029999999999999,0,0,-0.0049380326128501,0.0059939939490472,-0.0066614233200861,0.1527896975259235,0.1788697598068194,0.1680066936070546,13.93,13.19,14.18,5.38,5.37,5.4
2023-08-03,0.0061133775393478,0.129771541213819,0.1497409428742681,0.1688866295582321,0.0021130237736064483,0.08778513230359512,15.92,-0.1699999999999999,-0.0105655686761964,14.0815,-0.3655712026724508,5.37,0.0099999999999997,-0.0700000000000002,15.621173096726856,0.0,0,0.0,0.8026666666666666,0.1973333333333333,0,0,-0.0113246327666038,-0.0110293479491729,-0.0098868366112152,0.157908624298227,0.1857768467137924,0.1735422688466112,16.09,14.41,15.44,5.36,5.4,5.44
2023-08-04,-0.002110792910438,0.1213758874835709,0.1508556245786184,0.1684881242519685,-0.005688207166749852,0.07781244180621583,17.1,1.1800000000000015,0.0741206030150753,14.195,-0.3806045757098449,5.33,-0.04,-0.08,15.641574991930462,0.0,0,0.0,0.7633333333333333,0.2366666666666667,0,0,0.0061133775393478,0.0057044157351275,0.0078906349845122,0.1497409428742681,0.1533936434110799,0.1725749005615367,15.92,13.33,14.83,5.37,5.37,5.41
2023-08-07,0.0047429539203518,0.1140838254178612,0.1507572067538178,0.1685131974507842,-0.007626025230749851,0.07694821015037452,15.77,-1.3300000000000018,-0.0777777777777778,14.23,-0.3682272352038239,5.3,-0.0300000000000002,-0.08,15.796760409774363,0.0,0,0.0,0.8076666666666666,0.1923333333333333,0,0,-0.002110792910438,0.006691850659924,0.0056116599146538,0.1508556245786184,0.1498171633559957,0.1730577988890548,17.1,13.63,15.07,5.33,5.37,5.38
2023-08-08,-0.0056136442708033,0.1154620317320436,0.1477021438862885,0.1689387431893399,-0.008305220237802752,0.055800930935637524,15.99,0.2200000000000006,0.0139505389980976,14.2875,-0.3613400831540557,5.35,0.0499999999999998,-0.0900000000000007,15.969990112390258,0.0,0,0.0,0.8003333333333333,0.1996666666666666,0,0,0.0047429539203518,-0.0049380326128501,0.0156388457951455,0.1507572067538178,0.1527896975259235,0.1796976255473024,15.77,13.93,14.84,5.3,5.38,5.44
2023-08-09,-0.0134076187556295,0.1270467044148942,0.158265695000641,0.1685503021627444,-0.010414287996088453,0.037362753505550225,15.96,-0.0299999999999993,-0.0018761726078798,14.408499999999998,-0.3247901682805086,5.35,0.0,0.0,15.652530317888653,0.0,0,0.0,0.8013333333333333,0.1986666666666666,0,0,-0.0056136442708033,-0.0113246327666038,0.0049520862327292,0.1477021438862885,0.157908624298227,0.1796030270868831,15.99,16.09,13.54,5.35,5.36,5.35
2023-08-10,-0.0014956958997561,0.1059400986753782,0.1582837243351149,0.168266393377663,-0.018005870224142254,0.031017908557335324,15.85,-0.1100000000000012,-0.0068922305764411,14.520500000000002,-0.3176948093636686,5.33,-0.0199999999999995,0.0600000000000005,15.606453193674646,0.0,0,0.0,0.805,0.1949999999999999,0,0,-0.0134076187556295,0.0061133775393478,0.0048598000870716,0.158265695000641,0.1497409428742681,0.1790319091978634,15.96,15.92,13.61,5.35,5.37,5.27
2023-08-11,0.0057959055344778,0.1258665968779247,0.1581930756549749,0.1673658601605932,-0.010113672557660252,0.030769775535237825,14.84,-1.0099999999999998,-0.0637223974763406,14.595499999999998,-0.322909556218264,5.36,0.0300000000000002,0.0200000000000004,15.460450933264962,0.0,0,0.0,0.8386666666666667,0.1613333333333333,0,0,-0.0014956958997561,-0.002110792910438,0.0060455076781178,0.1582837243351149,0.1508556245786184,0.1777267850090383,15.85,17.1,13.34,5.33,5.33,5.34
2023-08-14,0.0020717500298663,0.1180420947111951,0.1346539829644235,0.1569844886409013,-0.012775807195987454,0.009021535481901927,14.82,-0.0199999999999995,-0.0013477088948786,14.6625,-0.3902553282931215,5.37,0.0099999999999997,0.04,15.433769649147695,0.0,0,0.0,0.8393333333333333,0.1606666666666667,0,0,0.0057959055344778,0.0047429539203518,0.0241037572959859,0.1581930756549749,0.1507572067538178,0.19043780158782,14.84,15.77,13.48,5.36,5.3,5.33
2023-08-15,-0.0254569811362483,0.2054753442252317,0.1634984010521927,0.1665015004611477,-0.032932963666295355,-0.018588937235720773,16.46,1.6400000000000006,0.1106612685560053,14.8205,-0.5128762603582395,5.36,-0.0099999999999997,0.04,16.147683676073843,0.0,0,0.0,0.7846666666666666,0.2153333333333333,0,0,0.0020717500298663,-0.0056136442708033,0.0018255204959787,0.1346539829644235,0.1477021438862885,0.1903347098787625,14.82,15.99,13.3,5.37,5.35,5.32
2023-08-16,-0.0042433783801892,0.1961545479721072,0.1628929065110671,0.1667358211199036,-0.02368705828110575,-0.026673667756646372,16.78,0.3200000000000003,0.0194410692588091,14.971499999999995,-0.5279790530540857,5.37,0.0099999999999997,0.0499999999999998,15.758301705129139,0.0,0,0.0,0.774,0.2259999999999999,0,0,-0.0254569811362483,-0.0134076187556295,0.003839676201486,0.1634984010521927,0.158265695000641,0.1873786090756242,16.46,15.96,13.76,5.36,5.35,5.32
2023-08-17,-0.0103865659671311,0.1971203296967311,0.1576338515279847,0.1673242715031148,-0.03263112549253645,-0.04935689883412217,17.89,1.1099999999999994,0.0661501787842668,15.166500000000005,-0.578662302419358,5.36,-0.0099999999999997,0.0100000000000006,16.113475092600726,0.0,0,0.0,0.737,0.263,0,0,-0.0042433783801892,-0.0014956958997561,0.0123175925845693,0.1628929065110671,0.1582837243351149,0.1881031986975667,16.78,15.85,13.99,5.37,5.33,5.35
2023-08-18,0.0022874361216629,0.1845370205740619,0.1572151976658763,0.165503277311154,-0.03612547546302035,-0.039357626026987974,17.3,-0.5899999999999999,-0.0329793180547791,15.351499999999998,-0.6164260864261017,5.35,-0.0100000000000006,0.0,15.957633545922594,0.0,0,0.0,0.7566666666666666,0.2433333333333334,0,0,-0.0103865659671311,0.0057959055344778,-0.0076847688945734,0.1576338515279847,0.1581930756549749,0.1718137512666797,17.89,14.84,13.6,5.36,5.36,5.35
2023-08-21,0.0034233235485532,0.1890079658706519,0.1371920678980428,0.1640146891734979,-0.034777605063220855,-0.05543252941985897,17.13,-0.1700000000000017,-0.0098265895953758,15.5125,-0.7383291791967027,5.37,0.0200000000000004,-0.0099999999999997,15.93501392530922,0.0,0,0.0,0.7623333333333333,0.2376666666666667,0,0,0.0022874361216629,0.0020717500298663,0.0196835975639131,0.1572151976658763,0.1346539829644235,0.1736002820452851,17.3,14.82,13.91,5.35,5.37,5.38
2023-08-22,-0.0207384404880307,0.1594971595369217,0.1509683170739014,0.1704877486119102,-0.029947490655598447,-0.06889269349386998,16.97,-0.1600000000000001,-0.0093403385872737,15.668,-0.6419625578717991,5.39,0.0199999999999995,0.0099999999999997,16.08488017422422,0.0,0,0.0,0.7676666666666667,0.2323333333333332,0,0,0.0034233235485532,-0.0254569811362483,-0.0074683105140974,0.1371920678980428,0.1634984010521927,0.180364704101728,17.13,16.46,13.86,5.37,5.36,5.38
2023-08-23,0.006763123428116,0.1842165752813252,0.1516238025689028,0.1700565893515989,-0.018954727491543748,-0.06812843882065088,15.98,-0.9899999999999984,-0.0583382439599291,15.8075,-0.6465689548307831,5.35,-0.04,-0.0200000000000004,15.877042806359379,0.0,0,0.0,0.8006666666666666,0.1993333333333333,0,0,-0.0207384404880307,-0.0042433783801892,0.0059939939490472,0.1509683170739014,0.1628929065110671,0.1788697598068194,16.97,16.78,13.19,5.39,5.37,5.37
2023-08-24,-0.0009498737004216,0.1747090319717439,0.1490585385396453,0.1700420652527811,-0.009464169826974848,-0.05798814177004727,17.2,1.2199999999999989,0.0763454317897371,15.947,-0.5964099147080065,5.39,0.04,-0.0100000000000006,15.692530024188748,0.0,0,0.0,0.76,0.24,0,0,0.006763123428116,-0.0103865659671311,-0.0110293479491729,0.1516238025689028,0.1576338515279847,0.1857768467137924,15.98,17.89,14.41,5.35,5.36,5.4
2023-08-25,-0.0012224589692418,0.171163395518659,0.145759787122271,0.167586894535802,-0.012972200531083049,-0.06489955571851368,15.68,-1.5199999999999996,-0.0883720930232557,16.064500000000002,-0.547973321784111,5.44,0.0500000000000007,0.0700000000000002,15.71694636627179,0.0,0,0.0,0.8106666666666666,0.1893333333333333,0,0,-0.0009498737004216,0.0022874361216629,0.0057044157351275,0.1490585385396453,0.1572151976658763,0.1533936434110799,17.2,17.3,13.33,5.39,5.35,5.37
2023-08-28,0.0034680208726372,0.1712622258326222,0.1432898387634147,0.1656984148325646,-0.01292765669046545,-0.06810709418042378,15.08,-0.5999999999999996,-0.0382653061224489,16.137,-0.5922260858277784,5.44,0.0,0.0700000000000002,15.443593761572725,0.0,0,0.0,0.8306666666666667,0.1693333333333333,0,0,-0.0012224589692418,0.0034233235485532,0.006691850659924,0.145759787122271,0.1371920678980428,0.1498171633559957,15.68,17.13,13.63,5.44,5.37,5.37
2023-08-29,0.0081324584863191,0.0679992490008986,0.1488050477393807,0.1613002579222041,0.016128413605499353,-0.05505726095419737,14.45,-0.6300000000000008,-0.0417771883289125,16.163,-0.6064991736297282,5.37,-0.0700000000000002,-0.0099999999999997,15.661916186109018,0.0,0,0.0,0.8516666666666667,0.1483333333333333,0,0,0.0034680208726372,-0.0207384404880307,-0.0049380326128501,0.1432898387634147,0.1509683170739014,0.1527896975259235,15.08,16.97,13.93,5.44,5.39,5.38
2023-08-30,-0.0040333179897048,0.0755517627091253,0.1453956735794523,0.1600485389117214,0.0053465837481750525,-0.04770949002056307,13.88,-0.5699999999999985,-0.0394463667820068,16.0525,-0.5855089452546182,5.39,0.0199999999999995,0.0299999999999993,15.652450668993684,0.0,0,0.0,0.8706666666666667,0.1293333333333333,0,0,0.0081324584863191,0.006763123428116,-0.0113246327666038,0.1488050477393807,0.1516238025689028,0.157908624298227,14.45,15.98,16.09,5.37,5.35,5.36
2023-08-31,-0.0123516021646987,0.1235682992925448,0.1459325501827951,0.1624466446385296,-0.006131608343796347,-0.06623277388745007,13.57,-0.3100000000000005,-0.0223342939481268,15.935000000000002,-0.5617709125569157,5.37,-0.0199999999999995,0.0,16.207378704070134,0.0,0,0.0,0.881,0.119,0,0,-0.0040333179897048,-0.0009498737004216,0.0061133775393478,0.1453956735794523,0.1490585385396453,0.1497409428742681,13.88,17.2,15.92,5.39,5.39,5.37
2023-09-01,0.0033485199889189,0.1277565459213227,0.1478000316639087,0.1615140713901942,-0.0015654753823761466,-0.06077682393413997,13.09,-0.4800000000000004,-0.0353721444362564,15.7345,-0.6176620327035268,5.36,-0.0099999999999997,0.0300000000000002,15.882816383825801,0.0,0,0.0,0.897,0.1029999999999999,0,0,-0.0123516021646987,-0.0012224589692418,-0.002110792910438,0.1459325501827951,0.145759787122271,0.1508556245786184,13.57,15.68,17.1,5.37,5.44,5.33
2023-09-05,-0.0110340761990617,0.1416967908198003,0.1474407048840856,0.1633500407360722,-0.016122899697404946,-0.07660396864707887,14.01,0.92,0.0702826585179525,15.6465,-0.6146675616119048,5.42,0.0599999999999996,0.1200000000000001,15.876622764020572,0.0,0,0.0,0.8663333333333334,0.1336666666666666,0,0,0.0033485199889189,0.0034680208726372,0.0047429539203518,0.1478000316639087,0.1432898387634147,0.1507572067538178,13.09,15.08,15.77,5.36,5.44,5.3
2023-09-06,-0.0016526585834352,0.104670049477039,0.1474725539927723,0.1633917511823393,-0.025876493672023448,-0.07262853438841807,14.45,0.4399999999999995,0.0314061384725194,15.5695,-0.5971212835977162,5.44,0.0200000000000004,0.0900000000000007,15.970662474764177,0.0,0,0.0,0.8516666666666667,0.1483333333333333,0,0,-0.0110340761990617,0.0081324584863191,-0.0056136442708033,0.1474407048840856,0.1488050477393807,0.1477021438862885,14.01,14.45,15.99,5.42,5.37,5.35
2023-09-07,-0.0085542577942234,0.1065320201471754,0.1441082583695232,0.1644649824367933,-0.030426075376916148,-0.06772127740139076,14.4,-0.0499999999999989,-0.0034602076124566,15.491500000000002,-0.6091258969171999,5.4,-0.04,0.0500000000000007,15.940606519167849,0.0,0,0.0,0.8533333333333333,0.1466666666666667,0,0,-0.0016526585834352,-0.0040333179897048,-0.0134076187556295,0.1474725539927723,0.1453956735794523,0.158265695000641,14.45,13.88,15.96,5.44,5.39,5.35
2023-09-08,0.0007655428157888,0.0978635663928028,0.1447239666832415,0.163860185416637,-0.01723230823126645,-0.06545921189457427,13.84,-0.5600000000000005,-0.0388888888888889,15.391,-0.6146980926334094,5.42,0.0199999999999995,0.0899999999999998,15.776717540191198,0.0,0,0.0,0.872,0.128,0,0,-0.0085542577942234,-0.0123516021646987,-0.0014956958997561,0.1441082583695232,0.1459325501827951,0.1582837243351149,14.4,13.57,15.85,5.4,5.37,5.33
2023-09-11,0.0043803149651808,0.1025172460352861,0.1436378433691996,0.1638439691360649,-0.016204485101835045,-0.06686763647831476,13.8,-0.0399999999999991,-0.0028901734104045,15.339000000000002,-0.5784152501596467,5.4,-0.0199999999999995,0.04,15.74037230692775,0.0,0,0.0,0.8733333333333333,0.1266666666666667,0,0,0.0007655428157888,0.0033485199889189,0.0057959055344778,0.1447239666832415,0.1478000316639087,0.1581930756549749,13.84,13.09,14.84,5.42,5.36,5.36
2023-09-12,0.0130137909829706,0.1257945786359848,0.153874354345358,0.1643534389915307,0.007820757232350253,-0.05600740421874116,14.23,0.4299999999999997,0.031159420289855,15.3095,-0.4789194377726843,5.42,0.0199999999999995,0.0499999999999998,15.939351806512244,0.0,0,0.0,0.859,0.141,0,0,0.0043803149651808,-0.0110340761990617,0.0020717500298663,0.1436378433691996,0.1474407048840856,0.1346539829644235,13.8,14.01,14.82,5.4,5.42,5.37
2023-09-13,0.0004785023677846,0.1232427733595102,0.1278850956089074,0.1643469838748037,0.009953170884507853,-0.02974239983761487,13.48,-0.75,-0.0527055516514406,15.1605,-0.2775929235377458,5.42,0.0,0.0599999999999996,15.934881816202758,0.0,0,0.0,0.884,0.1159999999999999,0,0,0.0130137909829706,-0.0016526585834352,-0.0254569811362483,0.153874354345358,0.1474725539927723,0.1634984010521927,14.23,14.45,16.46,5.42,5.44,5.36
2023-09-14,0.0193973531079094,0.1306840033243149,0.1468690169422165,0.1683264404437274,0.037755848744178755,-0.0062783703761062695,12.82,-0.6600000000000001,-0.0489614243323441,14.9625,-0.3232388826949539,5.42,0.0,0.0499999999999998,16.12157967469306,0.0,0,0.0,0.906,0.0939999999999999,0,0,0.0004785023677846,-0.0085542577942234,-0.0042433783801892,0.1278850956089074,0.1441082583695232,0.1628929065110671,13.48,14.4,16.78,5.42,5.4,5.37
2023-09-15,-0.0029477288421467,0.1447521295036788,0.1423566599410722,0.1684419938211311,0.034038516855388154,0.0012104304533503288,13.79,0.9699999999999988,0.0756630265210607,14.7575,-0.2566420186503776,5.43,0.0099999999999997,0.0699999999999994,16.8043894506611,0.0,0,0.0,0.8736666666666667,0.1263333333333333,0,0,0.0193973531079094,0.0007655428157888,-0.0103865659671311,0.1468690169422165,0.1447239666832415,0.1576338515279847,12.82,13.84,17.89,5.42,5.42,5.36
2023-09-18,0.0020829066054735,0.148056223013032,0.1423162041752403,0.1630536557171016,0.03174850790929505,0.0010063468940006287,14.0,0.2100000000000008,0.0152284263959392,14.5925,-0.243334423357772,5.44,0.0100000000000006,0.0900000000000007,15.689218763392706,0.0,0,0.0,0.8666666666666667,0.1333333333333333,0,0,-0.0029477288421467,0.0043803149651808,0.0022874361216629,0.1423566599410722,0.1436378433691996,0.1572151976658763,13.79,13.8,17.3,5.43,5.4,5.35
2023-09-19,-0.0012740794568241,0.1425235748945529,0.1418175526560393,0.1625842676668254,0.017543776948350354,-0.0036860222071699715,14.11,0.1099999999999994,0.0078571428571427,14.4415,-0.2455819918383471,5.45,0.0099999999999997,0.08,15.887852079044471,0.0,0,0.0,0.863,0.137,0,0,0.0020829066054735,0.0130137909829706,0.0034233235485532,0.1423162041752403,0.153874354345358,0.1371920678980428,14.0,14.23,17.13,5.44,5.42,5.37
2023-09-20,-0.0042299858486074,0.1524327547643099,0.120091989700438,0.1629566656988953,0.01282643147852415,0.013031522296507725,15.14,1.0300000000000011,0.0729978738483345,14.35,-0.3276506171556039,5.47,0.0199999999999995,0.08,15.807759024330158,0.0,0,0.0,0.8286666666666667,0.1713333333333333,0,0,-0.0012740794568241,0.0004785023677846,-0.0207384404880307,0.1418175526560393,0.1278850956089074,0.1509683170739014,14.11,13.48,16.97,5.45,5.42,5.39
2023-09-21,-0.0078223739679483,0.0581991073269175,0.1214432768819371,0.1639909919064564,-0.014238320148571048,-0.0015619630331335736,17.54,2.3999999999999986,0.1585204755614266,14.428,-0.372163066061391,5.46,-0.0099999999999997,0.1100000000000003,15.901480865793381,0.0,0,0.0,0.7486666666666667,0.2513333333333333,0,0,-0.0042299858486074,0.0193973531079094,0.006763123428116,0.120091989700438,0.1468690169422165,0.1516238025689028,15.14,12.82,15.98,5.47,5.42,5.35
2023-09-22,-0.0095827105321082,0.0756427224132853,0.1260883532384487,0.1650793137402369,-0.020915158345684547,-0.010240558065359373,17.2,-0.3399999999999998,-0.0193842645381984,14.428,-0.3411087327904484,5.46,0.0,0.0700000000000002,15.771611602994053,0.0,0,0.0,0.76,0.24,0,0,-0.0078223739679483,-0.0029477288421467,-0.0009498737004216,0.1214432768819371,0.1423566599410722,0.1490585385396453,17.54,13.79,17.2,5.46,5.43,5.39
2023-09-25,0.0049406151967426,0.0915316944251053,0.1275109503106881,0.1499981665350528,-0.01806744830000745,-0.0040889008749237735,16.9,-0.3000000000000007,-0.0174418604651163,14.489,-0.3829127543487913,5.45,-0.0099999999999997,0.0099999999999997,15.76778626096642,0.0,0,0.0,0.77,0.2299999999999999,0,0,-0.0095827105321082,0.0020829066054735,-0.0012224589692418,0.1260883532384487,0.1423162041752403,0.145759787122271,17.2,14.0,15.68,5.46,5.44,5.44
2023-09-26,-0.0103785755410913,0.0995312400566565,0.1316825599723478,0.1489659696277417,-0.027225365037202246,-0.01798373055390677,18.94,2.0400000000000027,0.1207100591715977,14.682,-0.4388882681715365,5.45,0.0,0.0099999999999997,15.826191477970797,0.0,0,0.0,0.702,0.298,0,0,0.0049406151967426,-0.0012740794568241,0.0034680208726372,0.1275109503106881,0.1418175526560393,0.1432898387634147,16.9,14.11,15.08,5.45,5.45,5.44
2023-09-27,0.0058645831810344,0.1287120187551797,0.1298715353062491,0.1485375027725051,-0.017138954036470547,-0.020235845345462175,18.22,-0.7200000000000024,-0.0380147835269272,14.870500000000002,-0.4301140294740858,5.49,0.04,0.1200000000000001,15.720271426804354,0.0,0,0.0,0.726,0.274,0,0,-0.0103785755410913,-0.0042299858486074,0.0081324584863191,0.1316825599723478,0.120091989700438,0.1488050477393807,18.94,15.14,14.45,5.45,5.47,5.37
2023-09-28,0.0124161766078856,0.1608044463952964,0.137590882083602,0.1499801133131501,0.0030539032257770535,-0.0038546435555315717,17.34,-0.879999999999999,-0.0482985729967068,15.0435,-0.5021272668537096,5.46,-0.0300000000000002,0.0700000000000002,15.997971238918254,0.0,0,0.0,0.7553333333333333,0.2446666666666667,0,0,0.0058645831810344,-0.0078223739679483,-0.0040333179897048,0.1298715353062491,0.1214432768819371,0.1453956735794523,18.22,17.54,13.88,5.49,5.46,5.39
2023-09-29,-0.0174130542797603,0.1981779480768842,0.1446771858017176,0.1529972357447085,-0.004883621408042148,-0.008992571129605173,17.52,0.1799999999999997,0.0103806228373701,15.241,-0.5192238932438548,5.46,0.0,0.0899999999999998,16.293543722717203,0.0,0,0.0,0.7493333333333334,0.2506666666666666,0,0,0.0124161766078856,-0.0095827105321082,-0.0123516021646987,0.137590882083602,0.1260883532384487,0.1459325501827951,17.34,17.2,13.57,5.46,5.46,5.37
2023-10-02,-0.0086197294355836,0.1961334372976071,0.1467605605873666,0.1532139827803458,-0.01846916599102065,-0.020992591483568274,17.61,0.0899999999999998,0.0051369863013699,15.467,-0.4932469348633792,5.49,0.0300000000000002,0.1299999999999999,16.031513381888715,0.0,0,0.0,0.7463333333333333,0.2536666666666667,0,0,-0.0174130542797603,0.0049406151967426,0.0033485199889189,0.1446771858017176,0.1275109503106881,0.1478000316639087,17.52,16.9,13.09,5.46,5.45,5.36
2023-10-03,-0.0073726173371301,0.1906742553806305,0.1439651842481815,0.153477405531756,-0.015436286871792848,-0.017297117728294675,19.78,2.1700000000000017,0.1232254400908576,15.7555,-0.4866565802793524,5.49,0.0,0.0700000000000002,16.059523402831417,0.0,0,0.0,0.6739999999999999,0.326,0,0,-0.0086197294355836,-0.0103785755410913,-0.0110340761990617,0.1467605605873666,0.1316825599723478,0.1474407048840856,17.61,18.94,14.01,5.49,5.45,5.42
2023-10-04,0.0044844774202685,0.1868314581093019,0.1451582445873593,0.1502563700748712,-0.01680928821232615,-0.011168639885764874,18.58,-1.2000000000000028,-0.0606673407482306,15.962,-0.4992574915890458,5.42,-0.0700000000000002,-0.0200000000000004,15.910911690160248,0.0,0,0.0,0.7140000000000001,0.2859999999999999,0,0,-0.0073726173371301,0.0058645831810344,-0.0016526585834352,0.1439651842481815,0.1298715353062491,0.1474725539927723,19.78,18.22,14.45,5.49,5.49,5.44
2023-10-05,0.0042165766964292,0.1488306111482036,0.1428558484120599,0.1501513048080909,-0.02494130440058455,0.0016301274208000253,18.49,-0.0899999999999998,-0.0048439181916039,16.1665,-0.5286464388809159,5.39,-0.0300000000000002,-0.0100000000000006,15.964501599518066,1.05,1,0.05,0.7170000000000001,0.2829999999999999,0,0,0.0044844774202685,0.0124161766078856,-0.0085542577942234,0.1451582445873593,0.137590882083602,0.1441082583695232,18.58,17.34,14.4,5.42,5.46,5.4
2023-10-06,0.015395297236374,0.1564172657516831,0.1527246605000552,0.1532217699470346,0.00790313246276025,0.016142869564421528,17.45,-1.0399999999999991,-0.0562466197944834,16.347,-0.5741872308524768,5.43,0.04,0.0099999999999997,16.144796100153567,0.0,0,0.0,0.7516666666666667,0.2483333333333333,0,0,0.0042165766964292,-0.0174130542797603,0.0007655428157888,0.1428558484120599,0.1446771858017176,0.1447239666832415,18.49,17.52,13.84,5.39,5.46,5.42
2023-10-09,-0.0022742924993286,0.1352324926227491,0.152490106034937,0.1527001797264671,0.014283344006615753,0.009495237624882526,17.7,0.25,0.0143266475644698,16.541999999999998,-0.570852434969109,5.43,0.0,0.0299999999999993,15.756393951168247,0.0,0,0.0,0.7433333333333334,0.2566666666666666,0,0,0.015395297236374,-0.0086197294355836,0.0043803149651808,0.1527246605000552,0.1467605605873666,0.1436378433691996,17.45,17.61,13.8,5.43,5.49,5.4
2023-10-10,0.0060785300119177,0.1001204237610791,0.1468951950035014,0.1447808669382683,0.02774340368365395,0.002625528723009026,17.03,-0.6699999999999982,-0.0378531073446326,16.682,-0.6298908444308557,5.37,-0.0599999999999996,-0.0499999999999998,16.239321730309058,0.0,0,0.0,0.7656666666666666,0.2343333333333334,0,0,-0.0022742924993286,-0.0073726173371301,0.0130137909829706,0.152490106034937,0.1439651842481815,0.153874354345358,17.7,19.78,14.23,5.43,5.49,5.42
2023-10-11,0.0034329395336281,0.1010997375477839,0.1473597683130588,0.1449392904925491,0.026696012019143848,0.005574201248871126,16.09,-0.9400000000000012,-0.0551967116852614,16.8125,-0.6435143346203192,5.38,0.0099999999999997,-0.04,15.978626780633352,0.0,0,0.0,0.797,0.2029999999999999,0,0,0.0060785300119177,0.0044844774202685,0.0004785023677846,0.1468951950035014,0.1451582445873593,0.1278850956089074,17.03,18.58,13.48,5.37,5.42,5.42
2023-10-12,-0.0023264833047089,0.115354923860775,0.1293953204269288,0.1446638502505667,0.020159106399713952,-0.015966614923664774,16.69,0.6000000000000014,0.0372902423865755,17.006,-0.6320675301511697,5.43,0.0499999999999998,0.0099999999999997,16.165399091453985,0.0,0,0.0,0.7769999999999999,0.2230000000000001,0,0,0.0034329395336281,0.0042165766964292,0.0193973531079094,0.1473597683130588,0.1428558484120599,0.1468690169422165,16.09,18.49,12.82,5.38,5.39,5.42
2023-10-13,0.0150195810843096,0.1130895230864134,0.1405059615231941,0.1457902482575068,0.01978901833508805,0.0018933710441214283,19.32,2.629999999999999,0.157579388855602,17.2825,-0.337662046698154,5.41,-0.0199999999999995,-0.0199999999999995,17.19742321219696,0.0,0,0.0,0.6893333333333334,0.3106666666666666,0,0,-0.0023264833047089,0.015395297236374,-0.0029477288421467,0.1293953204269288,0.1527246605000552,0.1423566599410722,16.69,17.45,13.79,5.43,5.43,5.43
2023-10-16,-0.0010135727570534,0.1089843824595175,0.1403551287215442,0.1450721412156642,0.02105181419621625,-0.0012014560881962726,17.21,-2.1099999999999994,-0.1092132505175983,17.443,-0.3030091985936562,5.42,0.0099999999999997,-0.0200000000000004,16.354234476734447,0.0,0,0.0,0.7596666666666666,0.2403333333333334,0,0,0.0150195810843096,-0.0022742924993286,0.0020829066054735,0.1405059615231941,0.152490106034937,0.1423162041752403,19.32,17.7,14.0,5.41,5.43,5.44
2023-10-17,-0.002164358378875,0.1156342252365795,0.1404931374106771,0.1388804012995138,0.012824979935680748,-0.002093268289660572,17.88,0.6699999999999982,0.0389308541545612,17.6315,-0.3065144278755973,5.48,0.0600000000000005,0.0300000000000002,16.256352199927637,0.0,0,0.0,0.7373333333333334,0.2626666666666666,0,0,-0.0010135727570534,0.0060785300119177,-0.0012740794568241,0.1403551287215442,0.1468951950035014,0.1418175526560393,17.21,17.03,14.11,5.42,5.37,5.45
2023-10-18,-0.0109806045403038,0.1494997462975169,0.1451459743467709,0.1397736110447599,-0.001643416881230651,-0.008895647110883673,19.22,1.34,0.0749440715883669,17.8355,-0.327714519989695,5.47,-0.0100000000000006,0.0,16.079386111133687,0.0,0,0.0,0.6926666666666668,0.3073333333333332,0,0,-0.002164358378875,0.0034329395336281,-0.0042299858486074,0.1404931374106771,0.1473597683130588,0.120091989700438,17.88,16.09,15.14,5.48,5.38,5.47
2023-10-19,-0.0042494276524407,0.1517368624345163,0.1432611545809444,0.1391393660687775,-0.00357270523964795,-0.005301000014741672,21.4,2.18,0.1134235171696149,18.0285,-0.2939366406704826,5.44,-0.0299999999999993,-0.0199999999999995,16.2263759897807,0.0,0,0.0,0.6200000000000001,0.3799999999999999,0,0,-0.0109806045403038,-0.0023264833047089,-0.0078223739679483,0.1451459743467709,0.1293953204269288,0.1214432768819371,19.22,16.69,17.54,5.47,5.43,5.46
2023-10-20,-0.016105593212883,0.1029828743211422,0.1507156524970849,0.1410800661408873,-0.03471730711972205,-0.011908777729916071,21.71,0.3100000000000023,0.0144859813084112,18.254,-0.3053121768808265,5.41,-0.0300000000000002,-0.0499999999999998,16.405745297884398,0.0,0,0.0,0.6096666666666666,0.3903333333333334,0,0,-0.0042494276524407,0.0150195810843096,-0.0095827105321082,0.1432611545809444,0.1405059615231941,0.1260883532384487,21.4,19.32,17.2,5.44,5.41,5.46
2023-10-23,-0.0136411376579318,0.0962158546371374,0.1561069493147129,0.142557667024608,-0.047438253195927746,-0.030572260984116573,20.37,-1.34,-0.0617227084292952,18.4275,-0.2066068361439473,5.42,0.0099999999999997,-0.0300000000000002,16.131347555317625,0.0,0,0.0,0.6543333333333333,0.3456666666666667,0,0,-0.016105593212883,-0.0010135727570534,0.0049406151967426,0.1507156524970849,0.1403551287215442,0.1275109503106881,21.71,17.21,16.9,5.41,5.42,5.45
2023-10-24,0.0012057288818714,0.1137569904217932,0.1527321444741118,0.1416308956167347,-0.04406654663378925,-0.01893444988624757,18.97,-1.400000000000002,-0.0687285223367698,18.429,-0.1531751092754576,5.41,-0.0099999999999997,-0.04,15.999469872794203,0.0,0,0.0,0.7010000000000001,0.2989999999999999,0,0,-0.0136411376579318,-0.002164358378875,-0.0103785755410913,0.1561069493147129,0.1404931374106771,0.1316825599723478,20.37,17.88,18.94,5.42,5.48,5.45
2023-10-25,-0.005454605055189,0.1137591294688678,0.1513315737225211,0.1416849920454672,-0.03849474599683165,-0.030251439071244772,20.19,1.2200000000000024,0.0643120716921457,18.5275,-0.1492350842070628,5.43,0.0199999999999995,-0.0600000000000005,15.924826507416794,0.0,0,0.0,0.6603333333333332,0.3396666666666668,0,0,0.0012057288818714,-0.0109806045403038,0.0058645831810344,0.1527321444741118,0.1451459743467709,0.1298715353062491,18.97,19.22,18.22,5.41,5.47,5.49
2023-10-26,0.0025640913350792,0.1350593677423932,0.1432231831719895,0.1405146955956514,-0.03167545420533265,-0.04003035744585137,20.68,0.4899999999999984,0.0242694403169885,18.6945,-0.0882044060333294,5.39,-0.04,-0.0700000000000002,16.024817515153423,0.0,0,0.0,0.644,0.356,0,0,-0.005454605055189,-0.0042494276524407,0.0124161766078856,0.1513315737225211,0.1432611545809444,0.137590882083602,20.19,21.4,17.34,5.43,5.44,5.46
2023-10-27,-0.0360186458900541,0.254599205369089,0.1816881857547355,0.1569878793405413,-0.05212208310986005,-0.05914723943173397,21.27,0.5899999999999999,0.0285299806576402,18.882,-0.1079714912876259,5.39,0.0,-0.0700000000000002,16.673973088532733,0.0,0,0.0,0.6243333333333334,0.3756666666666666,1,0,0.0025640913350792,-0.016105593212883,-0.0174130542797603,0.1432231831719895,0.1507156524970849,0.1446771858017176,20.68,21.71,17.52,5.39,5.41,5.46
2023-10-30,0.0127495563618011,0.2982349368797203,0.1884588503792733,0.1599340503994197,-0.02571808521683465,-0.037821180209930576,19.75,-1.5199999999999996,-0.0714621532675129,18.989,-0.17680742929686,5.41,0.0200000000000004,-0.08,16.103540334415303,0.0,0,0.0,0.675,0.3249999999999999,0,0,-0.0360186458900541,-0.0136411376579318,-0.0086197294355836,0.1816881857547355,0.1561069493147129,0.1467605605873666,21.27,20.37,17.61,5.39,5.42,5.49
2023-10-31,0.0119340984755047,0.3212407370251568,0.1933322518784981,0.1618709707352938,-0.01505963913002325,-0.01855780214447797,18.14,-1.6099999999999994,-0.0815189873417721,18.907,-0.2033991412844913,5.44,0.0300000000000002,-0.0499999999999998,16.08479746894269,0.0,0,0.0,0.7286666666666666,0.2713333333333334,0,0,0.0127495563618011,0.0012057288818714,-0.0073726173371301,0.1884588503792733,0.1527321444741118,0.1439651842481815,19.75,18.97,19.78,5.41,5.41,5.49
2023-11-01,-0.0008626616777966,0.3206846568218484,0.1922795714560979,0.1616933316420131,-0.010453137382478852,-0.023895288241397476,16.87,-1.2699999999999996,-0.0700110253583241,18.8215,-0.1843819912956515,5.37,-0.0700000000000002,-0.0499999999999998,16.059618827221392,0.0,0,0.0,0.7709999999999999,0.2290000000000001,0,0,0.0119340984755047,-0.005454605055189,0.0044844774202685,0.1933322518784981,0.1513315737225211,0.1451582445873593,18.14,20.19,18.58,5.44,5.43,5.42
2023-11-02,0.017849363164917,0.3510638703639447,0.2029650539886169,0.1646583634626311,0.004677986819946247,-0.010411066225320575,15.66,-1.2100000000000009,-0.071724955542383,18.68,-0.2411563044143455,5.38,0.0099999999999997,-0.0099999999999997,16.13654451919881,0.0,0,0.0,0.8113333333333334,0.1886666666666666,0,0,-0.0008626616777966,0.0025640913350792,0.0042165766964292,0.1922795714560979,0.1432231831719895,0.1428558484120599,16.87,20.68,18.49,5.37,5.39,5.39
2023-11-03,0.0111724141402909,0.1087659727378431,0.1991661052835609,0.1666014844802601,0.05247177730641774,-0.014578594588076477,14.91,-0.75,-0.0478927203065133,18.553,-0.22887825510346,5.29,-0.0899999999999998,-0.1399999999999996,16.070867870631364,0.0,0,0.0,0.8363333333333334,0.1636666666666666,0,0,0.017849363164917,-0.0360186458900541,0.015395297236374,0.2029650539886169,0.1816881857547355,0.1527246605000552,15.66,21.27,17.45,5.38,5.39,5.43
2023-11-06,0.0075527530095882,0.1084174448903036,0.2011842380219384,0.1669457377904359,0.04732718603410514,-0.004777338182441176,14.89,-0.0199999999999995,-0.0013413816230717,18.4125,-0.2229371136624295,5.33,0.04,-0.0999999999999996,15.846956126271662,0.0,0,0.0,0.837,0.163,0,0,0.0111724141402909,0.0127495563618011,-0.0022742924993286,0.1991661052835609,0.1884588503792733,0.152490106034937,14.91,19.75,17.7,5.29,5.41,5.43
2023-11-07,-0.0004861539339219,0.1253382125759481,0.1998030090054645,0.1668248006597862,0.03497746522766974,-0.011323740600462175,14.81,-0.08,-0.005372733378106,18.3015,-0.2135082624249155,5.33,0.0,-0.04,15.655726961243598,0.0,0,0.0,0.8396666666666667,0.1603333333333333,0,0,0.0075527530095882,0.0119340984755047,0.0060785300119177,0.2011842380219384,0.1933322518784981,0.1468951950035014,14.89,18.14,17.03,5.33,5.44,5.37
2023-11-08,0.0049300818021229,0.108027006874401,0.2002677606334805,0.1590894189151286,0.04075846795694734,-0.009832832303593976,14.45,-0.3600000000000012,-0.024307900067522,18.2195,-0.2100959624532934,5.34,0.0099999999999997,-0.04,15.846050810550532,0.0,0,0.0,0.8516666666666667,0.1483333333333333,0,0,-0.0004861539339219,-0.0008626616777966,0.0034329395336281,0.1998030090054645,0.1922795714560979,0.1473597683130588,14.81,16.87,16.09,5.33,5.37,5.38
2023-11-09,-0.0029709965310236,0.0914005083953065,0.2003595194911578,0.1589845476657767,0.020091115390927144,-0.010479057234107376,15.29,0.8399999999999999,0.0581314878892733,18.1495,-0.2122248801487882,5.39,0.0499999999999998,-0.04,15.894014285033423,0.0,0,0.0,0.8236666666666667,0.1763333333333333,0,0,0.0049300818021229,0.017849363164917,-0.0023264833047089,0.2002677606334805,0.2029650539886169,0.1293953204269288,14.45,15.66,16.69,5.34,5.38,5.43
2023-11-10,0.0148310682154901,0.1106299455304211,0.200170773993489,0.1606498766362306,0.023702815058901445,-0.010664797864263074,14.17,-1.1199999999999992,-0.0732504905166775,17.892000000000003,-0.4767643604794229,5.38,-0.0099999999999997,-0.0300000000000002,15.892862543040502,0.0,0,0.0,0.861,0.139,0,0,-0.0029709965310236,0.0111724141402909,0.0150195810843096,0.2003595194911578,0.1991661052835609,0.1405059615231941,15.29,14.91,19.32,5.39,5.29,5.41
2023-11-13,-0.0044387618274438,0.1235488764425285,0.2006508874094767,0.1608108766036476,0.011729798903825743,-0.014099353474831674,14.76,0.5899999999999999,0.0416372618207481,17.7695,-0.5164488782276043,5.37,-0.0099999999999997,-0.0499999999999998,15.71407464962585,0.0,0,0.0,0.8413333333333334,0.1586666666666666,0,0,0.0148310682154901,0.0075527530095882,-0.0010135727570534,0.200170773993489,0.2011842380219384,0.1403551287215442,14.17,14.89,17.21,5.38,5.33,5.42
2023-11-14,0.0182466557250664,0.161292451495627,0.2112861997760421,0.1649888482733622,0.030298254254071746,0.006149533717928826,14.16,-0.5999999999999996,-0.040650406504065,17.5835,-0.5280515143395433,5.24,-0.1299999999999999,-0.2400000000000002,16.110839488571802,0.0,0,0.0,0.8613333333333333,0.1386666666666667,0,0,-0.0044387618274438,-0.0004861539339219,-0.002164358378875,0.2006508874094767,0.1998030090054645,0.1404931374106771,14.76,14.81,17.88,5.37,5.33,5.48
2023-11-15,0.008757748897515,0.1618542219247344,0.2088377813017621,0.1600187853107643,0.03409990776461595,0.025910492342252626,14.18,0.0199999999999995,0.0014124293785311,17.3315,-0.4855207901014346,5.27,0.0299999999999993,-0.2000000000000001,15.939602875019277,0.0,0,0.0,0.8606666666666667,0.1393333333333333,0,0,0.0182466557250664,0.0049300818021229,-0.0109806045403038,0.2112861997760421,0.2002677606334805,0.1451459743467709,14.16,14.45,19.22,5.24,5.34,5.47
2023-11-16,0.0114196601375498,0.1373319774432419,0.2106764147860535,0.1610633727344216,0.04843027447987584,0.04152392248541643,14.32,0.1400000000000005,0.0098730606488011,16.9775,-0.4781858440047748,5.23,-0.0399999999999991,-0.2099999999999999,15.910604090641073,0.0,0,0.0,0.856,0.144,0,0,0.008757748897515,-0.0029709965310236,-0.0042494276524407,0.2088377813017621,0.2003595194911578,0.1432611545809444,14.18,15.29,21.4,5.27,5.39,5.44
2023-11-17,0.0090458696208886,0.1299216372790645,0.2003767376356784,0.1619497913309819,0.04271331190845895,0.06676582116391792,13.8,-0.5199999999999996,-0.0363128491620111,16.582,-0.459929793987884,5.24,0.0099999999999997,-0.1699999999999999,15.871222900946503,0.0,0,0.0,0.8733333333333333,0.1266666666666667,0,0,0.0114196601375498,0.0148310682154901,-0.016105593212883,0.2106764147860535,0.200170773993489,0.1507156524970849,14.32,14.17,21.71,5.23,5.38,5.41
2023-11-20,0.003075361605922,0.0861445272205638,0.1899955309497845,0.1619661347327538,0.05023259664284895,0.08357149636394504,13.41,-0.3900000000000005,-0.0282608695652174,16.234,-0.5618371916434349,5.25,0.0099999999999997,-0.1699999999999999,15.764131458182986,0.0,0,0.0,0.8863333333333333,0.1136666666666667,0,0,0.0090458696208886,-0.0044387618274438,-0.0136411376579318,0.2003767376356784,0.2006508874094767,0.1561069493147129,13.8,14.76,20.37,5.24,5.37,5.42
2023-11-21,-0.0020872324684453,0.0866296099136723,0.1910364063063519,0.1619782275659814,0.03006099966373904,0.08027708001545712,13.35,-0.0600000000000005,-0.0044742729306488,15.953000000000005,-0.5977040919414804,5.24,-0.0099999999999997,-0.1699999999999999,15.77327883497468,0.0,0,0.0,0.8883333333333333,0.1116666666666666,0,0,0.003075361605922,0.0182466557250664,0.0012057288818714,0.1899955309497845,0.2112861997760421,0.1527321444741118,13.41,14.16,18.97,5.25,5.24,5.41
2023-11-22,0.0023530743287376,0.0858867088283024,0.1878782657346443,0.1612869347549167,0.023691687593078745,0.08809692593216302,12.85,-0.5,-0.0374531835205992,15.586,-0.5761452066346809,5.26,0.0199999999999995,-0.1699999999999999,15.459253467345732,0.0,0,0.0,0.905,0.0949999999999999,0,0,-0.0020872324684453,0.008757748897515,-0.005454605055189,0.1910364063063519,0.2088377813017621,0.1513315737225211,13.35,14.18,20.19,5.24,5.27,5.43
2023-11-24,0.001369844076688,0.0638527544691139,0.1880809539385813,0.1609989487088113,0.013705646276281444,0.08690502296703052,12.46,-0.3899999999999988,-0.030350194552529,15.175,-0.5836556554858903,5.27,0.0099999999999997,-0.1200000000000001,15.067387705664794,0.0,0,0.0,0.918,0.082,0,0,0.0023530743287376,0.0114196601375498,0.0025640913350792,0.1878782657346443,0.2106764147860535,0.1432231831719895,12.85,14.32,20.68,5.26,5.23,5.39
2023-11-27,-0.0022795287547729,0.0398690642597093,0.1133389743909571,0.158788130902019,0.002418314625964345,0.12130621889974232,12.69,0.2299999999999986,0.0184590690208665,14.746,-0.6289472088302623,5.24,-0.0299999999999993,-0.1499999999999994,15.649547122539703,0.0,0,0.0,0.9103333333333332,0.0896666666666666,0,0,0.001369844076688,0.0090458696208886,-0.0360186458900541,0.1880809539385813,0.2003767376356784,0.1816881857547355,12.46,13.8,21.27,5.27,5.24,5.39
2023-11-28,0.0022847368781839,0.0369304177863983,0.1112907124740343,0.1587329006116547,0.0016298031069608451,0.11091938468774053,12.69,0.0,0.0,14.393,-0.611739384291479,5.21,-0.0300000000000002,-0.2000000000000001,15.699955705397226,0.0,0,0.0,0.9103333333333332,0.0896666666666666,0,0,-0.0022795287547729,0.003075361605922,0.0127495563618011,0.1133389743909571,0.1899955309497845,0.1884588503792733,12.69,13.41,19.75,5.24,5.25,5.41
2023-11-29,0.0050799631835714,0.0420373033308308,0.1087597937851716,0.1569760666402565,0.008786320583555846,0.10412303972903623,12.98,0.2900000000000009,0.0228526398739166,14.135,-0.5699855115685474,5.12,-0.0899999999999998,-0.3200000000000003,16.02664910768854,0.0,0,0.0,0.9006666666666666,0.0993333333333333,0,0,0.0022847368781839,-0.0020872324684453,0.0119340984755047,0.1112907124740343,0.1910364063063519,0.1933322518784981,12.69,13.35,18.14,5.21,5.24,5.44
2023-11-30,0.0114048340189989,0.0806982918971603,0.1083533441960958,0.1582427425502212,0.017776299583562048,0.11632636289820392,12.92,-0.0600000000000005,-0.0046224961479198,13.9375,-0.676301584385086,5.16,0.04,-0.2099999999999999,16.10499024909901,0.0,0,0.0,0.9026666666666668,0.0973333333333332,0,0,0.0050799631835714,0.0023530743287376,-0.0008626616777966,0.1087597937851716,0.1878782657346443,0.1922795714560979,12.98,12.85,16.87,5.12,5.26,5.37
2023-12-01,0.0048692648519317,0.0785146687354665,0.0988579651380859,0.1570281340612793,0.021264841212166947,0.10349187735925122,12.63,-0.2899999999999991,-0.0224458204334364,13.786,-0.6083417741325473,5.05,-0.1100000000000003,-0.33,16.003358085645807,0.0,0,0.0,0.9123333333333332,0.0876666666666666,0,0,0.0114048340189989,0.001369844076688,0.017849363164917,0.1083533441960958,0.1880809539385813,0.2029650539886169,12.92,12.46,15.66,5.16,5.27,5.38
2023-12-04,0.0073324674333217,0.0538777835606024,0.0967275189903147,0.1574549559141738,0.030852687633472445,0.09968712922679702,13.08,0.4499999999999993,0.0356294536817101,13.6945,-0.5247880026588819,5.1,0.0499999999999998,-0.1900000000000004,16.07805470550648,0.0,0,0.0,0.8973333333333333,0.1026666666666666,0,0,0.0048692648519317,-0.0022795287547729,0.0111724141402909,0.0988579651380859,0.1133389743909571,0.1991661052835609,12.63,12.69,14.91,5.05,5.24,5.29
2023-12-05,-0.0001266864428607,0.0661470827053351,0.0978687593130104,0.1573973637412208,0.028443862329664248,0.09203606098329964,12.85,-0.2300000000000004,-0.0175840978593272,13.5925,-0.5064264020911097,5.06,-0.04,-0.2700000000000004,16.027689536544184,0.0,0,0.0,0.905,0.0949999999999999,0,0,0.0073324674333217,0.0022847368781839,0.0075527530095882,0.0967275189903147,0.1112907124740343,0.2011842380219384,13.08,12.69,14.89,5.1,5.21,5.33
2023-12-06,-0.0105082152791121,0.1338425348204407,0.110535314973059,0.157546331652705,0.012812942198122247,0.08195851669948873,12.97,0.120000000000001,0.0093385214007781,13.5005,-0.499824284205455,5.07,0.0100000000000006,-0.2599999999999998,16.052596775494784,0.0,0,0.0,0.901,0.0989999999999999,0,0,-0.0001266864428607,0.0050799631835714,-0.0004861539339219,0.0978687593130104,0.1087597937851716,0.1998030090054645,12.85,12.98,14.81,5.06,5.12,5.33
2023-12-07,0.0030707723750771,0.1105130647961543,0.1105485601969631,0.1575834847822845,0.0045387201969762465,0.08010661513823283,13.06,0.0899999999999998,0.0069390902081727,13.431,-0.5014281467577141,5.05,-0.0200000000000004,-0.29,15.911182299491697,0.0,0,0.0,0.898,0.1019999999999999,0,0,-0.0105082152791121,0.0114048340189989,0.0049300818021229,0.110535314973059,0.1083533441960958,0.2002677606334805,12.97,12.92,14.45,5.07,5.16,5.34
2023-12-08,0.0110339407195032,0.1309280241921684,0.1099528370395488,0.1544492630824459,0.010654782780693347,0.09405554474901742,12.35,-0.7100000000000009,-0.054364471669219,13.284,-0.4910593104255845,5.13,0.08,-0.2599999999999998,15.812846985421515,0.0,0,0.0,0.9216666666666666,0.0783333333333333,0,0,0.0030707723750771,0.0048692648519317,-0.0029709965310236,0.1105485601969631,0.0988579651380859,0.2003595194911578,13.06,12.63,15.29,5.05,5.05,5.39
2023-12-11,0.003658663179348,0.1242283024300155,0.1033998965968571,0.1542972552944534,0.007001053746214847,0.08298536791411043,12.63,0.2800000000000011,0.0226720647773279,13.207,-0.3876379951982811,5.14,0.0099999999999997,-0.2400000000000002,15.906621373060714,0.0,0,0.0,0.9123333333333332,0.0876666666666666,0,0,0.0110339407195032,0.0073324674333217,0.0148310682154901,0.1099528370395488,0.0967275189903147,0.200170773993489,12.35,13.08,14.17,5.13,5.1,5.38
2023-12-12,0.0089253742424002,0.1333884712590567,0.0994520523989739,0.1550844684843178,0.016013526734217548,0.09631978881369142,12.07,-0.5600000000000005,-0.0443388756927949,13.0725,-0.3299063793844046,5.14,0.0,-0.2300000000000004,16.14015073955779,0.0,0,0.0,0.931,0.0689999999999999,0,0,0.003658663179348,-0.0001266864428607,-0.0044387618274438,0.1033998965968571,0.0978687593130104,0.2006508874094767,12.63,12.85,14.76,5.14,5.06,5.37
2023-12-13,0.0033639002857379,0.058414438216168,0.0862607546224323,0.1550401532132614,0.029935598192769648,0.08159586063818662,12.19,0.1199999999999992,0.0099420049710023,12.974,-0.230665449627201,4.94,-0.1999999999999993,-0.2999999999999998,16.33152020545958,0.0,0,0.0,0.927,0.0729999999999999,0,0,0.0089253742424002,-0.0105082152791121,0.0182466557250664,0.0994520523989739,0.110535314973059,0.2112861997760421,12.07,12.97,14.16,5.14,5.07,5.24
2023-12-14,0.0181919849499683,0.0958568884523898,0.0983792871160422,0.1582469953502238,0.044898021680806845,0.09090472905442372,12.48,0.2900000000000009,0.0237899917965547,12.889,-0.0717727815871469,4.9,-0.04,-0.3699999999999992,16.42873720084267,0.0,0,0.0,0.9173333333333332,0.0826666666666666,0,0,0.0033639002857379,0.0030707723750771,0.008757748897515,0.0862607546224323,0.1105485601969631,0.2088377813017621,12.19,13.06,14.18,4.94,5.05,5.27
2023-12-15,0.0075614583088721,0.094449802207274,0.0957713608968513,0.157377943010305,0.04145752455332675,0.08708279482246833,12.28,-0.200000000000001,-0.016025641025641,12.787,-0.1222833996803953,4.95,0.0499999999999998,-0.2800000000000002,16.82658951642073,0.0,0,0.0,0.924,0.0759999999999999,0,0,0.0181919849499683,0.0110339407195032,0.0114196601375498,0.0983792871160422,0.1099528370395488,0.2106764147860535,12.48,12.35,14.32,4.9,5.13,5.23
2023-12-18,0.0060522627044734,0.0883982522634155,0.0944288854338213,0.1556755842045291,0.043839559328665546,0.08411161533431703,12.56,0.2800000000000011,0.0228013029315961,12.725,-0.0581819133431552,4.95,0.0,-0.29,15.95199395808063,0.0,0,0.0,0.9146666666666666,0.0853333333333333,0,0,0.0075614583088721,0.003658663179348,0.0090458696208886,0.0957713608968513,0.1033998965968571,0.2003767376356784,12.28,12.63,13.8,4.95,5.14,5.24
2023-12-19,0.0133549137287096,0.0940560086975804,0.0995977173107672,0.1572035386185764,0.04822030377498895,0.09430749594583142,12.53,-0.0300000000000011,-0.0023885350318472,12.681,-0.0639109011554514,4.93,-0.0200000000000004,-0.3200000000000003,16.15208162906999,0.0,0,0.0,0.9156666666666666,0.0843333333333333,0,0,0.0060522627044734,0.0089253742424002,0.003075361605922,0.0944288854338213,0.0994520523989739,0.1899955309497845,12.56,12.07,13.41,4.95,5.14,5.25
2023-12-20,-0.0112792347583127,0.17715427484008,0.1125570613021823,0.1575330972254804,0.033518721016443445,0.08505358199089103,13.67,1.1400000000000006,0.0909816440542699,12.697,-0.3767626793911028,4.88,-0.0499999999999998,-0.3600000000000003,16.188992136089237,0.0,0,0.0,0.8776666666666667,0.1223333333333333,0,0,0.0133549137287096,0.0033639002857379,-0.0020872324684453,0.0995977173107672,0.0862607546224323,0.1910364063063519,12.53,12.19,13.35,4.93,4.94,5.24
2023-12-21,0.0057040021862766,0.1464582923434702,0.1124322999210149,0.1575186859618289,0.021178026308386548,0.08839106776973153,13.65,-0.0199999999999995,-0.0014630577907827,12.737,-0.4126698835945215,4.84,-0.04,-0.4199999999999999,15.843882596003017,0.0,0,0.0,0.8783333333333333,0.1216666666666667,0,0,-0.0112792347583127,0.0181919849499683,0.0023530743287376,0.1125570613021823,0.0983792871160422,0.1878782657346443,13.67,12.48,12.85,4.88,4.9,5.26
2023-12-22,-0.0005970819972002,0.146299783208023,0.1133527163080664,0.1562713240289876,0.013047752205665848,0.08642490075185273,13.03,-0.620000000000001,-0.0454212454212454,12.7655,-0.3647707404682009,4.82,-0.0199999999999995,-0.4499999999999993,15.698982987176706,0.0,0,0.0,0.899,0.1009999999999999,0,0,0.0057040021862766,0.0075614583088721,0.001369844076688,0.1124322999210149,0.0957713608968513,0.1880809539385813,13.65,12.28,12.46,4.84,4.95,5.27
2023-12-26,0.0059140730212972,0.1461003275114868,0.1107206469008947,0.1508865723974695,0.012910384416811948,0.09460368512516462,12.99,-0.0399999999999991,-0.0030698388334611,12.7805,-0.3515502837848905,4.83,0.0099999999999997,-0.4100000000000001,15.359577816467658,0.0,0,0.0,0.9003333333333333,0.0996666666666666,0,0,-0.0005970819972002,0.0060522627044734,-0.0022795287547729,0.1133527163080664,0.0944288854338213,0.1133389743909571,13.03,12.56,12.69,4.82,4.95,5.24
2023-12-27,0.005997972329631,0.1192134138825889,0.1104138894516977,0.14918934384438,0.005623917549360348,0.09830161038823092,12.43,-0.5600000000000005,-0.0431100846805234,12.7675,-0.3483923115151511,4.79,-0.04,-0.4199999999999999,15.6762674986687,0.0,0,0.0,0.919,0.0809999999999999,0,0,0.0059140730212972,0.0133549137287096,0.0022847368781839,0.1107206469008947,0.0995977173107672,0.1112907124740343,12.99,12.53,12.69,4.83,4.93,5.21
2023-12-28,0.0053128926309129,0.0450129170584011,0.1104211846529198,0.1477231735463289,0.022266074285440248,0.09853333569277542,12.47,0.0400000000000009,0.0032180209171359,12.742,-0.3532718654112284,4.82,0.0300000000000002,-0.2999999999999998,15.659245747008004,0.0,0,0.0,0.9176666666666666,0.0823333333333333,0,0,0.005997972329631,-0.0112792347583127,0.0050799631835714,0.1104138894516977,0.1125570613021823,0.1087597937851716,12.43,13.67,12.98,4.79,4.88,5.12
2023-12-29,-0.0011743399871981,0.057726588111489,0.1097141199482999,0.147947036169819,0.015403248257241048,0.08601801644341053,12.45,-0.0200000000000013,-0.0016038492381716,12.7185,-0.3504369150851477,4.79,-0.0300000000000002,-0.3700000000000001,15.677278094304889,0.0,0,0.0,0.9183333333333332,0.0816666666666666,0,0,0.0053128926309129,0.0057040021862766,0.0114048340189989,0.1104211846529198,0.1124322999210149,0.1083533441960958,12.47,13.65,12.92,4.82,4.84,5.16
2024-01-02,0.0116401103769621,0.0718148877513921,0.1127144736159597,0.1489757314199175,0.027573394038450248,0.09273345357813603,13.2,0.75,0.0602409638554217,12.747,-0.2298383609417942,4.8,0.0099999999999997,-0.25,16.115833193530566,0.0,0,0.0,0.8933333333333333,0.1066666666666666,0,0,-0.0011743399871981,-0.0005970819972002,0.0048692648519317,0.1097141199482999,0.1133527163080664,0.0988579651380859,12.45,13.03,12.63,4.79,4.82,5.05
2024-01-03,-0.0043585044574224,0.0998683301000172,0.1165981765008147,0.1475484733955921,0.01730871007330695,0.08105970756499913,14.04,0.8399999999999999,0.0636363636363637,12.794999999999998,-0.3291664054447346,4.81,0.0099999999999997,-0.29,16.103215589928006,0.0,0,0.0,0.8653333333333334,0.1346666666666666,0,0,0.0116401103769621,0.0059140730212972,0.0073324674333217,0.1127144736159597,0.1107206469008947,0.0967275189903147,13.2,12.99,13.08,4.8,4.83,5.1
2024-01-04,0.006636214755763,0.1009713072144849,0.1158460476430043,0.147374676533552,0.01794294599319955,0.08780069405176621,14.13,0.0900000000000016,0.0064102564102566,12.859,-0.3525287379374905,4.85,0.04,-0.2099999999999999,16.29812299472364,1.05,1,0.05,0.8623333333333333,0.1376666666666667,0,0,-0.0043585044574224,0.005997972329631,-0.0001266864428607,0.1165981765008147,0.1104138894516977,0.0978687593130104,14.04,12.43,12.85,4.81,4.79,5.06
2024-01-05,0.0050171750836336,0.1006785495175709,0.1014825419533199,0.1472944004456821,0.01764874798645285,0.10336914148110603,13.35,-0.7800000000000011,-0.0552016985138005,12.878,-0.3635269579740994,4.84,-0.0099999999999997,-0.2300000000000004,16.124674065662767,0.0,0,0.0,0.8883333333333333,0.1116666666666666,0,0,0.006636214755763,0.0053128926309129,-0.0105082152791121,0.1158460476430043,0.1104211846529198,0.110535314973059,14.13,12.47,12.97,4.85,4.82,5.07
2024-01-08,-0.0014512066483943,0.1015105257515138,0.1039611466539222,0.1475590301577057,0.01737151738254375,0.09885081362897802,13.08,-0.2699999999999996,-0.0202247191011235,12.879,-0.3216076265522656,4.82,-0.0199999999999995,-0.2299999999999995,16.234090511003462,0.0,0,0.0,0.8973333333333333,0.1026666666666666,0,0,0.0050171750836336,-0.0011743399871981,0.0030707723750771,0.1014825419533199,0.1097141199482999,0.1105485601969631,13.35,12.45,13.06,4.84,4.79,5.05
2024-01-09,-0.0079062025155283,0.0978810918156442,0.1108543095594035,0.1488368574995592,-0.0021389903284290517,0.07993968046901362,12.76,-0.3200000000000003,-0.0244648318042813,12.8995,-0.1793267235331731,4.82,0.0,-0.3099999999999996,16.11042641742329,0.0,0,0.0,0.908,0.0919999999999999,0,0,-0.0014512066483943,0.0116401103769621,0.0110339407195032,0.1039611466539222,0.1127144736159597,0.1099528370395488,13.08,13.2,12.35,4.82,4.8,5.13
2024-01-10,0.0021096183633666,0.092082504974809,0.1110534729336989,0.1466576344221938,0.004336436342159848,0.07839509016094412,12.69,-0.0700000000000002,-0.0054858934169279,12.9025,-0.1764027208266866,4.82,0.0,-0.3199999999999994,16.084559653149338,0.0,0,0.0,0.9103333333333332,0.0896666666666666,0,0,-0.0079062025155283,-0.0043585044574224,0.003658663179348,0.1108543095594035,0.1165981765008147,0.1033998965968571,12.76,14.04,12.63,4.82,4.81,5.14
2024-01-11,-0.0042099783595903,0.0809287432074359,0.1130062573274487,0.1471330279158337,-0.00649672094606225,0.06529044637148643,12.44,-0.25,-0.0197005516154452,12.921,-0.0968011558261023,4.75,-0.0700000000000002,-0.3899999999999997,16.293686356309117,0.0,0,0.0,0.9186666666666669,0.0813333333333332,0,0,0.0021096183633666,0.006636214755763,0.0089253742424002,0.1110534729336989,0.1158460476430043,0.0994520523989739,12.69,14.13,12.07,4.82,4.85,5.14
2024-01-12,-0.0073400641097673,0.0666093899942769,0.1191351125140775,0.1482133109285953,-0.01886848687591305,0.054565056412423325,12.7,0.2599999999999998,0.0209003215434082,12.9465,-0.1281087040732675,4.65,-0.0999999999999996,-0.29,16.78266335108454,0.0,0,0.0,0.91,0.0899999999999999,0,0,-0.0042099783595903,0.0050171750836336,0.0033639002857379,0.1130062573274487,0.1014825419533199,0.0862607546224323,12.44,13.35,12.19,4.75,4.84,4.94
2024-01-16,-0.0062704101536581,0.0648177777755576,0.1085118925634825,0.1466887959522681,-0.02370637795121105,0.03024641399696013,13.84,1.1400000000000006,0.0897637795275592,13.014499999999998,-0.3149963375221291,4.7,0.0499999999999998,-0.2000000000000001,16.660792023715405,0.0,0,0.0,0.872,0.128,0,0,-0.0073400641097673,-0.0014512066483943,0.0181919849499683,0.1191351125140775,0.1039611466539222,0.0983792871160422,12.7,13.08,12.48,4.65,4.82,4.9
2024-01-17,-0.0053573915777955,0.0591590277929695,0.1086838275806618,0.1469238517409039,-0.021140549562008552,0.01734160635367833,14.79,0.9499999999999992,0.0686416184971097,13.14,-0.34383601148712,4.8,0.0999999999999996,-0.1500000000000003,16.223131203821456,0.0,0,0.0,0.8403333333333334,0.1596666666666666,0,0,-0.0062704101536581,-0.0079062025155283,0.0075614583088721,0.1085118925634825,0.1108543095594035,0.0957713608968513,13.84,12.76,12.28,4.7,4.82,4.95
2024-01-18,0.0019750056542848,0.0582534234795163,0.1070671333417896,0.1416871350324265,-0.021274887910470452,0.013280642921808129,14.13,-0.6599999999999984,-0.0446247464503041,13.2185,-0.3610865115682217,4.8,0.0,-0.1500000000000003,16.054335600067475,0.0,0,0.0,0.8623333333333333,0.1376666666666667,0,0,-0.0053573915777955,0.0021096183633666,0.0060522627044734,0.1086838275806618,0.1110534729336989,0.0944288854338213,14.79,12.69,12.56,4.8,4.82,4.95
2024-01-19,0.0172620523297233,0.1625692199210434,0.1137383766409619,0.1404699774219744,5.8733141268248884e-05,0.01712887573776573,13.3,-0.8300000000000001,-0.0587402689313517,13.257,-0.4707767235331462,4.84,0.04,-0.0899999999999998,16.389320620102506,0.0,0,0.0,0.89,0.1099999999999999,0,0,0.0019750056542848,-0.0042099783595903,0.0133549137287096,0.1070671333417896,0.1130062573274487,0.0995977173107672,14.13,12.44,12.53,4.8,4.75,4.93
2024-01-22,-0.0011743450597248,0.1503467856604075,0.1046354289573468,0.1407024720703373,0.006250832927448449,0.02729716832342833,13.19,-0.1100000000000012,-0.0082706766917294,13.233,-0.3549269577607552,4.83,-0.0099999999999997,-0.0499999999999998,16.367881211115733,0.0,0,0.0,0.8936666666666667,0.1063333333333332,0,0,0.0172620523297233,-0.0073400641097673,-0.0112792347583127,0.1137383766409619,0.1191351125140775,0.1125570613021823,13.3,12.7,13.67,4.84,4.65,4.88
2024-01-23,-0.0065841399254519,0.1513577801567779,0.1069726029080747,0.1410208106226755,0.00593507368152815,0.01500346137010173,12.55,-0.6399999999999988,-0.0485216072782409,13.178,-0.274474320132414,4.81,-0.0200000000000004,-0.0300000000000002,15.939064793868203,0.0,0,0.0,0.915,0.0849999999999999,0,0,-0.0011743450597248,-0.0062704101536581,0.0057040021862766,0.1046354289573468,0.1085118925634825,0.1124322999210149,13.19,13.84,13.65,4.83,4.7,4.84
2024-01-24,0.0089354340710314,0.1462118444085506,0.1106314219921439,0.1414966069526181,0.020202616848955447,0.024496470996967928,13.14,0.5899999999999999,0.0470119521912351,13.1835,-0.2115755782800105,4.83,0.0200000000000004,0.0099999999999997,16.114800327338603,0.0,0,0.0,0.8953333333333333,0.1046666666666666,0,0,-0.0065841399254519,-0.0053573915777955,-0.0005970819972002,0.1069726029080747,0.1086838275806618,0.1133527163080664,12.55,14.79,13.03,4.81,4.8,4.82
2024-01-25,0.0143111977414163,0.1604274680294405,0.1189129196082104,0.1162683692075461,0.03243931816433335,0.03280957666932953,13.45,0.3099999999999987,0.0235920852359208,13.2065,-0.1486494059135081,4.76,-0.0700000000000002,-0.0700000000000002,15.998579977651854,0.0,0,0.0,0.885,0.1149999999999999,0,0,0.0089354340710314,0.0019750056542848,0.0059140730212972,0.1106314219921439,0.1070671333417896,0.1107206469008947,13.14,14.13,12.99,4.83,4.8,4.83
2024-01-26,-0.0038165802347562,0.140702087297455,0.119259374879606,0.1160168669905006,0.011500680420877148,0.02300563860928253,13.26,-0.1899999999999995,-0.0141263940520445,13.248,-0.1028953772782726,4.78,0.0200000000000004,-0.0099999999999997,15.822784685696465,0.0,0,0.0,0.8913333333333333,0.1086666666666666,0,0,0.0143111977414163,0.0172620523297233,0.005997972329631,0.1189129196082104,0.1137383766409619,0.1104138894516977,13.45,13.3,12.43,4.76,4.84,4.79
2024-01-29,0.0026119458016111,0.1373384707567575,0.1183973746265008,0.1148378831831327,0.015284256163434748,0.02031535020142283,13.6,0.3399999999999998,0.0256410256410255,13.3045,-0.0968638056616367,4.76,-0.0200000000000004,-0.0600000000000005,15.75729807779263,0.0,0,0.0,0.88,0.12,0,0,-0.0038165802347562,-0.0011743450597248,0.0053128926309129,0.119259374879606,0.1046354289573468,0.1104211846529198,13.26,13.19,12.47,4.78,4.83,4.82
2024-01-30,0.0204947031338038,0.1502365152173793,0.1362891853553135,0.1193282651191139,0.042177679945834254,0.041777893058694934,13.31,-0.2899999999999991,-0.0213235294117646,13.3475,-0.1537069322087936,4.8,0.04,0.0099999999999997,16.197100989981777,0.0,0,0.0,0.8896666666666666,0.1103333333333334,0,0,0.0026119458016111,-0.0065841399254519,-0.0011743399871981,0.1183973746265008,0.1069726029080747,0.1097141199482999,13.6,12.55,12.45,4.76,4.81,4.79
2024-01-31,-0.0108357631913212,0.202888062450102,0.1388628750894531,0.1197694448077173,0.022387033001426155,0.019310109959943828,14.35,1.0399999999999991,0.0781367392937639,13.405,-0.3408739384785507,4.73,-0.0699999999999994,-0.0699999999999994,16.25975153781825,0.0,0,0.0,0.855,0.145,0,0,0.0204947031338038,0.0089354340710314,0.0116401103769621,0.1362891853553135,0.1106314219921439,0.1127144736159597,13.31,13.14,13.2,4.8,4.83,4.8
2024-02-01,-0.0036133043976304,0.1879399945027136,0.1385066754375643,0.1196244753912924,0.004557425641528352,0.02005829223755093,13.88,-0.4699999999999988,-0.032752613240418,13.397,-0.2858870917690743,4.68,-0.0500000000000007,-0.1299999999999999,16.05140024541704,0.0,0,0.0,0.8706666666666667,0.1293333333333333,0,0,-0.0108357631913212,0.0143111977414163,-0.0043585044574224,0.1388628750894531,0.1189129196082104,0.1165981765008147,14.35,13.45,14.04,4.73,4.76,4.81
2024-02-02,0.0057561366007072,0.1849998267667709,0.1380708016719332,0.119413992849175,0.014120940949097651,0.01918363356518063,13.85,-0.0300000000000011,-0.0021613832853026,13.383,-0.2932881975819999,4.81,0.1299999999999999,-0.04,15.968156208078922,0.0,0,0.0,0.8716666666666667,0.1283333333333333,0,0,-0.0036133043976304,-0.0038165802347562,0.006636214755763,0.1385066754375643,0.119259374879606,0.1158460476430043,13.88,13.26,14.13,4.68,4.78,4.85
2024-02-05,-0.0013164678681153,0.1873723518693485,0.1374362326220507,0.1195391271139286,0.01019506517653255,0.01286166739150253,13.67,-0.1799999999999997,-0.0129963898916967,13.399,-0.2689919658045618,4.87,0.0600000000000005,0.0300000000000002,15.872220815515977,0.0,0,0.0,0.8776666666666667,0.1223333333333333,0,0,0.0057561366007072,0.0026119458016111,0.0050171750836336,0.1380708016719332,0.1183973746265008,0.1014825419533199,13.85,13.6,13.35,4.81,4.76,4.84
2024-02-06,0.0034386267831545,0.1033045441755649,0.1375422736335559,0.1194921752569836,-0.006659719391856751,0.01774665628429443,13.06,-0.6099999999999994,-0.0446232626188733,13.398,-0.286456382034637,4.82,-0.0499999999999998,0.0,15.72724340304202,0.0,0,0.0,0.898,0.1019999999999999,0,0,-0.0013164678681153,0.0204947031338038,-0.0014512066483943,0.1374362326220507,0.1362891853553135,0.1039611466539222,13.67,13.31,13.08,4.87,4.8,4.82
2024-02-07,0.001884474434233,0.0591975278671105,0.1335444906735302,0.1188190759042953,0.0061178792872084485,0.027566979575581328,12.83,-0.2300000000000004,-0.0176110260336906,13.4015,-0.3318497439991533,4.83,0.0099999999999997,0.0099999999999997,15.79312713211924,0.0,0,0.0,0.9056666666666666,0.0943333333333333,0,0,0.0034386267831545,-0.0108357631913212,-0.0079062025155283,0.1375422736335559,0.1388628750894531,0.1108543095594035,13.06,14.35,12.76,4.82,4.73,4.82
2024-02-08,-0.0035911744522808,0.0590831453850952,0.1346621667311224,0.1172575832163037,0.006140089238119749,0.021861945133510828,12.79,-0.0400000000000009,-0.0031176929072487,13.4065,-0.3253699967714356,4.83,0.0,0.0099999999999997,15.617270026778982,0.0,0,0.0,0.907,0.0929999999999999,0,0,0.001884474434233,-0.0036133043976304,0.0021096183633666,0.1335444906735302,0.1385066754375643,0.1110534729336989,12.83,13.88,12.69,4.83,4.68,4.82
2024-02-09,0.0012012191587877,0.0441465069699048,0.133192829063105,0.1162811983920683,0.0016009541642802484,0.02728130867552313,12.93,0.1400000000000005,0.0109460516028148,13.431,-0.3481963358076634,4.86,0.0300000000000002,0.1100000000000003,15.655536403415152,0.0,0,0.0,0.9023333333333332,0.0976666666666666,0,0,-0.0035911744522808,0.0057561366007072,-0.0042099783595903,0.1346621667311224,0.1380708016719332,0.1130062573274487,12.79,13.85,12.44,4.83,4.81,4.75
2024-02-12,0.0044571057555067,0.049338763222917,0.1294710060326458,0.1120835068913125,0.007365491613470849,0.03909564588088643,13.93,1.0,0.0773395204949729,13.4925,-0.2846635924507178,4.87,0.0099999999999997,0.2199999999999997,15.960189712297753,0.0,0,0.0,0.869,0.131,0,0,0.0012012191587877,-0.0013164678681153,-0.0073400641097673,0.133192829063105,0.1374362326220507,0.1191351125140775,12.93,13.67,12.7,4.86,4.87,4.65
2024-02-13,-0.0087035886591532,0.0830565630996778,0.1318128869433641,0.1139225361991792,-0.004808922715036351,0.036644111520469126,15.85,1.92,0.1378320172290021,13.592999999999998,-0.3374558549100054,4.99,0.1200000000000001,0.29,15.94345662778536,0.0,0,0.0,0.805,0.1949999999999999,0,0,0.0044571057555067,0.0034386267831545,-0.0062704101536581,0.1294710060326458,0.1375422736335559,0.1085118925634825,13.93,13.06,13.84,4.87,4.82,4.7
2024-02-14,0.0101570558196033,0.115124423018233,0.1320429703459366,0.1135420495757989,0.0034141958207411496,0.052121724958331034,14.38,-1.4699999999999989,-0.0927444794952681,13.5725,-0.3526202517950991,4.94,-0.0499999999999998,0.1400000000000005,15.769488219806634,0.0,0,0.0,0.854,0.146,0,0,-0.0087035886591532,0.001884474434233,-0.0053573915777955,0.1318128869433641,0.1335444906735302,0.1086838275806618,15.85,12.83,14.79,4.99,4.83,4.8
2024-02-15,0.0218145442170967,0.1778302104936621,0.1481551857399876,0.1193439836557872,0.02859184575054665,0.07172867879452793,14.01,-0.370000000000001,-0.0257301808066759,13.5665,-0.3746599757529535,4.93,-0.0100000000000006,0.1299999999999999,15.981519742781767,0.0,0,0.0,0.8663333333333334,0.1336666666666666,0,0,0.0101570558196033,-0.0035911744522808,0.0019750056542848,0.1320429703459366,0.1346621667311224,0.1070671333417896,14.38,12.79,14.13,4.94,4.83,4.8
2024-02-16,-0.004669888761467,0.1916112559723813,0.141824078538142,0.1203273070019635,0.02271052072016265,0.04993309625441753,14.24,0.2300000000000004,0.0164168451106352,13.613499999999998,-0.3181340825837904,4.98,0.0500000000000007,0.1400000000000005,15.91384757540665,0.0,0,0.0,0.8586666666666667,0.1413333333333333,0,0,0.0218145442170967,0.0012012191587877,0.0172620523297233,0.1481551857399876,0.133192829063105,0.1137383766409619,14.01,12.93,13.3,4.93,4.86,4.84
2024-02-20,0.0039097875382989,0.1916673235970158,0.141224539254672,0.119936822226901,0.022165482627188253,0.05501029558062623,15.42,1.1799999999999995,0.0828651685393258,13.725,-0.2989582161517568,4.97,-0.0100000000000006,0.1399999999999996,16.084332124239513,0.0,0,0.0,0.8193333333333334,0.1806666666666666,0,0,-0.004669888761467,0.0044571057555067,-0.0011743450597248,0.141824078538142,0.1294710060326458,0.1046354289573468,14.24,13.93,13.19,4.98,4.87,4.83
2024-02-21,0.0065098135286838,0.1521334759632015,0.1373131747323092,0.1201717576897299,0.03739588493439155,0.06810492277333254,15.34,-0.08,-0.0051880674448767,13.864499999999998,-0.3886345559659984,4.98,0.0100000000000006,0.1700000000000008,15.7648435566661,0.0,0,0.0,0.8220000000000001,0.1779999999999999,0,0,0.0039097875382989,-0.0087035886591532,-0.0065841399254519,0.141224539254672,0.1318128869433641,0.1069726029080747,15.42,15.85,12.55,4.97,4.99,4.81
2024-02-22,0.011995790245862,0.1546387941884948,0.1393254749396112,0.1215520892443957,0.03921447637924995,0.07113358448862553,14.54,-0.8000000000000007,-0.0521512385919166,13.9345,-0.4555034052269834,5.02,0.0399999999999991,0.1899999999999995,16.04514865076961,0.0,0,0.0,0.8486666666666667,0.1513333333333333,0,0,0.0065098135286838,0.0101570558196033,0.0089354340710314,0.1373131747323092,0.1320429703459366,0.1106314219921439,15.34,14.38,13.14,4.98,4.94,4.83
2024-02-23,0.0050252743859722,0.0952405578568953,0.1337101369700973,0.1211078869168809,0.022647154485875252,0.06193651511606983,13.75,-0.7899999999999991,-0.0543328748280604,13.9495,-0.4965622504591691,5.0,-0.0199999999999995,0.2400000000000002,15.776422050667739,0.0,0,0.0,0.875,0.125,0,0,0.011995790245862,0.0218145442170967,0.0143111977414163,0.1393254749396112,0.1481551857399876,0.1189129196082104,14.54,14.01,13.45,5.02,4.93,4.76
2024-02-26,-0.0034240974969284,0.0877383339844208,0.1334467746656912,0.1218474065820167,0.023898008108865852,0.06233042394240623,13.74,-0.0099999999999997,-0.0007272727272726,13.9735,-0.5094310057155188,5.03,0.0300000000000002,0.25,15.78197949093431,0.0,0,0.0,0.8753333333333333,0.1246666666666667,0,0,0.0050252743859722,-0.004669888761467,-0.0038165802347562,0.1337101369700973,0.141824078538142,0.119259374879606,13.75,14.24,13.26,5.0,4.98,4.78
2024-02-27,0.0004907873444572,0.0930685314431436,0.1337650761795766,0.1218864796322742,0.020486510873598252,0.06021255029078973,13.43,-0.3100000000000005,-0.0225618631732169,13.965,-0.4996625392091281,5.03,0.0,0.2700000000000004,15.558972416698417,0.0,0,0.0,0.8856666666666667,0.1143333333333332,0,0,-0.0034240974969284,0.0039097875382989,0.0026119458016111,0.1334467746656912,0.141224539254672,0.1183973746265008,13.74,15.42,13.6,5.03,4.97,4.76
2024-02-28,0.0050694781753666,0.0912885994125994,0.1176258924883461,0.1207212678613734,0.01905446630502985,0.04498170913252813,13.84,0.4100000000000001,0.0305286671630677,13.991499999999998,-0.5049868956795899,5.0,-0.0300000000000002,0.2000000000000001,15.628966448363645,0.0,0,0.0,0.872,0.128,0,0,0.0004907873444572,0.0065098135286838,0.0204947031338038,0.1337650761795766,0.1373131747323092,0.1362891853553135,13.43,15.34,13.31,5.03,4.98,4.8
2024-02-29,0.0091116716774144,0.076331374541267,0.1090745061469248,0.1213233273126807,0.016200466128933853,0.06494701761613322,13.4,-0.4399999999999995,-0.0317919075144508,13.944,-0.4459021855782492,5.01,0.0099999999999997,0.2799999999999993,16.081742925194682,0.0,0,0.0,0.8866666666666667,0.1133333333333332,0,0,0.0050694781753666,0.011995790245862,-0.0108357631913212,0.1176258924883461,0.1393254749396112,0.1388628750894531,13.84,14.54,14.35,5.0,5.02,4.73
2024-03-01,-0.0041385536215252,0.0894949303597126,0.1095299212303745,0.1218363661343638,0.007040635155345054,0.06441972462988653,13.11,-0.2900000000000009,-0.0216417910447761,13.905499999999998,-0.4559531994171866,4.94,-0.0699999999999994,0.2600000000000007,15.65793161376117,0.0,0,0.0,0.8963333333333333,0.1036666666666666,0,0,0.0091116716774144,0.0050252743859722,-0.0036133043976304,0.1090745061469248,0.1337101369700973,0.1385066754375643,13.4,13.75,13.88,5.01,5.0,4.68
2024-03-04,0.0075018436307752,0.0857588941447103,0.1102295850270798,0.122062977817676,0.017944453033950356,0.06615393602725893,13.49,0.3800000000000008,0.0289855072463769,13.8875,-0.4308920984656348,4.98,0.04,0.1700000000000008,15.770465536091967,0.0,0,0.0,0.8836666666666666,0.1163333333333334,0,0,-0.0041385536215252,-0.0034240974969284,0.0057561366007072,0.1095299212303745,0.1334467746656912,0.1380708016719332,13.11,13.74,13.85,4.94,5.03,4.81
2024-03-05,0.0100171959638672,0.0904511984556028,0.1112233612818899,0.1196284287599237,0.027421142501242255,0.07743862761549943,14.46,0.9700000000000006,0.0719051148999259,13.927,-0.3592067069927239,4.94,-0.04,0.0700000000000002,15.705273697504193,0.0,0,0.0,0.8513333333333333,0.1486666666666667,0,0,0.0075018436307752,0.0004907873444572,-0.0013164678681153,0.1102295850270798,0.1337650761795766,0.1374362326220507,13.49,13.43,13.67,4.98,5.03,4.87
2024-03-06,0.0051975198260989,0.0904177776930366,0.1113053392181036,0.1196949251045037,0.027548530207485055,0.07918995873186993,14.5,0.0399999999999991,0.0027662517289073,13.999,-0.3707352619179919,4.95,0.0099999999999997,0.1299999999999999,15.840086775252026,0.0,0,0.0,0.85,0.15,0,0,0.0100171959638672,0.0050694781753666,0.0034386267831545,0.1112233612818899,0.1176258924883461,0.1375422736335559,14.46,13.84,13.06,4.94,5.0,4.82
2024-03-07,-0.0087584486468971,0.1274721062663181,0.1200597188643101,0.1211047493881418,0.009681090068545155,0.06851022839746992,14.44,-0.0600000000000005,-0.0041379310344827,14.0795,-0.3330640725085409,4.93,-0.0200000000000004,0.0999999999999996,15.846063936922977,0.0,0,0.0,0.852,0.148,0,0,0.0051975198260989,0.0091116716774144,0.001884474434233,0.1113053392181036,0.1090745061469248,0.1335444906735302,14.5,13.4,12.83,4.95,5.01,4.83
2024-03-08,0.0018629513552619,0.1160309016885232,0.1173576982396793,0.1211149861571031,0.015689449418116154,0.07396908480988293,14.74,0.3000000000000007,0.0207756232686981,14.177,-0.3538867585665782,4.92,-0.0099999999999997,0.0899999999999998,15.635566058363949,0.0,0,0.0,0.842,0.158,0,0,-0.0087584486468971,-0.0041385536215252,-0.0035911744522808,0.1200597188643101,0.1095299212303745,0.1346621667311224,14.44,13.11,12.79,4.93,4.94,4.83
2024-03-11,0.0003718290932683,0.1101146775038133,0.1176282134758912,0.120574543401565,0.008587364656575053,0.07314034651955373,15.22,0.4800000000000004,0.0325644504748983,14.2915,-0.3609081186528539,4.95,0.0300000000000002,0.0899999999999998,15.56689949324841,0.0,0,0.0,0.826,0.174,0,0,0.0018629513552619,0.0075018436307752,0.0012012191587877,0.1173576982396793,0.1102295850270798,0.133192829063105,14.74,13.49,12.93,4.92,4.98,4.86
2024-03-12,0.0082320305773149,0.1021963386567561,0.118711066015127,0.121083728162172,0.006818340466079053,0.07689147646810764,13.84,-1.3800000000000008,-0.0906701708278581,14.287,-0.4052163194561313,5.0,0.0499999999999998,0.1299999999999999,15.557449507388794,0.0,0,0.0,0.872,0.128,0,0,0.0003718290932683,0.0100171959638672,0.0044571057555067,0.1176282134758912,0.1112233612818899,0.1294710060326458,15.22,14.46,13.93,4.95,4.94,4.87
2024-03-13,0.0081120438618653,0.1107260560124041,0.1097335824095941,0.1174153451070905,0.009713599222362354,0.09371248066926863,13.75,-0.0899999999999998,-0.0065028901734104,14.182,-0.2352610288351556,5.01,0.0099999999999997,0.0199999999999995,15.86905733037787,0.0,0,0.0,0.875,0.125,0,0,0.0082320305773149,0.0051975198260989,-0.0087035886591532,0.118711066015127,0.1113053392181036,0.1318128869433641,13.84,14.5,15.85,5.0,4.95,4.99
2024-03-14,-0.0178179573260728,0.1700989107962489,0.1339462707827857,0.1243445676460779,0.0005320202135705547,0.06562805279029933,14.4,0.6500000000000004,0.0472727272727273,14.183000000000002,-0.2874445273374327,5.04,0.0300000000000002,0.0999999999999996,16.14871224305742,0.0,0,0.0,0.8533333333333333,0.1466666666666667,0,0,0.0081120438618653,-0.0087584486468971,0.0101570558196033,0.1097335824095941,0.1200597188643101,0.1320429703459366,13.75,14.44,14.38,5.01,4.93,4.94
2024-03-15,0.0123955887517532,0.1917248821754403,0.1205284712083844,0.1258196569618247,0.010990194460617555,0.05636743351995383,14.41,0.0099999999999997,0.0006944444444443,14.202999999999998,-0.2409729605337108,5.05,0.0099999999999997,0.1200000000000001,16.661245240665735,0.0,0,0.0,0.853,0.147,0,0,-0.0178179573260728,0.0018629513552619,0.0218145442170967,0.1339462707827857,0.1173576982396793,0.1481551857399876,14.4,14.74,14.01,5.04,4.92,4.93
2024-03-18,0.0124015054027315,0.2030005830942268,0.121606580538625,0.125485377913964,0.022943671130755055,0.07337349693014612,14.33,-0.08,-0.0055517002081887,14.2075,-0.2311272261506149,5.06,0.0099999999999997,0.0799999999999991,16.014267405219567,0.0,0,0.0,0.8556666666666667,0.1443333333333333,0,0,0.0123955887517532,0.0003718290932683,-0.004669888761467,0.1205284712083844,0.1176282134758912,0.141824078538142,14.41,15.22,14.24,5.05,4.95,4.98
2024-03-19,0.0058652470589668,0.2010440774966297,0.1218520641559273,0.1223859072834965,0.020593452366205654,0.07531944620712502,13.82,-0.5099999999999998,-0.0355896720167481,14.1275,-0.2704981637048891,5.06,0.0,0.0899999999999998,15.95306781207196,0.0,0,0.0,0.8726666666666667,0.1273333333333333,0,0,0.0124015054027315,0.0082320305773149,0.0039097875382989,0.121606580538625,0.118711066015127,0.141224539254672,14.33,13.84,15.42,5.06,5.0,4.97
2024-03-20,0.0131070753179056,0.2100393079649003,0.1259269030536221,0.1240805380558113,0.025536055152223854,0.08185265088710093,13.04,-0.7800000000000011,-0.0564399421128799,14.0125,-0.3272747849199643,5.01,-0.0499999999999998,0.0299999999999993,16.05270353894903,0.0,0,0.0,0.8986666666666667,0.1013333333333332,0,0,0.0058652470589668,0.0081120438618653,0.0065098135286838,0.1218520641559273,0.1097335824095941,0.1373131747323092,13.82,13.75,15.34,5.06,5.01,4.98
2024-03-21,0.01390501593301,0.0507852872563668,0.1276476175939377,0.1259199121574621,0.05732389158707796,0.08373746799812733,12.92,-0.1199999999999992,-0.00920245398773,13.9315,-0.2786373373438399,5.01,0.0,-0.0099999999999997,16.231763653690653,0.0,0,0.0,0.9026666666666668,0.0973333333333332,0,0,0.0131070753179056,-0.0178179573260728,0.011995790245862,0.1259269030536221,0.1339462707827857,0.1393254749396112,13.04,14.4,14.54,5.01,5.04,5.02
2024-03-22,-0.0122575035483247,0.174800589768974,0.1403746537444334,0.1296104916799237,0.03267125280022436,0.06639153183430294,13.06,0.1400000000000005,0.0108359133126936,13.897,-0.2920555433732342,4.98,-0.0299999999999993,-0.0199999999999995,15.908460572991704,0.0,0,0.0,0.898,0.1019999999999999,0,0,0.01390501593301,0.0123955887517532,0.0050252743859722,0.1276476175939377,0.1205284712083844,0.1337101369700973,12.92,14.41,13.75,5.01,5.05,5.0
2024-03-25,-0.009154675168969,0.1954395576156699,0.1454530207730878,0.1316783493661986,0.011149179426281656,0.06062466824756192,13.19,0.129999999999999,0.0099540581929555,13.8695,-0.3026041209764167,5.0,0.0199999999999995,-0.0300000000000002,15.96959575864915,0.0,0,0.0,0.8936666666666667,0.1063333333333332,0,0,-0.0122575035483247,0.0124015054027315,-0.0034240974969284,0.1403746537444334,0.121606580538625,0.1334467746656912,13.06,14.33,13.74,4.98,5.06,5.03
2024-03-26,0.0046709300208227,0.1942321293194201,0.1452399195921941,0.131625460540749,0.009961121044404057,0.06479405637793083,13.24,0.0500000000000007,0.0037907505686125,13.86,-0.3137997465379907,5.0,0.0,-0.0300000000000002,15.600832852971328,0.0,0,0.0,0.892,0.1079999999999999,0,0,-0.009154675168969,0.0058652470589668,0.0004907873444572,0.1454530207730878,0.1218520641559273,0.1337650761795766,13.19,13.82,13.43,5.0,5.06,5.03
2024-03-27,0.0193634947115364,0.2195275027877273,0.1558460832853353,0.135793058774076,0.016117607880619757,0.07891579246269083,12.78,-0.4600000000000008,-0.0347432024169185,13.807000000000002,-0.3747430793156838,4.99,-0.0099999999999997,-0.0099999999999997,15.981794826996522,0.0,0,0.0,0.9073333333333332,0.0926666666666666,0,0,0.0046709300208227,0.0131070753179056,0.0050694781753666,0.1452399195921941,0.1259269030536221,0.1176258924883461,13.24,13.04,13.84,5.0,5.01,5.0
2024-03-28,0.0039092498225192,0.1998120829616983,0.1546673746126892,0.1345714852538408,0.00621000831032736,0.07374701017952083,13.01,0.2300000000000004,0.017996870109546,13.7875,-0.3576412215657316,5.03,0.04,0.0200000000000004,15.970558172298986,0.0,0,0.0,0.8996666666666666,0.1003333333333333,0,0,0.0193634947115364,0.01390501593301,0.0091116716774144,0.1558460832853353,0.1276476175939377,0.1090745061469248,12.78,12.92,13.4,4.99,5.01,5.01
2024-04-01,-0.0067898595044786,0.1789370106057933,0.1567340616154015,0.1352065966700558,0.011730239159327558,0.07108113583828542,13.65,0.6400000000000006,0.0491929285165257,13.8145,-0.437316245342792,5.06,0.0299999999999993,0.1199999999999992,15.804617160280142,0.0,0,0.0,0.8783333333333333,0.1216666666666667,0,0,0.0039092498225192,-0.0122575035483247,-0.0041385536215252,0.1546673746126892,0.1403746537444334,0.1095299212303745,13.01,13.06,13.11,5.03,4.98,4.94
2024-04-02,-0.0004019912835875,0.1520712041024452,0.1566148987173613,0.1350797709935284,0.02052500377742696,0.06320521899103852,14.61,0.9599999999999992,0.0703296703296703,13.870500000000002,-0.4566636250751721,5.05,-0.0099999999999997,0.0699999999999994,15.763518647659495,0.0,0,0.0,0.8463333333333334,0.1536666666666666,0,0,-0.0067898595044786,-0.009154675168969,0.0075018436307752,0.1567340616154015,0.1454530207730878,0.1102295850270798,13.65,13.19,13.49,5.06,5.0,4.98
2024-04-03,-0.0028161218935037,0.1594444294551655,0.1558190326108317,0.1354055312493934,0.013044854074338062,0.05041776795102663,14.33,-0.2799999999999993,-0.0191649555099246,13.864,-0.5496738854978923,5.03,-0.0199999999999995,0.0899999999999998,16.051250578441817,0.0,0,0.0,0.8556666666666667,0.1443333333333333,0,0,-0.0004019912835875,0.0046709300208227,0.0100171959638672,0.1566148987173613,0.1452399195921941,0.1112233612818899,14.61,13.24,14.46,5.05,5.0,4.94
2024-04-04,-0.0076085556344202,0.0753658676569606,0.1595154686012125,0.1367333204505232,-0.01377120200157474,0.037596060253631026,16.35,2.0200000000000014,0.1409630146545708,13.9565,-0.5542736657185519,5.0,-0.0300000000000002,0.0499999999999998,16.039463722667406,1.15,1,0.1499999999999999,0.7883333333333333,0.2116666666666666,0,0,-0.0028161218935037,0.0193634947115364,0.0051975198260989,0.1558190326108317,0.1558460832853353,0.1113053392181036,14.33,12.78,14.5,5.03,4.99,4.95
2024-04-05,0.0092003165824463,0.1071498139421625,0.1562756669119644,0.1357824519219512,-0.00851457908167014,0.05555134102930553,16.03,-0.3200000000000003,-0.019571865443425,14.035999999999998,-0.59502533344274,5.05,0.0499999999999998,0.1200000000000001,15.692269812843627,0.0,0,0.0,0.7989999999999999,0.201,0,0,-0.0076085556344202,0.0039092498225192,-0.0087584486468971,0.1595154686012125,0.1546673746126892,0.1200597188643101,16.35,13.01,14.44,5.0,5.03,4.93
2024-04-08,0.005216324754623,0.1049816793342247,0.1564658134677087,0.1358897234542881,0.0035012032560430605,0.058892889676212326,15.19,-0.8400000000000016,-0.0524017467248909,14.0585,-0.5881464476886183,5.07,0.0200000000000004,0.1500000000000003,15.895077216816631,0.0,0,0.0,0.827,0.173,0,0,0.0092003165824463,-0.0067898595044786,0.0018629513552619,0.1562756669119644,0.1567340616154015,0.1173576982396793,16.03,13.65,14.74,5.05,5.06,4.92
2024-04-09,-0.0067008187013025,0.1179535960501885,0.160000257197169,0.1365202996959379,-0.0028200946249804398,0.05179775970948303,14.98,-0.209999999999999,-0.0138248847926266,14.0465,-0.5565972242847295,5.03,-0.04,0.08,15.8104150680265,0.0,0,0.0,0.834,0.166,0,0,0.005216324754623,-0.0004019912835875,0.0003718290932683,0.1564658134677087,0.1566148987173613,0.1176282134758912,15.19,14.61,15.22,5.07,5.05,4.95
2024-04-10,-0.0085214495555066,0.1311619474307529,0.1632328738388359,0.1369105473569788,-0.008557964696037139,0.035041462788910425,15.8,0.8200000000000003,0.0547396528704939,14.144500000000004,-0.583315684827042,5.19,0.1600000000000001,0.1900000000000004,15.854312510362007,0.0,0,0.0,0.8066666666666666,0.1933333333333333,0,0,-0.0067008187013025,-0.0028161218935037,0.0082320305773149,0.160000257197169,0.1558190326108317,0.118711066015127,14.98,14.33,13.84,5.03,5.03,5.0
2024-04-11,-0.0002048087692176,0.1201579611439535,0.1616145838131539,0.1358020558948565,-0.0011251460845816388,0.026757314946687028,14.91,-0.8900000000000006,-0.0563291139240507,14.202499999999995,-0.543445364190804,5.17,-0.0200000000000004,0.1600000000000001,16.131771804582858,0.0,0,0.0,0.8363333333333334,0.1636666666666666,0,0,-0.0085214495555066,-0.0076085556344202,0.0081120438618653,0.1632328738388359,0.1595154686012125,0.1097335824095941,15.8,16.35,13.75,5.19,5.0,5.01
2024-04-12,-0.0646777709834022,0.4645851716219162,0.2850955247056064,0.1962676172375665,-0.07714757666617723,-0.02212825585044227,17.31,2.3999999999999986,0.1609657947686116,14.348,-0.7234909050338385,5.13,-0.04,0.0899999999999998,17.266523006974552,0.0,0,0.0,0.7563333333333334,0.2436666666666666,1,0,-0.0002048087692176,0.0092003165824463,-0.0178179573260728,0.1616145838131539,0.1562756669119644,0.1339462707827857,14.91,16.03,14.4,5.17,5.05,5.04
2024-04-15,0.0005471029453256,0.4525796227713353,0.2807723158709568,0.196277604103496,-0.08180339018756844,-0.03390069497197367,19.23,1.9200000000000017,0.1109185441941076,14.589000000000002,-0.6711563135652553,5.16,0.0300000000000002,0.1100000000000003,16.50787849938477,0.0,0,0.0,0.6923333333333332,0.3076666666666667,0,0,-0.0646777709834022,0.005216324754623,0.0123955887517532,0.2850955247056064,0.1564658134677087,0.1205284712083844,17.31,15.19,14.41,5.13,5.07,5.05
2024-04-16,-0.0114276357986253,0.4474179254526483,0.2777105136812643,0.1953546086272417,-0.08657345318250703,-0.05771936460377907,18.4,-0.8300000000000018,-0.0431617264690588,14.7925,-0.6262692632409836,5.18,0.0199999999999995,0.1200000000000001,16.615945512465473,0.0,0,0.0,0.72,0.28,0,0,0.0005471029453256,-0.0067008187013025,0.0124015054027315,0.2807723158709568,0.160000257197169,0.121606580538625,19.23,14.98,14.33,5.16,5.03,5.06
2024-04-17,-0.0039821457816243,0.4541743765763713,0.2757958339708405,0.1955792660223246,-0.08200558412261233,-0.06755757369990757,18.21,-0.1899999999999977,-0.0103260869565215,15.012,-0.6157612554209198,5.16,-0.0199999999999995,0.1000000000000005,16.01463344348397,0.0,0,0.0,0.7263333333333333,0.2736666666666667,0,0,-0.0114276357986253,-0.0085214495555066,0.0058652470589668,0.2777105136812643,0.1632328738388359,0.1218520641559273,18.4,15.8,13.82,5.18,5.19,5.06
2024-04-18,0.006496947114932,0.4713358613329553,0.2715797761921909,0.1952303540871182,-0.07532482145357203,-0.07410356165910886,18.0,-0.2100000000000008,-0.0115321252059308,15.260000000000002,-0.5984290089166328,5.18,0.0199999999999995,0.1699999999999999,16.0728577749358,0.0,0,0.0,0.7333333333333334,0.2666666666666666,0,0,-0.0039821457816243,-0.0002048087692176,0.0131070753179056,0.2757958339708405,0.1616145838131539,0.1259269030536221,18.21,14.91,13.04,5.16,5.17,5.01
2024-04-19,0.0251035978795093,0.2176066764547933,0.2835121914745451,0.2005313505299953,0.01633303623186017,-0.06311911120566006,18.71,0.7100000000000009,0.0394444444444443,15.5495,-0.5241464170574168,5.17,-0.0099999999999997,0.1600000000000001,16.410936966597475,0.0,0,0.0,0.7096666666666667,0.2903333333333333,0,0,0.006496947114932,-0.0646777709834022,0.01390501593301,0.2715797761921909,0.2850955247056064,0.1276476175939377,18.0,17.31,12.92,5.18,5.13,5.01
2024-04-22,0.0194292987684931,0.2419975920983432,0.2919848895064417,0.2021495196848651,0.03502904259298937,-0.03154290517920867,16.94,-1.7699999999999996,-0.0946018172100481,15.7435,-0.576614494893553,5.16,-0.0099999999999997,0.1799999999999997,16.260436959558604,0.0,0,0.0,0.7686666666666666,0.2313333333333334,0,0,0.0251035978795093,0.0005471029453256,-0.0122575035483247,0.2835121914745451,0.2807723158709568,0.1403746537444334,18.71,19.23,13.06,5.17,5.16,4.98
2024-04-23,0.014413432892637,0.1788150737773588,0.2957474116620749,0.2034782137133002,0.060833022390728964,-0.008035521639331767,15.69,-1.2500000000000018,-0.0737898465171194,15.8685,-0.6004294218008113,5.14,-0.0200000000000004,0.1399999999999996,16.028652337388493,0.0,0,0.0,0.8103333333333333,0.1896666666666666,0,0,0.0194292987684931,-0.0114276357986253,-0.009154675168969,0.2919848895064417,0.2777105136812643,0.1454530207730878,16.94,18.4,13.19,5.16,5.18,5.0
2024-04-24,0.0048922596957525,0.1337258672788036,0.2957984445062409,0.2035645171761377,0.06970344950828716,-0.007815245236024468,15.97,0.2800000000000011,0.0178457616316125,16.005000000000003,-0.597434057530954,5.17,0.0300000000000002,0.1699999999999999,15.756393951168247,0.0,0,0.0,0.8009999999999999,0.199,0,0,0.014413432892637,-0.0039821457816243,0.0046709300208227,0.2957474116620749,0.2757958339708405,0.1452399195921941,15.69,18.21,13.24,5.14,5.16,5.0
2024-04-25,0.0015017529007028,0.1543041283266565,0.2868061522203882,0.1999462780755331,0.06472814298213857,-0.025493026557590066,15.37,-0.6000000000000014,-0.0375704445835943,16.1345,-0.5814055186263809,5.21,0.04,0.2199999999999997,16.09812771199892,0.0,0,0.0,0.8210000000000001,0.1789999999999999,0,0,0.0048922596957525,0.006496947114932,0.0193634947115364,0.2957984445062409,0.2715797761921909,0.1558460832853353,15.97,18.0,12.78,5.17,5.18,4.99
2024-04-26,0.000620685606659,0.1310480910867932,0.2862566919883582,0.1982483345782596,0.04055495745816377,-0.028774162057823672,15.03,-0.3399999999999998,-0.022121014964216,16.2355,-0.5836985764895617,5.21,0.0,0.1799999999999997,15.67394704137284,0.0,0,0.0,0.8323333333333334,0.1676666666666666,0,0,0.0015017529007028,0.0251035978795093,0.0039092498225192,0.2868061522203882,0.2835121914745451,0.1546673746126892,15.37,18.71,13.01,5.21,5.17,5.03
2024-04-29,-0.0010854227542321,0.0974077968871375,0.285551590380228,0.1980185912442845,0.02022598550584307,-0.02304715883269317,14.67,-0.3599999999999994,-0.0239520958083832,16.2865,-0.5781103931138072,5.2,-0.0099999999999997,0.1400000000000005,15.499647881903071,0.0,0,0.0,0.8443333333333334,0.1556666666666666,0,0,0.000620685606659,0.0194292987684931,-0.0067898595044786,0.2862566919883582,0.2919848895064417,0.1567340616154015,15.03,16.94,13.65,5.21,5.16,5.06
2024-04-30,-0.0079676163434033,0.0756157079107603,0.2865585324358087,0.1988731006220515,-0.0020840887271678307,-0.030644614143926573,15.65,0.9800000000000004,0.0668029993183367,16.3385,-0.5969638046016112,5.25,0.0499999999999998,0.2000000000000001,15.913982492569557,0.0,0,0.0,0.8116666666666666,0.1883333333333333,0,0,-0.0010854227542321,0.014413432892637,-0.0004019912835875,0.285551590380228,0.2957474116620749,0.1566148987173613,14.67,15.69,14.61,5.2,5.14,5.05
2024-05-01,0.0006257118890262,0.0615655097830512,0.2866141530374683,0.1987893235886613,-0.006338903995621231,-0.027199003305983772,15.39,-0.2599999999999998,-0.0166134185303514,16.3915,-0.6005999380545503,5.21,-0.04,0.1799999999999997,15.823093653101653,0.0,0,0.0,0.8203333333333334,0.1796666666666666,0,0,-0.0079676163434033,0.0048922596957525,-0.0028161218935037,0.2865585324358087,0.2957984445062409,0.1558190326108317,15.65,15.97,14.33,5.25,5.17,5.03
2024-05-02,-0.001042395471292,0.056825534748502,0.2856527094283125,0.1988321535178457,-0.008882469536413532,-0.02060429409242887,14.68,-0.7100000000000009,-0.046133853151397,16.308,-0.6269097474212747,5.16,-0.0499999999999998,0.1600000000000001,15.687574392938098,0.0,0,0.0,0.844,0.156,0,0,0.0006257118890262,0.0015017529007028,-0.0076085556344202,0.2866141530374683,0.2868061522203882,0.1595154686012125,15.39,15.37,16.35,5.21,5.21,5.0
2024-05-03,-0.0060002160541586,0.0586974875897854,0.2835453158530324,0.1994430671662796,-0.01552125228132593,-0.035780835257479465,13.49,-1.1899999999999995,-0.0810626702997274,16.181,-0.586684539914331,5.12,-0.04,0.0700000000000002,16.0041204687172,0.0,0,0.0,0.8836666666666666,0.1163333333333334,0,0,-0.001042395471292,0.000620685606659,0.0092003165824463,0.2856527094283125,0.2862566919883582,0.1562756669119644,14.68,15.03,16.03,5.16,5.21,5.05
2024-05-06,0.0078212082338366,0.0983571959731042,0.2845388017343895,0.199572365299807,-0.006644458896335731,-0.033192820985071966,13.49,0.0,0.0,16.096,-0.5755155915097553,5.12,0.0,0.0499999999999998,15.883777520955281,0.0,0,0.0,0.8836666666666666,0.1163333333333334,0,0,-0.0060002160541586,-0.0010854227542321,0.005216324754623,0.2835453158530324,0.285551590380228,0.1564658134677087,13.49,14.67,15.19,5.12,5.2,5.07
2024-05-07,-0.001302273078146,0.079409304364857,0.2839092236261355,0.1996629835853757,5.194674600896899e-05,-0.02777257277293717,13.23,-0.2599999999999998,-0.0192735359525574,16.0085,-0.5787493799402899,5.13,0.0099999999999997,0.0999999999999996,15.85527541255051,0.0,0,0.0,0.8923333333333333,0.1076666666666666,0,0,0.0078212082338366,-0.0079676163434033,-0.0067008187013025,0.2845388017343895,0.2865585324358087,0.160000257197169,13.49,15.65,14.98,5.12,5.25,5.03
2024-05-08,0.0203389993834424,0.1643199036671908,0.2924399050496517,0.2031696282756231,0.019561354949130468,0.0009203163391838277,13.0,-0.2300000000000004,-0.0173847316704459,15.8685,-0.5639541675651655,5.13,0.0,-0.0600000000000005,16.0377096593696,0.0,0,0.0,0.9,0.0999999999999999,0,0,-0.001302273078146,0.0006257118890262,-0.0085214495555066,0.2839092236261355,0.2866141530374683,0.1632328738388359,13.23,15.39,15.8,5.13,5.21,5.19
2024-05-09,0.0094556836718524,0.1611896809981071,0.2943165368551216,0.2025208312496035,0.03001555261464147,0.010536404606794229,12.69,-0.3100000000000005,-0.0238461538461538,15.757500000000002,-0.5766502065003737,5.12,-0.0099999999999997,-0.0499999999999998,15.892110691665142,0.0,0,0.0,0.9103333333333332,0.0896666666666666,0,0,0.0203389993834424,-0.001042395471292,-0.0002048087692176,0.2924399050496517,0.2856527094283125,0.1616145838131539,13.0,14.68,14.91,5.13,5.16,5.17
2024-05-10,0.0064304173785429,0.1222373751407085,0.15259573701012,0.2020443786116466,0.04244367275113446,0.08381041415983222,12.55,-0.1399999999999988,-0.0110323089046492,15.519500000000004,-0.0817675957389959,5.17,0.0499999999999998,0.04,15.834379171804018,0.0,0,0.0,0.915,0.0849999999999999,0,0,0.0094556836718524,-0.0060002160541586,-0.0646777709834022,0.2943165368551216,0.2835453158530324,0.2850955247056064,12.69,13.49,17.31,5.12,5.12,5.13
2024-05-13,-0.0002011672203123,0.1373460350670994,0.152855551025836,0.1979748690577138,0.03445170416111076,0.08306227336360722,13.6,1.049999999999999,0.0836653386454182,15.238,-0.0850621888785905,5.16,-0.0099999999999997,0.0,15.76842483503241,0.0,0,0.0,0.88,0.12,0,0,0.0064304173785429,0.0078212082338366,0.0005471029453256,0.15259573701012,0.2845388017343895,0.2807723158709568,12.55,13.49,19.23,5.17,5.12,5.16
2024-05-14,0.0139888826512628,0.1217118054153104,0.1447356135822285,0.1990506071965364,0.04964676718786057,0.10844764759743043,13.42,-0.1799999999999997,-0.013235294117647,14.989,-0.1473254561756409,5.16,0.0,-0.0199999999999995,15.966830919439984,0.0,0,0.0,0.886,0.1139999999999999,0,0,-0.0002011672203123,-0.001302273078146,-0.0114276357986253,0.152855551025836,0.2839092236261355,0.2777105136812643,13.6,13.23,18.4,5.16,5.13,5.18
2024-05-15,0.0029774299432798,0.0871183334336573,0.1407862574360854,0.1990231518138554,0.03248484894931597,0.11541074941111212,12.45,-0.9700000000000006,-0.0722801788375558,14.701,-0.1189451824947229,5.1,-0.0600000000000005,-0.0600000000000005,15.940164561939964,0.0,0,0.0,0.9183333333333332,0.0816666666666666,0,0,0.0139888826512628,0.0203389993834424,-0.0039821457816243,0.1447356135822285,0.2924399050496517,0.2757958339708405,13.42,13.0,18.21,5.16,5.13,5.16
2024-05-16,0.0017810597760523,0.0878789713980301,0.1414595591976389,0.1988087342188034,0.024853065996957666,0.11071429205732392,12.42,-0.0299999999999993,-0.0024096385542168,14.422,-0.1263204912652144,5.13,0.0300000000000002,-0.0499999999999998,15.955329749789081,0.0,0,0.0,0.9193333333333332,0.0806666666666666,0,0,0.0029774299432798,0.0094556836718524,0.006496947114932,0.1407862574360854,0.2943165368551216,0.2715797761921909,12.45,12.69,18.0,5.1,5.12,5.18
2024-05-17,0.0114585870901182,0.0993891208951664,0.1242092053070802,0.1986981772666978,0.02983667025586547,0.09731404818383753,11.99,-0.4299999999999997,-0.0346215780998389,14.086000000000002,-0.3405348663517789,5.14,0.0099999999999997,-0.0300000000000002,16.04126870883052,0.0,0,0.0,0.9336666666666666,0.0663333333333333,0,0,0.0017810597760523,0.0064304173785429,0.0251035978795093,0.1414595591976389,0.15259573701012,0.2835121914745451,12.42,12.55,18.71,5.13,5.17,5.17
2024-05-20,-0.0449728413085357,0.3889392886613055,0.210235908877671,0.2215603474660822,-0.01597764277237243,0.03205558799824542,12.15,0.1600000000000001,0.0133444537114262,13.8465,-0.2490064845773062,5.15,0.0100000000000006,-0.0099999999999997,16.670445160461284,0.0,0,0.0,0.9283333333333332,0.0716666666666666,1,0,0.0114585870901182,-0.0002011672203123,0.0194292987684931,0.1242092053070802,0.152855551025836,0.2919848895064417,11.99,13.6,16.94,5.14,5.16,5.16
2024-05-21,0.0201452327118325,0.4076184145287016,0.2156350404084026,0.2246692664489919,-0.009924581854493329,0.03769004335220812,11.86,-0.2900000000000009,-0.0238683127572016,13.655,-0.1995204302619423,5.14,-0.0100000000000006,0.0,16.48418223612856,0.0,0,0.0,0.938,0.0619999999999999,0,0,-0.0449728413085357,0.0139888826512628,0.014413432892637,0.210235908877671,0.1447356135822285,0.2957474116620749,12.15,13.42,15.69,5.15,5.16,5.14
2024-05-22,-0.0060645767401099,0.4057448452327026,0.2171213800417014,0.2251992828998547,-0.01898062900735873,0.026726670895466223,12.29,0.4299999999999997,0.0362563237774029,13.470999999999998,-0.2394731371888222,5.16,0.0200000000000004,-0.0099999999999997,16.058908227127915,0.0,0,0.0,0.9236666666666666,0.0763333333333333,0,0,0.0201452327118325,0.0029774299432798,0.0048922596957525,0.2156350404084026,0.1407862574360854,0.2957984445062409,11.86,12.45,15.97,5.14,5.1,5.17
2024-05-23,-0.0070092146906175,0.4029294040322139,0.2191398159395534,0.2257221848980543,-0.027793999205388328,0.018192149869797024,12.77,0.4800000000000004,0.0390561432058584,13.341,-0.2674993797332772,5.2,0.04,-0.0099999999999997,15.90358981196464,0.0,0,0.0,0.9076666666666666,0.0923333333333333,0,0,-0.0060645767401099,0.0017810597760523,0.0015017529007028,0.2171213800417014,0.1414595591976389,0.2868061522203882,12.29,12.42,15.37,5.16,5.13,5.21
2024-05-24,0.0192464202354976,0.4262632950591447,0.2284002206332521,0.2281278921542329,-0.020123883361344828,0.036635207364328924,11.93,-0.8399999999999999,-0.0657791699295222,13.186000000000002,-0.3313421909248404,5.21,0.0099999999999997,0.0,15.81105418896599,0.0,0,0.0,0.9356666666666666,0.0643333333333333,0,0,-0.0070092146906175,0.0114585870901182,0.000620685606659,0.2191398159395534,0.1242092053070802,0.2862566919883582,12.77,11.99,15.03,5.2,5.14,5.21
2024-05-28,-0.0060286997108841,0.2252704657473089,0.2299145988276675,0.2283568933594861,0.019844671433074466,0.03167427392547682,12.92,0.9900000000000002,0.0829840737636211,13.098499999999998,-0.3541500110186391,5.21,0.0,0.0099999999999997,15.748509283598654,0.0,0,0.0,0.9026666666666668,0.0973333333333332,0,0,0.0192464202354976,-0.0449728413085357,-0.0010854227542321,0.2284002206332521,0.210235908877671,0.285551590380228,11.93,12.15,14.67,5.21,5.15,5.2
2024-05-29,-0.0069673256397485,0.1819152425731446,0.2293846668209636,0.2286183402503434,-0.007092041524130935,0.03268209055524502,14.28,1.3599999999999994,0.1052631578947367,13.03,-0.3476356387611906,5.22,0.0099999999999997,-0.0300000000000002,15.62707281788719,0.0,0,0.0,0.8573333333333334,0.1426666666666666,0,0,-0.0060286997108841,0.0201452327118325,-0.0079676163434033,0.2299145988276675,0.2156350404084026,0.2865585324358087,12.92,11.86,15.65,5.21,5.14,5.25
2024-05-30,0.006158179018386,0.1828621975515164,0.2298975231045778,0.2281173180020906,0.005130294373277865,0.03819586926436532,14.47,0.1900000000000012,0.0133053221288517,12.984,-0.3428660073747275,5.19,-0.0299999999999993,-0.0199999999999995,15.736703597700602,0.0,0,0.0,0.851,0.149,0,0,-0.0069673256397485,-0.0060645767401099,0.0006257118890262,0.2293846668209636,0.2171213800417014,0.2866141530374683,14.28,12.29,15.39,5.22,5.16,5.21
2024-05-31,0.0165554037828044,0.1932459144100095,0.2352178907517274,0.2301457291193309,0.028584046061630366,0.05565866546784093,12.92,-1.5500000000000007,-0.1071181755355908,12.895999999999995,-0.4111625395606209,5.18,-0.0100000000000006,0.0199999999999995,16.483981117506108,0.0,0,0.0,0.9026666666666668,0.0973333333333332,0,0,0.006158179018386,-0.0070092146906175,-0.001042395471292,0.2298975231045778,0.2191398159395534,0.2856527094283125,14.47,12.77,14.68,5.19,5.2,5.16
2024-06-03,-0.0039974359852401,0.1592824487896864,0.2343257970257862,0.2294642642801304,0.005515048417236767,0.057671508062891626,13.11,0.1899999999999995,0.0147058823529411,12.877,-0.4901533044355383,5.14,-0.04,0.0199999999999995,15.678706732306058,0.0,0,0.0,0.8963333333333333,0.1036666666666666,0,0,0.0165554037828044,0.0192464202354976,-0.0060002160541586,0.2352178907517274,0.2284002206332521,0.2835453158530324,12.92,11.93,13.49,5.18,5.21,5.12
2024-06-04,-0.0131800854790433,0.1857521951182935,0.2403226821497072,0.231390215419205,-0.0017057195134053335,0.03661301330840722,13.16,0.0500000000000007,0.0038138825324181,12.860499999999998,-0.4818134226003582,5.11,-0.0299999999999993,-0.0099999999999997,15.739511150277,0.0,0,0.0,0.8946666666666667,0.1053333333333332,0,0,-0.0039974359852401,-0.0060286997108841,0.0078212082338366,0.2343257970257862,0.2299145988276675,0.2845388017343895,13.11,12.92,13.49,5.14,5.21,5.12
2024-06-05,-0.0095400629822853,0.1923976981253485,0.2435321783684019,0.2324104083385788,-0.004299869620718933,0.028330274188517128,12.63,-0.5299999999999994,-0.040273556231003,12.8305,-0.4448143248090088,5.08,-0.0300000000000002,-0.0499999999999998,15.937963814974886,0.0,0,0.0,0.9123333333333332,0.0876666666666666,0,0,-0.0131800854790433,-0.0069673256397485,-0.001302273078146,0.2403226821497072,0.2293846668209636,0.2839092236261355,13.16,14.28,13.23,5.11,5.22,5.13
2024-06-06,-0.0017741939797845,0.1821921736001497,0.2334043356244714,0.2319660618158615,-0.012214934268787232,0.006419580046447627,12.58,-0.0500000000000007,-0.0039588281868567,12.8095,-0.4429600264273053,5.08,0.0,-0.0499999999999998,15.848947558272386,0.0,0,0.0,0.914,0.0859999999999999,0,0,-0.0095400629822853,0.006158179018386,0.0203389993834424,0.2435321783684019,0.2298975231045778,0.2924399050496517,12.63,14.47,13.0,5.08,5.19,5.13
2024-06-07,0.0154384011116499,0.1750482969428626,0.2373656402650255,0.2334192382836684,-0.013314349809302534,0.012328763043896927,12.22,-0.3599999999999994,-0.0286168521462638,12.786,-0.4483974989032328,5.17,0.0899999999999998,0.0499999999999998,15.756336518695539,0.0,0,0.0,0.926,0.074,0,0,-0.0017741939797845,0.0165554037828044,0.0094556836718524,0.2334043356244714,0.2352178907517274,0.2943165368551216,12.58,12.92,12.69,5.08,5.18,5.12
2024-06-10,-0.0017003500970075,0.1746988060406748,0.2364845340687268,0.2301792340875459,-0.011010700053463034,0.004217135258294125,12.74,0.5199999999999996,0.0425531914893617,12.7955,-0.4446602607897829,5.16,-0.0099999999999997,-0.0099999999999997,15.61900111479095,0.0,0,0.0,0.9086666666666666,0.0913333333333333,0,0,0.0154384011116499,-0.0039974359852401,0.0064304173785429,0.2373656402650255,0.2343257970257862,0.15259573701012,12.22,13.11,12.55,5.17,5.14,5.17
2024-06-11,-0.0263011972062757,0.2412735965578736,0.2550106463654322,0.2358516845509507,-0.024396246973296735,-0.022234937826000275,12.85,0.1099999999999994,0.0086342229199372,12.758,-0.4561151013395884,5.17,0.0099999999999997,0.0099999999999997,16.03854376447902,0.0,0,0.0,0.905,0.0949999999999999,0,0,-0.0017003500970075,-0.0131800854790433,-0.0002011672203123,0.2364845340687268,0.2403226821497072,0.152855551025836,12.74,13.16,13.6,5.16,5.11,5.16
2024-06-12,-0.014560716870727,0.2500565990012534,0.2528658827641224,0.2365326724626626,-0.029478150587025034,-0.050794643586368475,12.04,-0.8100000000000005,-0.0630350194552529,12.689,-0.3852095843204512,5.13,-0.04,-0.0300000000000002,16.36114386357875,0.0,0,0.0,0.932,0.0679999999999999,0,0,-0.0263011972062757,-0.0095400629822853,0.0139888826512628,0.2550106463654322,0.2435321783684019,0.1447356135822285,12.85,12.63,13.42,5.17,5.08,5.16
2024-06-13,0.0111209853013505,0.2783781813328432,0.2568027084174178,0.2373229315718492,-0.016642779039484232,-0.04270804794235257,11.94,-0.0999999999999996,-0.0083056478405315,12.6635,-0.3791192331219513,5.07,-0.0599999999999996,-0.0299999999999993,15.965853265844615,0.0,0,0.0,0.9353333333333332,0.0646666666666666,0,0,-0.014560716870727,-0.0017741939797845,0.0029774299432798,0.2528658827641224,0.2334043356244714,0.1407862574360854,12.04,12.58,12.45,5.13,5.08,5.1
2024-06-14,0.000619591013792,0.2320404496046246,0.2566010854473155,0.2357916044265896,-0.03134382141261773,-0.043868124365678475,12.66,0.7200000000000006,0.0603015075376884,12.6755,-0.3547448793006856,5.07,0.0,-0.0599999999999996,15.74325688186761,0.0,0,0.0,0.9113333333333332,0.0886666666666666,0,0,0.0111209853013505,0.0154384011116499,0.0017810597760523,0.2568027084174178,0.2373656402650255,0.1414595591976389,11.94,12.22,12.42,5.07,5.17,5.13
2024-06-17,0.0061926511266106,0.24799276958908,0.2535865540967886,0.2343798936510544,-0.023468468622327536,-0.04908800361989888,12.75,0.0899999999999998,0.0071090047393365,12.7135,-0.3284109883084911,5.11,0.04,-0.0299999999999993,15.981748984882028,0.0,0,0.0,0.9083333333333332,0.0916666666666666,0,0,0.000619591013792,-0.0017003500970075,0.0114585870901182,0.2566010854473155,0.2364845340687268,0.1242092053070802,12.66,12.74,11.99,5.07,5.16,5.14
2024-06-18,0.0103600614363248,0.1675831419174811,0.1979762076753222,0.2339860923638818,0.013491555714126465,0.007234260660498629,12.3,-0.4499999999999993,-0.0352941176470588,12.721,-0.4129438039050937,5.09,-0.0200000000000004,-0.0600000000000005,16.015287541804515,0.0,0,0.0,0.9233333333333332,0.0766666666666666,0,0,0.0061926511266106,-0.0263011972062757,-0.0449728413085357,0.2535865540967886,0.2550106463654322,0.210235908877671,12.75,12.85,12.15,5.11,5.17,5.15
2024-06-20,0.0084771334169146,0.0665856199986339,0.1867783947608401,0.2337754888361322,0.036600724520135665,-0.004269337211739471,13.28,0.9799999999999986,0.0796747967479674,12.792,-0.3196676766438394,5.1,0.0099999999999997,-0.04,15.982402036702213,0.0,0,0.0,0.8906666666666667,0.1093333333333332,0,0,0.0103600614363248,-0.014560716870727,0.0201452327118325,0.1979762076753222,0.2528658827641224,0.2156350404084026,12.3,12.04,11.86,5.09,5.13,5.14
2024-06-21,-0.0119292407350317,0.1427247858135299,0.1903913174339404,0.2349762336997009,0.013540157589054365,-0.010187261345939471,13.2,-0.08,-0.0060240963855421,12.8375,-0.2902347070923949,5.1,0.0,-0.0600000000000005,16.858703588608034,0.0,0,0.0,0.8933333333333333,0.1066666666666666,0,0,0.0084771334169146,0.0111209853013505,-0.0060645767401099,0.1867783947608401,0.2568027084174178,0.2171213800417014,13.28,11.94,12.29,5.1,5.07,5.16
2024-06-24,0.0131430692768519,0.1577789832697268,0.1945706843880677,0.2331866197923437,0.025978206981267564,0.009904081820977429,13.33,0.1300000000000007,0.0098484848484849,12.8655,-0.2614023761305091,5.1,0.0,-0.1000000000000005,16.096453234287086,0.0,0,0.0,0.889,0.1109999999999999,0,0,-0.0119292407350317,0.000619591013792,-0.0070092146906175,0.1903913174339404,0.2566010854473155,0.2191398159395534,13.2,12.66,12.77,5.1,5.07,5.2
2024-06-25,-0.0040728097443235,0.1700901023127234,0.1822288758448021,0.2331963594833297,0.015723525301415568,-0.01324059495713847,12.84,-0.4900000000000002,-0.0367591897974494,12.911,-0.1541270499347493,5.1,0.0,-0.1100000000000003,15.741582510519402,0.0,0,0.0,0.9053333333333332,0.0946666666666666,0,0,0.0131430692768519,0.0061926511266106,0.0192464202354976,0.1945706843880677,0.2535865540967886,0.2284002206332521,13.33,12.75,11.93,5.1,5.11,5.21
2024-06-26,-0.0032311805125671,0.1611001735549927,0.1813985381720045,0.2328708919295515,0.0021803494576899643,-0.01043006131488587,12.55,-0.2899999999999991,-0.0225856697819314,12.892499999999998,-0.1166474585531436,5.13,0.0300000000000002,-0.08,15.864312592401221,0.0,0,0.0,0.915,0.0849999999999999,0,0,-0.0040728097443235,0.0103600614363248,-0.0060286997108841,0.1822288758448021,0.1979762076753222,0.2299145988276675,12.84,12.3,12.92,5.1,5.09,5.21
2024-06-27,0.0088132036660579,0.1621571470337432,0.1825691890902663,0.2335666420664246,0.002513539228219763,0.0053362435406112295,12.24,-0.3100000000000005,-0.0247011952191235,12.7905,-0.0731192422809444,5.1,-0.0300000000000002,-0.1200000000000001,15.884080846121803,0.0,0,0.0,0.9253333333333332,0.0746666666666666,0,0,-0.0032311805125671,0.0084771334169146,-0.0069673256397485,0.1813985381720045,0.1867783947608401,0.2293846668209636,12.55,13.28,14.28,5.13,5.1,5.22
2024-06-28,0.0155143961105401,0.1447795134620749,0.1893484760136745,0.2355610300450102,0.029909782652265463,0.01459222693304813,12.44,0.1999999999999993,0.0163398692810456,12.688999999999998,-0.0460398750705125,5.09,-0.0099999999999997,-0.1000000000000005,16.54386006038532,0.0,0,0.0,0.9186666666666669,0.0813333333333332,0,0,0.0088132036660579,-0.0119292407350317,0.006158179018386,0.1825691890902663,0.1903913174339404,0.2298975231045778,12.24,13.2,14.47,5.1,5.1,5.19
2024-07-01,0.0157717355640132,0.1536541620402534,0.1885188617389504,0.236985942962999,0.03250098830733196,0.01382102406667903,12.22,-0.2199999999999988,-0.017684887459807,12.654,0.1246312787639744,5.1,0.0099999999999997,-0.08,16.138466842081645,0.0,0,0.0,0.926,0.074,0,0,0.0155143961105401,0.0131430692768519,0.0165554037828044,0.1893484760136745,0.1945706843880677,0.2352178907517274,12.44,13.33,12.92,5.09,5.1,5.18
2024-07-02,0.0164518123380705,0.1318528000123194,0.1954782984583014,0.2385119270747124,0.05290006202084076,0.03414441864646553,12.03,-0.1900000000000012,-0.0155482815057284,12.6,0.1084920080652977,5.07,-0.0299999999999993,-0.0699999999999994,15.8700061455905,0.0,0,0.0,0.9323333333333332,0.0676666666666666,0,0,0.0157717355640132,-0.0040728097443235,-0.0039974359852401,0.1885188617389504,0.1822288758448021,0.2343257970257862,12.22,12.84,13.11,5.1,5.1,5.14
2024-07-03,-0.0006704351496965,0.1151099858118858,0.1876360309526059,0.2383666218317591,0.055465814077716565,0.04674147227623603,12.09,0.0600000000000005,0.0049875311720699,12.546499999999998,0.1247217523185804,5.04,-0.0300000000000002,-0.0700000000000002,15.531270703457736,0.0,0,0.0,0.9303333333333332,0.0696666666666666,0,0,0.0164518123380705,-0.0032311805125671,-0.0131800854790433,0.1954782984583014,0.1813985381720045,0.2403226821497072,12.03,12.55,13.16,5.07,5.13,5.11
2024-07-05,-0.0132504562932905,0.210610519678896,0.1912375131846109,0.2396448930758678,0.033352193147780464,0.04298830630911063,12.48,0.3900000000000005,0.032258064516129,12.539,-0.0018671785486111,4.98,-0.0599999999999996,-0.0999999999999996,15.906522528320885,1.15,1,0.1499999999999999,0.9173333333333332,0.0826666666666666,0,0,-0.0006704351496965,0.0088132036660579,-0.0095400629822853,0.1876360309526059,0.1825691890902663,0.2435321783684019,12.09,12.24,12.63,5.04,5.1,5.08
2024-07-08,0.0018554417132286,0.1967541393095867,0.1906826255307746,0.2388708196715764,0.01981063734077586,0.04661779854261123,12.37,-0.1100000000000012,-0.0088141025641026,12.5285,-0.003382781226215,4.99,0.0099999999999997,-0.0899999999999998,15.979637972660866,0.0,0,0.0,0.921,0.0789999999999999,0,0,-0.0132504562932905,0.0155143961105401,-0.0017741939797845,0.1912375131846109,0.1893484760136745,0.2334043356244714,12.48,12.44,12.58,4.98,5.09,5.08
2024-07-09,0.0119901424768575,0.1841769818438975,0.1879722898182499,0.2399213395277848,0.016080813329284863,0.04321618720526643,12.51,0.1400000000000005,0.011317704122878,12.543,0.0602227883466143,5.02,0.0299999999999993,-0.1500000000000003,16.01925836823317,0.0,0,0.0,0.9163333333333332,0.0836666666666666,0,0,0.0018554417132286,0.0157717355640132,0.0154384011116499,0.1906826255307746,0.1885188617389504,0.2373656402650255,12.37,12.22,12.22,4.99,5.1,5.17
2024-07-10,0.0008188492935174,0.142975609831952,0.1874976896308098,0.1936660487421746,0.0005813800576818655,0.045736498757610426,12.85,0.3399999999999998,0.0271782573940846,12.5485,0.0787488076629115,5.01,-0.0099999999999997,-0.1500000000000003,15.935194045968933,0.0,0,0.0,0.905,0.0949999999999999,0,0,0.0119901424768575,0.0164518123380705,-0.0017003500970075,0.1879722898182499,0.1954782984583014,0.2364845340687268,12.51,12.03,12.74,5.02,5.07,5.16
2024-07-11,-0.0016843338208384,0.1435082175807813,0.1544118656279231,0.1938028999674245,-0.0004337138563469346,0.07070400539318583,12.92,0.0700000000000002,0.0054474708171206,12.552,0.129849208248771,4.91,-0.0999999999999996,-0.2599999999999998,16.18183081824358,0.0,0,0.0,0.9026666666666668,0.0973333333333332,0,0,0.0008188492935174,-0.0006704351496965,-0.0263011972062757,0.1874976896308098,0.1876360309526059,0.2550106463654322,12.85,12.09,12.85,5.01,5.04,5.17
2024-07-12,-0.0120994088485626,0.1368080051334745,0.1507213118279746,0.1940128219633033,0.0007321104633934653,0.07319856735952912,12.46,-0.4599999999999991,-0.0356037151702786,12.573,0.0360366062795781,4.87,-0.04,-0.2599999999999998,16.55269235032531,0.0,0,0.0,0.918,0.082,0,0,-0.0016843338208384,-0.0132504562932905,-0.014560716870727,0.1544118656279231,0.1912375131846109,0.2528658827641224,12.92,12.48,12.04,4.91,4.98,5.13
2024-07-15,0.0249343161058497,0.2230645865190288,0.1664336625044245,0.1989277846781995,0.023506916644968966,0.08676749422706442,13.12,0.6599999999999984,0.0529695024077045,12.632,0.1999862046408005,4.85,-0.0200000000000004,-0.2200000000000006,16.1875938214269,0.0,0,0.0,0.896,0.1039999999999999,0,0,-0.0120994088485626,0.0018554417132286,0.0111209853013505,0.1507213118279746,0.1906826255307746,0.2568027084174178,12.46,12.37,11.94,4.87,4.99,5.07
2024-07-16,0.0169958260580209,0.2355249319104913,0.1715202234049002,0.2009054258712839,0.028441099349581667,0.10300110796746582,13.19,0.0700000000000002,0.0053353658536585,12.6585,0.2521159180341473,4.85,0.0,-0.2200000000000006,16.26280195848522,0.0,0,0.0,0.8936666666666667,0.1063333333333332,0,0,0.0249343161058497,0.0119901424768575,0.000619591013792,0.1664336625044245,0.1879722898182499,0.2566010854473155,13.12,12.51,12.66,4.85,5.02,5.07
2024-07-17,0.0152139501749903,0.2387220786450052,0.1751152944627521,0.1973294347062228,0.042721963760994575,0.11192693114093254,14.48,1.290000000000001,0.0978013646702047,12.745,0.3182680107882685,4.85,0.0,-0.2600000000000007,16.26414223829931,0.0,0,0.0,0.8506666666666667,0.1493333333333333,0,0,0.0169958260580209,0.0008188492935174,0.0061926511266106,0.1715202234049002,0.1874976896308098,0.2535865540967886,13.19,12.85,12.75,4.85,5.01,5.11
2024-07-18,-0.0317702618634641,0.3789785095721262,0.2195484029303162,0.2068705654336989,0.012121830588012472,0.06933428026707184,15.93,1.4499999999999993,0.1001381215469612,12.9265,-0.0544792527711236,4.86,0.0100000000000006,-0.2299999999999995,16.33442411221149,0.0,0,0.0,0.8023333333333333,0.1976666666666666,0,0,0.0152139501749903,-0.0016843338208384,0.0103600614363248,0.1751152944627521,0.1544118656279231,0.1979762076753222,14.48,12.92,12.3,4.85,4.91,5.09
2024-07-19,-0.000952570790789,0.3596282600163001,0.2192574450008597,0.2052902208432915,0.023342008353251068,0.05993985119264453,16.52,0.5899999999999999,0.0370370370370369,13.0885,-0.1031197127682742,4.87,0.0099999999999997,-0.2299999999999995,15.906868442173748,0.0,0,0.0,0.7826666666666666,0.2173333333333333,0,0,-0.0317702618634641,-0.0120994088485626,0.0084771334169146,0.2195484029303162,0.1507213118279746,0.1867783947608401,15.93,12.46,13.28,4.86,4.87,5.1
2024-07-22,0.0023836217468404,0.3135698228348502,0.2120337268290109,0.205181222663023,0.0010942650909335693,0.07432160172894363,14.91,-1.6099999999999994,-0.097457627118644,13.174,-0.1015540345889656,4.88,0.0099999999999997,-0.2199999999999997,15.8519403395446,0.0,0,0.0,0.8363333333333334,0.1636666666666666,0,0,-0.000952570790789,0.0249343161058497,-0.0119292407350317,0.2192574450008597,0.1664336625044245,0.1903913174339404,16.52,13.12,13.2,4.87,4.85,5.1
2024-07-23,0.000237727308781,0.2782369293175578,0.2094097135040428,0.2051979072265488,-0.01552104873987453,0.061501852246323735,14.72,-0.1899999999999995,-0.0127431254191817,13.2435,-0.0998529294395389,4.85,-0.0300000000000002,-0.25,15.530623116712,0.0,0,0.0,0.8426666666666667,0.1573333333333333,0,0,0.0023836217468404,0.0169958260580209,0.0131430692768519,0.2120337268290109,0.1715202234049002,0.1945706843880677,14.91,13.19,13.33,4.88,4.85,5.1
2024-07-24,-0.0082725920881776,0.226587223704734,0.211848126412664,0.2061734312725301,-0.03892742724116313,0.05727597859835384,18.04,3.3199999999999985,0.2255434782608694,13.5035,-0.2330061346168575,4.82,-0.0299999999999993,-0.2799999999999993,15.778277964555167,0.0,0,0.0,0.732,0.268,0,0,0.000237727308781,0.0152139501749903,-0.0040728097443235,0.2094097135040428,0.1751152944627521,0.1822288758448021,14.72,14.48,12.84,4.85,4.85,5.1
2024-07-25,0.0003833386640454,0.0654295694692815,0.210853011656037,0.2061214323118238,-0.006258274953759027,0.06089565585562283,18.46,0.4200000000000017,0.0232815964523283,13.799,-0.253349753992341,4.83,0.0099999999999997,-0.2999999999999998,15.67240227828738,0.0,0,0.0,0.718,0.282,0,0,-0.0082725920881776,-0.0317702618634641,-0.0032311805125671,0.211848126412664,0.2195484029303162,0.1813985381720045,18.04,15.93,12.55,4.82,4.86,5.13
2024-07-26,0.0171083810951511,0.1453754037378674,0.2157513119663064,0.2076187197723338,0.011658430624310375,0.06908474258873513,16.39,-2.0700000000000003,-0.1121343445287107,14.0065,-0.3119285993453558,4.79,-0.04,-0.3099999999999996,15.898421200349976,0.0,0,0.0,0.7869999999999999,0.213,0,0,0.0003833386640454,-0.000952570790789,0.0088132036660579,0.210853011656037,0.2192574450008597,0.1825691890902663,18.46,16.52,12.24,4.83,4.87,5.1
2024-07-29,-0.0065490470207643,0.1584835439233974,0.2137063190396131,0.208312994861654,0.002707059076442776,0.04711887815312093,16.6,0.2100000000000008,0.0128126906650396,14.214499999999996,-0.3123762208500524,4.79,0.0,-0.2999999999999998,15.692468804081168,0.0,0,0.0,0.7799999999999999,0.22,0,0,0.0171083810951511,0.0023836217468404,0.0155143961105401,0.2157513119663064,0.2120337268290109,0.1893484760136745,16.39,14.91,12.44,4.79,4.88,5.09
2024-07-30,0.020583305124233,0.2116195667555612,0.2182156720549118,0.2117200776025722,0.022843691631297073,0.05184455557028883,17.69,1.09,0.0656626506024096,14.488,-0.2337679863773379,4.78,-0.0099999999999997,-0.3199999999999994,15.99600722288679,0.0,0,0.0,0.7436666666666667,0.2563333333333333,0,0,-0.0065490470207643,0.000237727308781,0.0157717355640132,0.2137063190396131,0.2094097135040428,0.1885188617389504,16.6,14.72,12.22,4.79,4.85,5.1
2024-07-31,-0.0111065104734104,0.2232445823017758,0.2170941540414869,0.2128157589354643,0.019982043223145472,0.024357959800658528,16.36,-1.3300000000000018,-0.0751837196156021,14.7045,-0.1356369576121441,4.73,-0.0499999999999998,-0.3399999999999998,16.020659322500975,0.0,0,0.0,0.788,0.2119999999999999,0,0,0.020583305124233,-0.0082725920881776,0.0164518123380705,0.2182156720549118,0.211848126412664,0.1954782984583014,17.69,18.04,12.03,4.78,4.82,5.07
2024-08-01,-0.0227443354048295,0.2967502462737386,0.2335275627209719,0.2184811336553193,-0.0034081998465348255,0.0020216419313714325,18.59,2.2300000000000004,0.1363080684596578,15.029500000000002,-0.2438335331014528,4.62,-0.1100000000000003,-0.4199999999999999,16.20597840652068,0.0,0,0.0,0.7136666666666667,0.2863333333333333,0,0,-0.0111065104734104,0.0003833386640454,-0.0006704351496965,0.2170941540414869,0.210853011656037,0.1876360309526059,16.36,18.46,12.09,4.73,4.83,5.04
2024-08-02,-0.0424120543232966,0.3704853561542752,0.2767113260682287,0.2369258828025679,-0.06370959352444892,-0.027977044083494267,23.39,4.800000000000001,0.2582033351264121,15.575,-0.481757051455381,4.33,-0.29,-0.6500000000000004,16.70819635861932,0.0,0,0.0,0.5536666666666666,0.4463333333333333,1,0,-0.0227443354048295,0.0171083810951511,-0.0132504562932905,0.2335275627209719,0.2157513119663064,0.1912375131846109,18.59,16.39,12.48,4.62,4.79,4.98
2024-08-05,-0.0212915331527872,0.3699994983894236,0.2853717012189996,0.2377269264011156,-0.07866047487515503,-0.05135223406280997,38.57,15.18,0.648995297135528,16.884999999999998,-0.4680125270585391,4.34,0.0099999999999997,-0.6500000000000004,16.4493400318382,0.0,0,0.0,0.0476666666666666,0.9523333333333334,0,1,-0.0424120543232966,-0.0065490470207643,0.0018554417132286,0.2767113260682287,0.2137063190396131,0.1906826255307746,23.39,16.6,12.37,4.33,4.79,4.99
2024-08-06,0.0279117159619461,0.414765696656828,0.3008423408269913,0.2436083698299322,-0.07150552255545513,-0.035741780314451174,27.71,-10.86,-0.2815659839253305,17.645,-0.5456671735014269,4.46,0.1200000000000001,-0.5599999999999996,16.176911673538825,0.0,0,0.0,0.4096666666666666,0.5903333333333334,0,0,-0.0212915331527872,0.020583305124233,0.0119901424768575,0.2853717012189996,0.2182156720549118,0.1879722898182499,38.57,17.69,12.51,4.34,4.78,5.02
2024-08-07,0.0002996013912617,0.4280018188345311,0.3007883618130494,0.2432786575289861,-0.060037317757039924,-0.036260738014063265,27.85,0.1400000000000005,0.005052327679538,18.395,-0.5455532204555957,4.45,-0.0099999999999997,-0.5599999999999996,16.035192297202244,0.0,0,0.0,0.4049999999999999,0.5950000000000001,0,0,0.0279117159619461,-0.0111065104734104,0.0008188492935174,0.3008423408269913,0.2170941540414869,0.1874976896308098,27.71,16.36,12.85,4.46,4.73,5.01
2024-08-08,0.0182633877743703,0.4597554542113808,0.3089859955828489,0.2460160301686317,-0.01893172460942202,-0.016476368821703665,23.79,-4.060000000000002,-0.1457809694793537,18.9385,-0.571236075617361,4.48,0.0300000000000002,-0.4299999999999997,15.8646476482253,0.0,0,0.0,0.5403333333333333,0.4596666666666666,0,0,0.0002996013912617,-0.0227443354048295,-0.0016843338208384,0.3007883618130494,0.2335275627209719,0.1544118656279231,27.85,18.59,12.92,4.45,4.62,4.91
2024-08-09,0.0085268558089937,0.2974446321017605,0.3076223138638829,0.2450103098501611,0.03289669578125877,0.004187541234371034,20.37,-3.419999999999998,-0.1437578814627994,19.334,-0.5982476383310261,4.5,0.0199999999999995,-0.3700000000000001,15.527541339653753,0.0,0,0.0,0.6543333333333333,0.3456666666666667,0,0,0.0182633877743703,-0.0424120543232966,-0.0120994088485626,0.3089859955828489,0.2767113260682287,0.1507213118279746,23.79,23.39,12.46,4.48,4.33,4.87
2024-08-12,0.0018950864269577,0.1822099867162353,0.2939686412557389,0.2449726820198844,0.056311456269155874,-0.01854769443862307,20.71,0.3399999999999998,0.0166912125675011,19.7135,-0.631753359590469,4.47,-0.0300000000000002,-0.3799999999999999,15.75223594161782,0.0,0,0.0,0.643,0.357,0,0,0.0085268558089937,-0.0212915331527872,0.0249343161058497,0.3076223138638829,0.2853717012189996,0.1664336625044245,20.37,38.57,13.12,4.5,4.34,4.85
2024-08-13,0.0084874292894159,0.1115417444352973,0.2886943147654348,0.2455112553458235,0.03723378591280047,-0.02694909375123237,18.12,-2.59,-0.1250603573153066,19.96,-0.647084986711757,4.4,-0.0699999999999994,-0.4499999999999993,15.669900635671501,0.0,0,0.0,0.7293333333333333,0.2706666666666667,0,0,0.0018950864269577,0.0279117159619461,0.0169958260580209,0.2939686412557389,0.3008423408269913,0.1715202234049002,20.71,27.71,13.19,4.47,4.46,4.85
2024-08-14,0.0110608853739619,0.0926072808572602,0.2859506093027028,0.2454382855039623,0.04793439053990237,-0.031048311235155467,16.19,-1.93,-0.1065121412803531,20.0455,-0.6896534657592188,4.42,0.0199999999999995,-0.4299999999999997,15.76139227804406,0.0,0,0.0,0.7936666666666666,0.2063333333333333,0,0,0.0084874292894159,0.0002996013912617,0.0152139501749903,0.2886943147654348,0.3007883618130494,0.1751152944627521,18.12,27.85,14.48,4.4,4.45,4.85
2024-08-15,0.0062309409514926,0.0543057227937787,0.2627865119381263,0.2256773580545981,0.03604738415534857,0.0074491847456324345,15.23,-0.9600000000000009,-0.0592958616429895,20.0105,-0.7171289943362458,4.52,0.0999999999999996,-0.3400000000000007,15.761563696796062,0.0,0,0.0,0.8256666666666667,0.1743333333333333,0,0,0.0110608853739619,0.0182633877743703,-0.0317702618634641,0.2859506093027028,0.3089859955828489,0.2195484029303162,16.19,23.79,15.93,4.42,4.48,4.86
2024-08-16,0.0114393625547832,0.0619173930970291,0.2655900746611962,0.2233406937195057,0.03893110442516327,0.019776637306283235,14.8,-0.4299999999999997,-0.0282337491792514,19.9245,-0.7152693521903396,4.49,-0.0299999999999993,-0.3799999999999999,15.886315032332764,0.0,0,0.0,0.84,0.16,0,0,0.0062309409514926,0.0085268558089937,-0.000952570790789,0.2627865119381263,0.3076223138638829,0.2192574450008597,15.23,20.37,16.52,4.52,4.5,4.87
2024-08-19,0.0069168334780627,0.037165624875646,0.2663854995596408,0.2231021893753689,0.04393083333176656,0.024288873802209936,14.65,-0.1500000000000003,-0.0101351351351351,19.9115,-0.7186067094052688,4.48,-0.0099999999999997,-0.3999999999999994,15.622290158130745,0.0,0,0.0,0.845,0.155,0,0,0.0114393625547832,0.0018950864269577,0.0023836217468404,0.2655900746611962,0.2939686412557389,0.2120337268290109,14.8,20.71,14.91,4.49,4.47,4.88
2024-08-20,-0.0043166265532607,0.1007399862629526,0.267099040862631,0.2227298495679069,0.03115324967373617,0.019725204662378332,15.88,1.2300000000000004,0.0839590443686006,19.9695,-0.7211211782896685,4.43,-0.0500000000000007,-0.4199999999999999,15.54539480077919,0.0,0,0.0,0.8039999999999999,0.196,0,0,0.0069168334780627,0.0084874292894159,0.000237727308781,0.2663854995596408,0.2886943147654348,0.2094097135040428,14.65,18.12,14.72,4.48,4.4,4.85
2024-08-21,0.000373112585184,0.0972319137021866,0.2648611942388547,0.2197147790419432,0.02052613152289987,0.028405247528907534,16.27,0.3899999999999988,0.0245591939546598,19.881,-0.7171995681158262,4.36,-0.0699999999999994,-0.4599999999999999,15.464611585677403,0.0,0,0.0,0.791,0.2089999999999999,0,0,-0.0043166265532607,0.0110608853739619,-0.0082725920881776,0.267099040862631,0.2859506093027028,0.211848126412664,15.88,16.19,18.04,4.43,4.42,4.82
2024-08-22,0.009459330701526,0.1040257336629568,0.2663283579306991,0.2198192845736614,0.023729394004191967,0.037436853703583434,17.55,1.2800000000000011,0.0786724031960663,19.8355,-0.7020289951107881,4.43,0.0699999999999994,-0.4000000000000003,15.473186291578308,0.0,0,0.0,0.7483333333333333,0.2516666666666667,0,0,0.000373112585184,0.0062309409514926,0.0003833386640454,0.2648611942388547,0.2627865119381263,0.210853011656037,16.27,15.23,18.46,4.36,4.52,4.83
2024-08-23,0.0077552310687207,0.0918953299078781,0.2613575488795558,0.2194698857550488,0.020080280059588673,0.028198486741561536,15.86,-1.6900000000000013,-0.0962962962962963,19.809,-0.6963457034232771,4.36,-0.0699999999999994,-0.4299999999999997,15.791534279064964,0.0,0,0.0,0.8046666666666666,0.1953333333333333,0,0,0.009459330701526,0.0114393625547832,0.0171083810951511,0.2663283579306991,0.2655900746611962,0.2157513119663064,17.55,14.8,16.39,4.43,4.49,4.79
2024-08-26,0.0039392519852221,0.0883925702163404,0.2597580553449961,0.2193261812678461,0.01711877158505037,0.038700586310817534,16.15,0.2899999999999991,0.0182849936948297,19.7865,-0.7004605579606986,4.38,0.0199999999999995,-0.4100000000000001,15.445770381969366,0.0,0,0.0,0.795,0.2049999999999999,0,0,0.0077552310687207,0.0069168334780627,-0.0065490470207643,0.2613575488795558,0.2663854995596408,0.2137063190396131,15.86,14.65,16.6,4.36,4.48,4.79
2024-08-27,0.0046083390602349,0.055794583632585,0.2507860563776198,0.2172596613092803,0.026042494844319773,0.022924007875401036,15.43,-0.7199999999999989,-0.0445820433436532,19.6735,-0.7466534528938279,4.34,-0.04,-0.4400000000000004,15.461319164564598,0.0,0,0.0,0.819,0.181,0,0,0.0039392519852221,-0.0043166265532607,0.020583305124233,0.2597580553449961,0.267099040862631,0.2182156720549118,16.15,15.88,17.69,4.38,4.43,4.78
2024-08-28,0.005041276348253,0.0369991190362914,0.246795770030851,0.2170748401342077,0.03069806350926267,0.039121267815024736,17.11,1.6799999999999995,0.1088788075178224,19.711,-0.7716073185769439,4.36,0.0200000000000004,-0.3700000000000001,15.688297019529514,0.0,0,0.0,0.763,0.237,0,0,0.0046083390602349,0.000373112585184,-0.0111065104734104,0.2507860563776198,0.2648611942388547,0.2170941540414869,15.43,16.27,16.36,4.34,4.36,4.73
2024-08-29,0.0041574418978778,0.0243594748639686,0.2285123719524509,0.2148940981823366,0.025432015740762967,0.06627706929088123,15.65,-1.459999999999999,-0.0853302162478082,19.564,-0.7782606503137647,4.38,0.0199999999999995,-0.2400000000000002,15.674321170299846,0.0,0,0.0,0.8116666666666666,0.1883333333333333,0,0,0.005041276348253,0.009459330701526,-0.0227443354048295,0.246795770030851,0.2663283579306991,0.2335275627209719,17.11,17.55,18.59,4.36,4.43,4.62
2024-08-30,0.0116557088430477,0.0512829681147389,0.1491972060121521,0.2144337955928909,0.029295006227450567,0.12120308649346102,15.0,-0.6500000000000004,-0.0415335463258785,19.1445,-0.8751674580522236,4.38,0.0,0.0499999999999998,15.964256705870072,0.0,0,0.0,0.8333333333333334,0.1666666666666666,0,0,0.0041574418978778,0.0077552310687207,-0.0424120543232966,0.2285123719524509,0.2613575488795558,0.2767113260682287,15.65,15.86,23.39,4.38,4.36,4.33
2024-09-03,-0.0200178237359823,0.1946688406064101,0.1460464642602725,0.2191992193122169,0.005142597810679068,0.12250365899665162,20.72,5.719999999999999,0.3813333333333333,18.252,-0.8750356130024114,4.35,-0.0300000000000002,0.0099999999999997,16.007845533993155,0.0,0,0.0,0.6426666666666667,0.3573333333333333,0,0,0.0116557088430477,0.0039392519852221,-0.0212915331527872,0.1491972060121521,0.2597580553449961,0.2853717012189996,15.0,16.15,38.57,4.38,4.38,4.34
2024-09-04,-0.0044031115889664,0.1947708796080151,0.1266866112662458,0.2177891319999058,-0.003867989198928933,0.09056154123192722,21.32,0.6000000000000014,0.028957528957529,17.9325,-0.8259667280059049,4.23,-0.1199999999999992,-0.2299999999999995,15.815570766963909,0.0,0,0.0,0.6226666666666667,0.3773333333333333,0,0,-0.0200178237359823,0.0046083390602349,0.0279117159619461,0.1460464642602725,0.2507860563776198,0.3008423408269913,20.72,15.43,27.71,4.35,4.34,4.46
2024-09-05,-0.0077508141945489,0.1919396040383419,0.1333363951787956,0.2185418769378294,-0.016677608733004532,0.08248097683906014,19.9,-1.4200000000000017,-0.0666041275797374,17.535,-0.7403126256836364,4.21,-0.0200000000000004,-0.2400000000000002,15.903403907281897,0.0,0,0.0,0.67,0.3299999999999999,0,0,-0.0044031115889664,0.005041276348253,0.0002996013912617,0.1266866112662458,0.246795770030851,0.3007883618130494,21.32,17.11,27.85,4.23,4.36,4.45
2024-09-06,-0.023755901601971,0.2243017787607537,0.1566308975471844,0.2171649200965096,-0.04486905536911984,0.04033973853118343,22.38,2.4800000000000004,0.1246231155778894,17.464499999999997,-0.6955300228165658,4.1,-0.1100000000000003,-0.3800000000000008,15.866681346261359,0.0,0,0.0,0.5873333333333334,0.4126666666666666,0,0,-0.0077508141945489,0.0041574418978778,0.0182633877743703,0.1333363951787956,0.2285123719524509,0.3089859955828489,19.9,15.65,23.79,4.21,4.38,4.48
2024-09-09,0.0204744002643246,0.2767571838611904,0.1682354906160307,0.2178048250671186,-0.036189742227338034,0.052116648484864234,19.45,-2.93,-0.1309204647006255,17.4185,-0.7155978718272096,4.12,0.0200000000000004,-0.3799999999999999,16.005498010372996,0.0,0,0.0,0.685,0.3149999999999999,0,0,-0.023755901601971,0.0116557088430477,0.0085268558089937,0.1566308975471844,0.1491972060121521,0.3076223138638829,22.38,15.0,20.37,4.1,4.38,4.5
2024-09-10,-0.0518887929251035,0.4310150501573149,0.2602046796009652,0.244815408629708,-0.06925232382474612,-0.0030601210972503734,19.08,-0.370000000000001,-0.0190231362467866,17.337,-0.4302945660874661,4.07,-0.0499999999999998,-0.3999999999999994,17.162142666571174,0.0,0,0.0,0.6973333333333334,0.3026666666666666,1,0,0.0204744002643246,-0.0200178237359823,0.0018950864269577,0.1682354906160307,0.1460464642602725,0.2939686412557389,19.45,20.72,20.71,4.12,4.35,4.47
2024-09-11,0.0081242203682301,0.4566438479671444,0.2600497857932867,0.245233136628118,-0.05674809344197532,-0.00342033812284857,17.69,-1.389999999999997,-0.0728511530398321,17.3155,-0.4262621818986937,4.12,0.0499999999999998,-0.2800000000000002,16.42988731241671,0.0,0,0.0,0.7436666666666667,0.2563333333333333,0,0,-0.0518887929251035,-0.0044031115889664,0.0084874292894159,0.2602046796009652,0.1266866112662458,0.2886943147654348,19.08,21.32,18.12,4.07,4.23,4.4
2024-09-12,-0.0030401095277277,0.4601997690076692,0.2568062096231621,0.245163976624508,-0.05201182561677373,-0.01746523931761597,17.07,-0.620000000000001,-0.035048049745619,17.3595,-0.4008142645351162,4.09,-0.0300000000000002,-0.33,16.01876149581393,0.0,0,0.0,0.7643333333333333,0.2356666666666667,0,0,0.0081242203682301,-0.0077508141945489,0.0110608853739619,0.2600497857932867,0.1333363951787956,0.2859506093027028,17.69,19.9,16.19,4.12,4.21,4.42
2024-09-13,-0.0110357340726403,0.4449506349189644,0.2578203922623605,0.2456384639853371,-0.03906628212692323,-0.03477392775108837,16.56,-0.5100000000000016,-0.0298769771528999,17.426,-0.3760566826671348,4.0,-0.0899999999999998,-0.5199999999999996,16.14051260302557,0.0,0,0.0,0.7813333333333334,0.2186666666666665,0,0,-0.0030401095277277,-0.023755901601971,0.0062309409514926,0.2568062096231621,0.1566308975471844,0.2627865119381263,17.07,22.38,15.23,4.09,4.1,4.52
2024-09-16,0.0173256179791545,0.4330451119620241,0.2625149463895572,0.2474600290817516,-0.042156658771342025,-0.028971114711641065,17.14,0.5800000000000018,0.0350241545893721,17.543,-0.3426605662312565,3.96,-0.04,-0.5300000000000002,15.97132280452904,0.0,0,0.0,0.762,0.238,0,0,-0.0110357340726403,0.0204744002643246,0.0114393625547832,0.2578203922623605,0.1682354906160307,0.2655900746611962,16.56,19.45,14.8,4.0,4.12,4.49
2024-09-17,0.0066872005381457,0.1728164603115691,0.2624200538138479,0.2462750274431332,0.01779175819088577,-0.02919919623813117,17.61,0.4699999999999988,0.0274212368728121,17.691,-0.3341728363738854,3.99,0.0300000000000002,-0.4900000000000002,15.840139593773804,0.0,0,0.0,0.7463333333333333,0.2536666666666667,0,0,0.0173256179791545,-0.0518887929251035,0.0069168334780627,0.2625149463895572,0.2602046796009652,0.2663854995596408,17.14,19.08,14.65,3.96,4.07,4.48
2024-09-18,-0.0082197759712885,0.1843768579536993,0.2633576995211198,0.2457486706883456,0.001446617041282473,-0.03312697075530227,18.23,0.620000000000001,0.0352072685973878,17.808500000000002,-0.3348229905242765,3.95,-0.04,-0.4799999999999995,15.92692315995318,0.0,0,0.0,0.7256666666666667,0.2743333333333333,0,0,0.0066872005381457,0.0081242203682301,-0.0043166265532607,0.2624200538138479,0.2600497857932867,0.267099040862631,17.61,17.69,15.88,3.99,4.12,4.43
2024-09-19,0.0142147578813816,0.2040253611168991,0.2692142462250274,0.2470303962580591,0.018606032615714873,-0.019385338224800965,16.33,-1.900000000000002,-0.1042238069116842,17.811500000000002,-0.3675543137489701,3.93,-0.02,-0.4300000000000001,16.269545630031278,0.0,0,0.0,0.789,0.2109999999999999,0,0,-0.0082197759712885,-0.0030401095277277,0.000373112585184,0.2633576995211198,0.2568062096231621,0.2648611942388547,18.23,17.07,16.27,3.95,4.09,4.36
2024-09-20,0.0028981368904157,0.1592777046973851,0.2668630461189969,0.2468896746647013,0.03259705753536207,-0.025906264219918266,16.15,-0.1799999999999997,-0.0110226576852419,17.7415,-0.3988794010819365,3.92,-0.0100000000000002,-0.5099999999999998,16.854541803794667,0.0,0,0.0,0.795,0.2049999999999999,0,0,0.0142147578813816,-0.0110357340726403,0.009459330701526,0.2692142462250274,0.2578203922623605,0.2663283579306991,16.33,16.56,17.55,3.93,4.0,4.43
2024-09-23,0.0016580823700795,0.1291037364086889,0.265005278647011,0.2463882517850579,0.01707652597903947,-0.03197486879219027,15.89,-0.259999999999998,-0.0160990712074302,17.743,-0.3854475873558871,3.91,-0.0099999999999997,-0.4500000000000002,15.79285029638861,0.0,0,0.0,0.8036666666666666,0.1963333333333333,0,0,0.0028981368904157,0.0173256179791545,0.0077552310687207,0.2668630461189969,0.2625149463895572,0.2613575488795558,16.15,17.14,15.86,3.92,3.96,4.36
2024-09-24,0.0007093444951504,0.1265579857496726,0.2643594437906709,0.2445775646368556,0.011120678612084071,-0.03519728921109747,15.39,-0.5,-0.0314663310258024,17.705000000000002,-0.3902630772016935,3.88,-0.0300000000000002,-0.5,15.806558085433831,0.0,0,0.0,0.8203333333333334,0.1796666666666666,0,0,0.0016580823700795,0.0066872005381457,0.0039392519852221,0.265005278647011,0.2624200538138479,0.2597580553449961,15.89,17.61,16.15,3.91,3.99,4.38
2024-09-25,-0.0066165069562371,0.1183889492709646,0.2637835831872356,0.2430756133039205,0.01273593014005187,-0.046433535459570165,15.41,0.0199999999999995,0.0012995451591941,17.704,-0.3834829169854197,3.89,0.0100000000000002,-0.4499999999999997,16.01012072069501,0.0,0,0.0,0.8196666666666667,0.1803333333333333,0,0,0.0007093444951504,-0.0082197759712885,0.0046083390602349,0.2643594437906709,0.2633576995211198,0.2507860563776198,15.39,18.23,15.43,3.88,3.95,4.34
2024-09-26,-0.0019507433521318,0.0600746876681051,0.2623636765846665,0.2408623471017142,-0.00333139391646533,-0.05341479565052897,15.37,-0.0400000000000009,-0.0025957170668398,17.616999999999997,-0.4196778817029828,3.96,0.0699999999999998,-0.4000000000000003,15.870595496221336,0.0,0,0.0,0.8210000000000001,0.1789999999999999,0,0,-0.0066165069562371,0.0142147578813816,0.005041276348253,0.2637835831872356,0.2692142462250274,0.246795770030851,15.41,16.33,17.11,3.89,3.93,4.36
2024-09-27,0.0034323728712328,0.0621462618042944,0.2621270786157509,0.2409477760555829,-0.00279884358057193,-0.05413712354125317,16.96,1.5900000000000016,0.1034482758620691,17.682499999999997,-0.381921840173178,3.9,-0.06,-0.48,15.766052961543082,0.0,0,0.0,0.768,0.2319999999999999,0,0,-0.0019507433521318,0.0028981368904157,0.0041574418978778,0.2623636765846665,0.2668630461189969,0.2285123719524509,15.37,16.15,15.65,3.96,3.92,4.38
2024-09-30,0.0017103159933997,0.0622644198978219,0.2572822241056651,0.2392945329254296,-0.00274669778115263,-0.06401657280079347,16.73,-0.2300000000000004,-0.013561320754717,17.769,-0.3716262549741616,3.98,0.08,-0.3999999999999999,15.974664098793456,0.0,0,0.0,0.7756666666666666,0.2243333333333333,0,0,0.0034323728712328,0.0016580823700795,0.0116557088430477,0.2621270786157509,0.265005278647011,0.1491972060121521,16.96,15.89,15.0,3.9,3.91,4.38
2024-10-01,-0.0181165078398219,0.1380000671851347,0.2556685131773915,0.2423421841416418,-0.02173841189817283,-0.062078298919949364,19.26,2.530000000000001,0.151225343693963,17.695999999999998,-0.3686380472745376,3.96,-0.02,-0.3899999999999997,15.96028339239271,0.0,0,0.0,0.6913333333333334,0.3086666666666666,0,0,0.0017103159933997,0.0007093444951504,-0.0200178237359823,0.2572822241056651,0.2643594437906709,0.1460464642602725,16.73,15.39,20.72,3.98,3.88,4.35
2024-10-02,0.0012075449905351,0.1410021106445466,0.2560648039435847,0.241111728005016,-0.01389310233077453,-0.056458648591415764,18.9,-0.360000000000003,-0.0186915887850468,17.575,-0.3705025763135721,3.97,0.0100000000000002,-0.2600000000000002,15.575246194257497,0.0,0,0.0,0.7033333333333334,0.2966666666666666,0,0,-0.0181165078398219,-0.0066165069562371,-0.0044031115889664,0.2556685131773915,0.2637835831872356,0.1266866112662458,19.26,15.41,21.32,3.96,3.89,4.23
2024-10-03,-0.0099377281215229,0.1493288630897605,0.2567502933982132,0.2419653203305194,-0.021927890745079927,-0.05866507766260436,20.49,1.59,0.084126984126984,17.6045,-0.4066306057303841,4.02,0.0499999999999993,-0.1900000000000004,15.796691459007803,0.0,0,0.0,0.6503333333333334,0.3496666666666665,0,0,0.0012075449905351,-0.0019507433521318,-0.0077508141945489,0.2560648039435847,0.2623636765846665,0.1333363951787956,18.9,15.37,19.9,3.97,3.96,4.21
2024-10-04,0.0354936713764149,0.3211140539813971,0.2768949565175879,0.252389716955299,0.009523903706075275,0.0002558355339419352,19.21,-1.2799999999999976,-0.0624694973157636,17.446,-0.3759217018379357,4.2,0.1800000000000006,0.1000000000000005,16.139044777635586,1.25,1,0.1904761904761904,0.693,0.307,1,0,-0.0099377281215229,0.0034323728712328,-0.023755901601971,0.2567502933982132,0.2621270786157509,0.1566308975471844,20.49,16.96,22.38,4.02,3.9,4.1
2024-10-07,-0.0013730603054191,0.3219772408548174,0.2663539225247764,0.2510583866066412,0.006441044821065075,-0.021385785752390363,22.64,3.43,0.178552837064029,17.6055,-0.248956448921518,4.24,0.04,0.1200000000000001,15.720435157458269,0.0,0,0.0,0.5786666666666667,0.4213333333333333,0,0,0.0354936713764149,0.0017103159933997,0.0204744002643246,0.2768949565175879,0.2572822241056651,0.1682354906160307,19.21,16.73,19.45,4.2,3.98,4.12
2024-10-08,-0.0008532740279538,0.2756823648004678,0.1815556430748612,0.2460145011696976,0.023870027635378176,0.03104405254017493,21.42,-1.2199999999999989,-0.0538869257950529,17.7225,-0.449936980135643,4.21,-0.0300000000000002,0.1399999999999996,15.610896941977968,0.0,0,0.0,0.6193333333333333,0.3806666666666667,0,0,-0.0013730603054191,-0.0181165078398219,-0.0518887929251035,0.2663539225247764,0.2556685131773915,0.2602046796009652,22.64,19.26,19.08,4.24,3.96,4.07
2024-10-09,0.01266891946974,0.2782348431013894,0.1843843402583895,0.2449314104485513,0.03525255126838628,0.03554199611894583,20.86,-0.5600000000000023,-0.0261437908496733,17.881,-0.4466136949249132,4.24,0.0300000000000002,0.1200000000000001,15.7648435566661,0.0,0,0.0,0.638,0.362,0,0,-0.0008532740279538,0.0012075449905351,0.0081242203682301,0.1815556430748612,0.2560648039435847,0.2600497857932867,21.42,18.9,17.69,4.21,3.97,4.12
2024-10-10,-0.0027175910145789,0.2539227501433536,0.18427569590238,0.24298096487514,0.04251869784393368,0.03586544579810303,20.93,0.0700000000000002,0.0033557046979866,18.074,-0.4639960695673544,4.22,-0.0200000000000004,0.1299999999999999,15.885797953002157,0.0,0,0.0,0.6356666666666666,0.3643333333333334,0,0,0.01266891946974,-0.0099377281215229,-0.0030401095277277,0.1843843402583895,0.2567502933982132,0.2568062096231621,20.86,20.49,17.07,4.24,4.02,4.09
2024-10-11,0.044399524066742,0.3108572752373958,0.2297558224072768,0.2497525591957231,0.05108250981133758,0.09040462747220274,20.46,-0.4699999999999988,-0.0224558050645006,18.269,-0.4782343347939976,4.18,-0.04,0.1799999999999997,16.723542180670343,0.0,0,0.0,0.6513333333333333,0.3486666666666667,1,0,-0.0027175910145789,0.0354936713764149,-0.0110357340726403,0.18427569590238,0.2768949565175879,0.2578203922623605,20.93,19.21,16.56,4.22,4.2,4.0
2024-10-14,-0.0036437546298732,0.3165720936593847,0.2264083691735137,0.2499061504601651,0.048806104353869076,0.06957697737282073,19.7,-0.7600000000000016,-0.0371456500488759,18.397,-0.4780665736173722,4.18,0.0,0.2199999999999997,16.018153871838017,0.0,0,0.0,0.6766666666666667,0.3233333333333332,0,0,0.044399524066742,-0.0013730603054191,0.0173256179791545,0.2297558224072768,0.2663539225247764,0.2625149463895572,20.46,22.64,17.14,4.18,4.24,3.96
2024-10-15,0.0041086675239383,0.3079432889903552,0.2261125214456826,0.2499713770538,0.05375999262551508,0.06701228697480424,20.64,0.9400000000000012,0.0477157360406093,18.5485,-0.4775034562576629,4.18,0.0,0.1899999999999995,16.038597903100538,0.0,0,0.0,0.6453333333333333,0.3546666666666667,0,0,-0.0036437546298732,-0.0008532740279538,0.0066872005381457,0.2264083691735137,0.1815556430748612,0.2624200538138479,19.7,21.42,17.61,4.18,4.21,3.99
2024-10-16,0.0056207141415129,0.3093068589011118,0.2219929656606876,0.2501402094481457,0.046775629368068776,0.08087100844573213,19.58,-1.0600000000000025,-0.0513565891472869,18.616,-0.4684461636145209,4.17,-0.0099999999999997,0.2199999999999997,15.66907058477618,0.0,0,0.0,0.6806666666666668,0.3193333333333332,0,0,0.0041086675239383,0.01266891946974,-0.0082197759712885,0.2261125214456826,0.1843843402583895,0.2633576995211198,20.64,20.86,18.23,4.18,4.24,3.95
2024-10-17,0.0034877820573617,0.2969365576354185,0.2187803399600187,0.2494073567730189,0.052978633587999084,0.07023804677038722,19.11,-0.4699999999999988,-0.0240040858018385,18.755,-0.4399667539824256,4.21,0.04,0.2799999999999998,15.682717732455119,0.0,0,0.0,0.6963333333333334,0.3036666666666666,0,0,0.0056207141415129,-0.0027175910145789,0.0142147578813816,0.2219929656606876,0.18427569590238,0.2692142462250274,19.58,20.93,16.33,4.17,4.22,3.93
2024-10-18,0.0042330687636016,0.0581361247316285,0.2187814594775756,0.2494698841271187,0.013760665977396783,0.07156823591423743,18.03,-1.0799999999999983,-0.0565149136577707,18.849,-0.4336775336597069,4.19,-0.0199999999999995,0.2700000000000004,15.761492275887047,0.0,0,0.0,0.7323333333333333,0.2676666666666667,0,0,0.0034877820573617,0.044399524066742,0.0028981368904157,0.2187803399600187,0.2297558224072768,0.2668630461189969,19.11,20.46,16.15,4.21,4.18,3.92
2024-10-21,-0.0105159755949709,0.1066661551734958,0.2244388385418491,0.2485060653109408,0.006839416062781585,0.059339867456562834,18.37,0.3399999999999998,0.0188574597892401,18.973000000000003,-0.4337511761578609,4.24,0.0499999999999998,0.33,15.585365362162015,0.0,0,0.0,0.721,0.279,0,0,0.0042330687636016,-0.0036437546298732,0.0016580823700795,0.2187814594775756,0.2264083691735137,0.265005278647011,18.03,19.7,15.89,4.19,4.18,3.91
2024-10-22,0.0050223266090476,0.1083165871324938,0.2243841687339297,0.2481469476844027,0.007748922860256882,0.06364053122297703,18.2,-0.1700000000000017,-0.0092542188350572,19.1135,-0.4444566466617712,4.24,0.0,0.3600000000000003,16.075897814568222,0.0,0,0.0,0.7266666666666667,0.2733333333333333,0,0,-0.0105159755949709,0.0041086675239383,0.0007093444951504,0.2244388385418491,0.2261125214456826,0.2643594437906709,18.37,20.64,15.39,4.24,4.18,3.88
2024-10-23,-0.0031677344476047,0.1055022029946659,0.2227033159344021,0.2450153129982305,-0.0010288163489847175,0.06710626195669553,19.24,1.0399999999999991,0.0571428571428571,19.305,-0.4645074290105788,4.27,0.0299999999999993,0.3799999999999994,15.636909894109209,0.0,0,0.0,0.6920000000000001,0.3079999999999999,0,0,0.0050223266090476,0.0056207141415129,-0.0066165069562371,0.2243841687339297,0.2219929656606876,0.2637835831872356,18.2,19.58,15.41,4.24,4.17,3.89
2024-10-24,0.0070273078668341,0.1157216260148496,0.2221403806641374,0.2440755569943407,0.0024922012091543825,0.07606164189600693,19.08,-0.1600000000000001,-0.0083160083160083,19.4905,-0.4738569914147268,4.25,-0.0199999999999995,0.29,15.607636793258765,0.0,0,0.0,0.6973333333333334,0.3026666666666666,0,0,-0.0031677344476047,0.0034877820573617,-0.0019507433521318,0.2227033159344021,0.2187803399600187,0.2623636765846665,19.24,19.11,15.37,4.27,4.21,3.96
2024-10-25,-0.0118677501834896,0.1377332561550208,0.2290732994596039,0.2404470404518284,-0.013670667425416616,0.06069641206939273,20.33,1.25,0.0655136268343816,19.659,-0.5184779546583457,4.29,0.04,0.3900000000000001,15.667063087671178,0.0,0,0.0,0.6556666666666667,0.3443333333333332,0,0,0.0070273078668341,0.0042330687636016,0.0034323728712328,0.2221403806641374,0.2187814594775756,0.2621270786157509,19.08,18.03,16.96,4.25,4.19,3.9
2024-10-28,0.0143493603637199,0.1597077989508576,0.2324101203436752,0.2232187446776554,0.011148374440802182,0.07323493967851763,19.8,-0.5299999999999976,-0.026069847515986,19.8125,-0.5322863230751426,4.28,-0.0099999999999997,0.3000000000000002,15.73873693606936,0.0,0,0.0,0.6733333333333333,0.3266666666666666,0,0,-0.0118677501834896,-0.0105159755949709,0.0017103159933997,0.2290732994596039,0.2244388385418491,0.2572822241056651,20.33,18.37,16.73,4.29,4.24,3.98
2024-10-29,-0.0115299985577518,0.1832727653878152,0.2251353476716998,0.2196165870794569,-0.005458366741458117,0.07992057637969173,19.34,-0.4600000000000008,-0.0232323232323232,19.8165,-0.3977649334101775,4.29,0.0099999999999997,0.33,15.699545455277173,0.0,0,0.0,0.6886666666666666,0.3113333333333333,0,0,0.0143493603637199,0.0050223266090476,-0.0181165078398219,0.2324101203436752,0.2243841687339297,0.2556685131773915,19.8,18.2,19.26,4.28,4.24,3.96
2024-10-30,0.0067743316842565,0.1896062539791701,0.2250845506014773,0.2134797593946258,0.0044658846016755824,0.08546524888914564,20.35,1.0100000000000016,0.0522233712512927,19.889,-0.3885292287980075,4.28,-0.0099999999999997,0.31,15.77713951667621,0.0,0,0.0,0.655,0.345,0,0,-0.0115299985577518,-0.0031677344476047,0.0012075449905351,0.2251353476716998,0.2227033159344021,0.2560648039435847,19.34,19.24,18.9,4.29,4.27,3.97
2024-10-31,-0.0110957351868197,0.1964499946492284,0.2261040105949319,0.2151526521050874,-0.013694598839131617,0.08429493380195524,23.16,2.8099999999999987,0.1380835380835379,20.0225,-0.4109789150104057,4.27,-0.0100000000000006,0.25,15.873460424208893,0.0,0,0.0,0.5613333333333334,0.4386666666666666,0,0,0.0067743316842565,0.0070273078668341,-0.0099377281215229,0.2250845506014773,0.2221403806641374,0.2567502933982132,20.35,19.08,20.49,4.28,4.25,4.02
2024-11-01,0.0045964326179726,0.1822087643139842,0.1950528011133908,0.2125474294349766,0.0028300365437711828,0.05400254490708863,21.88,-1.2800000000000011,-0.0552677029360967,20.156,-0.3363469228169478,4.28,0.0100000000000006,0.08,15.750432124512512,0.0,0,0.0,0.6040000000000001,0.3959999999999999,0,0,-0.0110957351868197,-0.0118677501834896,0.0354936713764149,0.2261040105949319,0.2290732994596039,0.2768949565175879,23.16,20.33,19.21,4.27,4.29,4.2
2024-11-04,-0.0141743400659254,0.1582220792248481,0.203806881060234,0.2144963248432341,-0.02569310162976462,0.041100793227687935,21.98,0.1000000000000014,0.0045703839122486,20.123,-0.3585019185190878,4.25,-0.0300000000000002,0.0099999999999997,15.923248090311539,0.0,0,0.0,0.6006666666666667,0.3993333333333333,0,0,0.0045964326179726,0.0143493603637199,-0.0013730603054191,0.1950528011133908,0.2324101203436752,0.2663539225247764,21.88,19.8,22.64,4.28,4.28,4.24
2024-11-05,0.0077804448571414,0.1677973010073889,0.2044655209794777,0.2149129636903547,-0.0063457839603392185,0.04970476478397433,20.49,-1.490000000000002,-0.0677888989990901,20.0765,-0.3938685578228715,4.27,0.0199999999999995,0.0599999999999996,15.538402326442622,0.0,0,0.0,0.6503333333333334,0.3496666666666665,0,0,-0.0141743400659254,-0.0115299985577518,-0.0008532740279538,0.203806881060234,0.2251353476716998,0.1815556430748612,21.98,19.34,21.42,4.25,4.29,4.21
2024-11-06,0.1154454128627904,0.8131935632809077,0.4306381574377571,0.3082641231179557,0.09615652559908308,0.14636922321984241,16.27,-4.219999999999999,-0.2059541239629087,19.847,-0.7255767906333953,4.31,0.04,0.0699999999999994,16.993055967421554,0.0,0,0.0,0.791,0.2089999999999999,1,0,0.0077804448571414,0.0067743316842565,0.01266891946974,0.2044655209794777,0.2250845506014773,0.1843843402583895,20.49,20.35,20.86,4.27,4.28,4.24
2024-11-07,-0.0432282793594699,0.9180202121231684,0.4670774055808091,0.3225467116012259,0.06312382522130278,0.10490006117932432,15.2,-1.0700000000000005,-0.0657652120467117,19.5605,-0.5857237464384428,4.28,-0.0299999999999993,0.0600000000000005,16.61590296302712,0.0,0,0.0,0.8266666666666667,0.1733333333333333,1,0,0.1154454128627904,-0.0110957351868197,-0.0027175910145789,0.4306381574377571,0.2261040105949319,0.18427569590238,16.27,23.16,20.93,4.31,4.27,4.22
2024-11-08,0.0025381971392834,0.9192662706199568,0.4447446410358389,0.3224323309695501,0.06107290529831158,0.06399294039406263,14.94,-0.2599999999999998,-0.0171052631578947,19.2845,-0.6055372278224603,4.32,0.04,0.1400000000000005,16.067023490013703,0.0,0,0.0,0.8353333333333334,0.1646666666666666,0,0,-0.0432282793594699,0.0045964326179726,0.044399524066742,0.4670774055808091,0.1950528011133908,0.2297558224072768,15.2,21.88,20.46,4.28,4.28,4.18
2024-11-11,0.0097476451282081,0.8910645265361926,0.4445421756699922,0.3222425100136478,0.08504910411937189,0.07734379299319073,14.97,0.0300000000000011,0.002008032128514,19.048,-0.6096677510631838,4.32,0.0,0.1400000000000005,16.01463344348397,0.0,0,0.0,0.8343333333333334,0.1656666666666666,0,0,0.0025381971392834,-0.0141743400659254,-0.0036437546298732,0.4447446410358389,0.203806881060234,0.2264083691735137,14.94,21.98,19.7,4.32,4.25,4.18
2024-11-12,0.0011283845510245,0.8966231119828856,0.4446467135849813,0.322082561596875,0.07842651924021628,0.07437129139867552,14.71,-0.2599999999999998,-0.0173680694722778,18.7515,-0.6221688728702448,4.38,0.0599999999999996,0.2000000000000001,15.741363907424365,0.0,0,0.0,0.843,0.157,0,0,0.0097476451282081,0.0077804448571414,0.0041086675239383,0.4445421756699922,0.2044655209794777,0.2261125214456826,14.97,20.49,20.64,4.32,4.27,4.18
2024-11-13,0.006678832306985,0.353369116376131,0.4447215525160457,0.3219666195860297,-0.024170651604336513,0.07542294224743713,14.02,-0.6900000000000013,-0.0469068660774983,18.4735,-0.6238728494393049,4.31,-0.0700000000000002,0.1399999999999996,16.255472228873302,0.0,0,0.0,0.866,0.134,0,0,0.0011283845510245,0.1154454128627904,0.0056207141415129,0.4446467135849813,0.4306381574377571,0.2219929656606876,14.71,16.27,19.58,4.38,4.31,4.17
2024-11-14,0.0029441692356364,0.0557423947319862,0.4447303893231383,0.3219523951600904,0.022959644462431584,0.07488107205375684,14.31,0.2900000000000009,0.0206847360912982,18.2335,-0.6210960954507725,4.36,0.0500000000000007,0.1500000000000003,16.135169165454755,0.0,0,0.0,0.8563333333333333,0.1436666666666667,0,0,0.006678832306985,-0.0432282793594699,0.0034877820573617,0.4447215525160457,0.4670774055808091,0.2187803399600187,14.02,15.2,19.11,4.31,4.28,4.21
2024-11-15,0.0142224951276557,0.082891945967469,0.4462573692634096,0.3225534764951986,0.034546967407188385,0.08477924182385424,16.14,1.83,0.1278825995807126,18.139,-0.5353413572496076,4.34,-0.0200000000000004,0.1499999999999994,16.259491127954224,0.0,0,0.0,0.7953333333333333,0.2046666666666666,0,0,0.0029441692356364,0.0025381971392834,0.0042330687636016,0.4447303893231383,0.4447446410358389,0.2187814594775756,14.31,14.94,18.03,4.36,4.32,4.19
2024-11-18,-0.0011414074911064,0.0947791340784609,0.4433524330737303,0.3224135400936391,0.02370446468927198,0.09420884161968113,15.58,-0.5600000000000005,-0.0346964064436183,17.9995,-0.5247099999372208,4.33,-0.0099999999999997,0.0899999999999998,16.018430110324633,0.0,0,0.0,0.8140000000000001,0.1859999999999999,0,0,0.0142224951276557,0.0097476451282081,-0.0105159755949709,0.4462573692634096,0.4445421756699922,0.2244388385418491,16.14,14.97,18.37,4.34,4.32,4.24
2024-11-19,-0.0079173971194995,0.1314059540196228,0.4456168436065066,0.3230324067387378,0.014627810154418882,0.08125017869283753,16.35,0.7700000000000014,0.0494223363286265,17.907,-0.5314728128719228,4.34,0.0099999999999997,0.0999999999999996,15.73135921130599,0.0,0,0.0,0.7883333333333333,0.2116666666666666,0,0,-0.0011414074911064,0.0011283845510245,0.0050223266090476,0.4433524330737303,0.4446467135849813,0.2243841687339297,15.58,14.71,18.2,4.33,4.38,4.24
2024-11-20,-0.0095026407022908,0.1512749934076567,0.4475601381245805,0.3238143107962553,-0.0015768964410468184,0.07487486215537503,17.16,0.8099999999999987,0.0495412844036695,17.803,-0.538206621808466,4.37,0.0300000000000002,0.1000000000000005,16.014433802858612,0.0,0,0.0,0.7613333333333333,0.2386666666666667,0,0,-0.0079173971194995,0.006678832306985,-0.0031677344476047,0.4456168436065066,0.4447215525160457,0.2227033159344021,16.35,14.02,19.24,4.34,4.31,4.27
2024-11-21,0.0165296177474212,0.193717431459257,0.4497036466096767,0.3251644180075288,0.01187775055040848,0.08426662139501093,16.87,-0.2899999999999991,-0.0168997668997668,17.692500000000003,-0.539069510277546,4.39,0.0199999999999995,0.1399999999999996,15.9883856332854,0.0,0,0.0,0.7709999999999999,0.2290000000000001,0,0,-0.0095026407022908,0.0029441692356364,0.0070273078668341,0.4475601381245805,0.4447303893231383,0.2221403806641374,17.16,14.31,19.08,4.37,4.36,4.25
2024-11-22,0.0154846254265441,0.1986079625277614,0.4471335675022748,0.3263237075984889,0.01312140826711418,0.11157131751638502,15.24,-1.6300000000000008,-0.0966212211025489,17.438,-0.5284195716823992,4.42,0.0300000000000002,0.1299999999999999,15.894614667720361,0.0,0,0.0,0.8253333333333334,0.1746666666666666,0,0,0.0165296177474212,0.0142224951276557,-0.0118677501834896,0.4497036466096767,0.4462573692634096,0.2290732994596039,16.87,16.14,20.33,4.39,4.34,4.29
2024-11-25,0.0070005242254798,0.1972667650742356,0.4460073609329937,0.3258795928942686,0.02123960197755478,0.10430006915643372,14.6,-0.6400000000000006,-0.0419947506561679,17.178,-0.5261458052980237,4.37,-0.0499999999999998,0.0899999999999998,16.14720784863252,0.0,0,0.0,0.8466666666666667,0.1533333333333333,0,0,0.0154846254265441,-0.0011414074911064,0.0143493603637199,0.4471335675022748,0.4433524330737303,0.2324101203436752,15.24,15.58,19.8,4.42,4.33,4.28
2024-11-26,-0.0012785018173617,0.1758019278111726,0.4423376789754267,0.3226862314629989,0.027909188310652082,0.11461773374494773,14.1,-0.5,-0.0342465753424657,16.916,-0.5305473884035657,4.37,0.0,0.08,15.642009721972371,0.0,0,0.0,0.8633333333333333,0.1366666666666667,0,0,0.0070005242254798,-0.0079173971194995,-0.0115299985577518,0.4460073609329937,0.4456168436065066,0.2251353476716998,14.6,16.35,19.34,4.37,4.34,4.29
2024-11-27,-0.000720137161758,0.1341829482829927,0.4429038084824341,0.3224513020116345,0.036736870602230985,0.10714584815593042,14.1,0.0,0.0,16.6035,-0.5444129168237082,4.34,-0.0300000000000002,0.0599999999999996,15.515209744081618,0.0,0,0.0,0.8633333333333333,0.1366666666666667,0,0,-0.0012785018173617,-0.0095026407022908,0.0067743316842565,0.4423376789754267,0.4475601381245805,0.2250845506014773,14.1,17.16,20.35,4.37,4.37,4.28
2024-11-29,-0.0002801391762806,0.1140633329907611,0.4391917037637047,0.321818548352873,0.020062201530717482,0.11802342176486003,13.51,-0.5899999999999999,-0.0418439716312056,16.121,-0.5448906204006804,4.3,-0.04,0.0300000000000002,15.519312930423416,0.0,0,0.0,0.883,0.1169999999999999,0,0,-0.000720137161758,0.0165296177474212,-0.0110957351868197,0.4429038084824341,0.4497036466096767,0.2261040105949319,14.1,16.87,23.16,4.34,4.39,4.27
2024-12-02,-0.0138955819582596,0.1202223838504008,0.4448446737790832,0.3189385842665784,-0.009296789823773218,0.09944449114884063,13.34,-0.1699999999999999,-0.0125832716506291,15.694,-0.5477098113566359,4.3,0.0,0.0199999999999995,16.00152823863241,0.0,0,0.0,0.8886666666666667,0.1113333333333332,0,0,-0.0002801391762806,0.0154846254265441,0.0045964326179726,0.4391917037637047,0.4471335675022748,0.1950528011133908,13.51,15.24,21.88,4.3,4.42,4.28
2024-12-03,-0.0058071199838433,0.0919842795874842,0.440989299980634,0.317229727471161,-0.022096971009344518,0.10789619977685383,13.3,-0.0399999999999991,-0.0029985007496251,15.26,-0.5446571807992221,4.27,-0.0300000000000002,0.0199999999999995,15.7112847877278,0.0,0,0.0,0.89,0.1099999999999999,0,0,-0.0138955819582596,0.0070005242254798,-0.0141743400659254,0.4448446737790832,0.4460073609329937,0.203806881060234,13.34,14.6,21.98,4.3,4.37,4.25
2024-12-04,-0.0058002441786803,0.0877698623597252,0.442654696902264,0.2960236657675203,-0.026634782136040418,0.09432873556924652,13.45,0.1499999999999985,0.0112781954887217,14.908,-0.5530671029009852,4.23,-0.0399999999999991,-0.0399999999999991,15.809707479202409,0.0,0,0.0,0.885,0.1149999999999999,0,0,-0.0058071199838433,-0.0012785018173617,0.0077804448571414,0.440989299980634,0.4423376789754267,0.2044655209794777,13.3,14.1,20.49,4.27,4.37,4.27
2024-12-05,0.0085456007004769,0.1317351131081727,0.2108618139711391,0.2960560968557139,-0.01740509179965672,-0.006415769242809373,13.54,0.0899999999999998,0.0066914498141263,14.771499999999998,0.1430886401432263,4.23,0.0,-0.0799999999999991,15.698404987735268,0.0,0,0.0,0.882,0.118,0,0,-0.0058002441786803,-0.000720137161758,0.1154454128627904,0.442654696902264,0.4429038084824341,0.4306381574377571,13.45,14.1,16.27,4.23,4.34,4.31
2024-12-06,0.0076585760620926,0.1539389908483475,0.1341441634281427,0.2959449612874892,-0.009495515328624218,0.04540408121493303,12.77,-0.7699999999999996,-0.0568685376661742,14.65,-0.1604383520376968,4.19,-0.04,-0.0899999999999998,15.523834250119544,0.0,0,0.0,0.9076666666666666,0.0923333333333333,0,0,0.0085456007004769,-0.0002801391762806,-0.0432282793594699,0.2108618139711391,0.4391917037637047,0.4670774055808091,13.54,13.51,15.2,4.23,4.3,4.28
2024-12-09,-0.0143516154407721,0.1562461900892567,0.1466720374405096,0.296712294323089,-0.009958081924236218,0.028413503926292827,14.19,1.42,0.1111981205951448,14.6125,-0.3256669170374925,4.2,0.0099999999999997,-0.1200000000000001,15.772290134468816,0.0,0,0.0,0.8603333333333334,0.1396666666666666,0,0,0.0076585760620926,-0.0138955819582596,0.0025381971392834,0.1341441634281427,0.4448446737790832,0.4447446410358389,12.77,13.34,14.94,4.19,4.3,4.32
2024-12-10,-0.003896546167746,0.153855636561753,0.1444186879178907,0.2955674179287844,-0.008038192538454617,0.014808903119027324,14.18,-0.0099999999999997,-0.0007047216349541,14.573000000000002,-0.3341230573282289,4.22,0.0199999999999995,-0.1000000000000005,16.024696753489703,0.0,0,0.0,0.8606666666666667,0.1393333333333333,0,0,-0.0143516154407721,-0.0058071199838433,0.0097476451282081,0.1466720374405096,0.440989299980634,0.4445421756699922,14.19,13.3,14.97,4.2,4.27,4.32
2024-12-11,0.0027589315030949,0.1510908363386438,0.1445919994477384,0.2954517330863684,0.0005340710234976818,0.016436287352527924,13.58,-0.5999999999999996,-0.0423131170662904,14.5165,-0.3374652961159597,4.21,-0.0099999999999997,-0.1699999999999999,15.880396808467637,0.0,0,0.0,0.8806666666666667,0.1193333333333332,0,0,-0.003896546167746,-0.0058002441786803,0.0011283845510245,0.1444186879178907,0.442654696902264,0.4446467135849813,14.18,13.45,14.71,4.22,4.23,4.38
2024-12-12,-0.0082126213595384,0.1387048198457172,0.1462829641368531,0.2954505983841926,-0.01622175344624732,0.0015331289152798258,13.92,0.3399999999999998,0.0250368188512517,14.511500000000002,-0.3314155290751274,4.22,0.0099999999999997,-0.0899999999999998,15.626059232653294,0.0,0,0.0,0.8693333333333333,0.1306666666666667,0,0,0.0027589315030949,0.0085456007004769,0.006678832306985,0.1445919994477384,0.2108618139711391,0.4447215525160457,13.58,13.54,14.02,4.21,4.23,4.31
2024-12-13,-0.0065830065482634,0.0997422881711904,0.1477215272926197,0.2950618018978819,-0.03045592159621842,-0.008011484843716974,13.81,-0.1099999999999994,-0.0079022988505746,14.4865,-0.3303311963441349,4.24,0.0200000000000004,-0.1200000000000001,16.156614290792717,0.0,0,0.0,0.873,0.127,0,0,-0.0082126213595384,0.0076585760620926,0.0029441692356364,0.1462829641368531,0.1341441634281427,0.4447303893231383,13.92,12.77,14.31,4.22,4.19,4.36
2024-12-16,-0.0015004148861239,0.0689459199624313,0.1373989109091744,0.2951605535781595,-0.017501867300620522,-0.023635330781516074,14.69,0.879999999999999,0.0637219406227371,14.414,-0.6588286659646864,4.24,0.0,-0.0999999999999996,16.016284495529078,0.0,0,0.0,0.8436666666666667,0.1563333333333333,0,0,-0.0065830065482634,-0.0143516154407721,0.0142224951276557,0.1477215272926197,0.1466720374405096,0.4462573692634096,13.81,14.19,16.14,4.24,4.2,4.34
2024-12-17,-0.0050922299805269,0.0699096132495406,0.1381021071779901,0.2955399477812643,-0.01870294938614352,-0.027598510956388173,15.87,1.1799999999999995,0.0803267528931246,14.4285,-0.654110258024249,4.25,0.0099999999999997,-0.08,15.905347999533483,0.0,0,0.0,0.8043333333333333,0.1956666666666666,0,0,-0.0015004148861239,-0.003896546167746,-0.0011414074911064,0.1373989109091744,0.1444186879178907,0.4433524330737303,14.69,14.18,15.58,4.24,4.22,4.33
2024-12-18,-0.0335206462268155,0.2077684638654291,0.1795607030525956,0.3047044676190403,-0.05555342443398962,-0.05374494723588057,27.62,11.750000000000002,0.7403906742281035,14.992,-0.7643202228828213,4.3,0.0499999999999998,-0.04,16.242293710722258,0.0,0,0.0,0.4126666666666666,0.5873333333333334,1,0,-0.0050922299805269,0.0027589315030949,-0.0079173971194995,0.1381021071779901,0.1445919994477384,0.4456168436065066,15.87,13.58,16.35,4.25,4.21,4.34
2024-12-19,0.0112426946768509,0.2630567009304188,0.1840741933334894,0.3048550797488213,-0.03612692840363722,-0.03301690304731057,24.09,-3.530000000000001,-0.1278059377262853,15.3385,-0.7811086316502044,4.28,-0.0199999999999995,-0.0899999999999998,16.282830209137106,0.0,0,0.0,0.5303333333333333,0.4696666666666667,0,0,-0.0335206462268155,-0.0082126213595384,-0.0095026407022908,0.1795607030525956,0.1462829641368531,0.4475601381245805,27.62,13.92,17.16,4.3,4.22,4.37
2024-12-20,0.0199176525830639,0.3258671521770145,0.1887208480483906,0.3069396254065203,-0.009800267026696223,-0.029689502420821676,18.36,-5.73,-0.2378580323785804,15.413,-0.8375755432745282,4.27,-0.0100000000000006,-0.1200000000000001,17.292075149559743,0.0,0,0.0,0.7213333333333334,0.2786666666666666,0,0,0.0112426946768509,-0.0065830065482634,0.0165296177474212,0.1840741933334894,0.1477215272926197,0.4497036466096767,24.09,13.81,16.87,4.28,4.24,4.39
2024-12-23,0.0033248950569604,0.3280842546748824,0.1790516427513072,0.3069378419195348,-0.0049793455758785216,-0.04173608462450878,16.78,-1.5799999999999983,-0.0860566448801741,15.49,-0.8486191568049261,4.26,-0.0099999999999997,-0.1600000000000001,15.96860919338172,0.0,0,0.0,0.774,0.2259999999999999,0,0,0.0199176525830639,-0.0015004148861239,0.0154846254265441,0.1887208480483906,0.1373989109091744,0.4471335675022748,18.36,14.69,15.24,4.27,4.24,4.42
2024-12-24,0.0164435638964695,0.3459258235457031,0.1881516863982311,0.3082985955889124,0.016435726513556678,-0.03240238642038627,14.27,-2.5100000000000016,-0.1495828367103695,15.4735,-0.8516142200851052,4.24,-0.0199999999999995,-0.1299999999999999,15.131677743803552,0.0,0,0.0,0.8576666666666667,0.1423333333333333,0,0,0.0033248950569604,-0.0050922299805269,0.0070005242254798,0.1790516427513072,0.1381021071779901,0.4460073609329937,16.78,15.87,14.6,4.26,4.25,4.37
2024-12-26,0.0034253340631702,0.1178713002148263,0.1890019231813771,0.3052676650322022,0.05395054989273368,-0.027703585653798976,14.73,0.4600000000000008,0.0322354590049054,15.505,-0.8465914118803879,4.23,-0.0099999999999997,-0.1399999999999996,15.308819291366861,0.0,0,0.0,0.8423333333333334,0.1576666666666666,0,0,0.0164435638964695,-0.0335206462268155,-0.0012785018173617,0.1881516863982311,0.1795607030525956,0.4423376789754267,14.27,27.62,14.1,4.24,4.3,4.37
2024-12-27,-0.008102238817223,0.1781795038951614,0.1904828567133809,0.3060726869468534,0.03463534424835368,-0.035118429401187874,15.95,1.2199999999999989,0.082824168363883,15.5975,-0.8471649836990583,4.2,-0.0300000000000002,-0.1399999999999996,15.561261166609716,0.0,0,0.0,0.8016666666666667,0.1983333333333332,0,0,0.0034253340631702,0.0112426946768509,-0.000720137161758,0.1890019231813771,0.1840741933334894,0.4429038084824341,14.73,24.09,14.1,4.23,4.28,4.34
2024-12-30,-0.0076708774529739,0.1594964173871878,0.1915385234692163,0.305705837507116,0.007213003011052484,-0.04253870094048667,17.4,1.4499999999999993,0.0909090909090908,15.792000000000002,-0.8487688609382469,4.17,-0.0300000000000002,-0.1299999999999999,15.560143653156157,0.0,0,0.0,0.7533333333333334,0.2466666666666666,0,0,-0.008102238817223,0.0199176525830639,-0.0002801391762806,0.1904828567133809,0.1887208480483906,0.4391917037637047,15.95,18.36,13.51,4.2,4.27,4.3
2024-12-31,0.001629566912779,0.1586925895320822,0.1866673500723809,0.2982435006851924,0.005521863805264984,-0.026917430995470577,17.35,-0.0499999999999971,-0.0028735632183906,15.992499999999998,-0.88489681253255,4.16,-0.0099999999999997,-0.1399999999999996,15.398810018085312,0.0,0,0.0,0.7549999999999999,0.2450000000000001,0,0,-0.0076708774529739,0.0033248950569604,-0.0138955819582596,0.1915385234692163,0.1790516427513072,0.4448446737790832,17.4,16.78,13.34,4.17,4.26,4.3
